,uptime,temperature,humidity,weather,leakage_current
0,2020/6/9 1:53,25,85,3,0
1,2020/6/9 3:54,24,89,3,0
2,2020/6/9 20:07,28,73,1,0
3,2020/6/9 21:52,27,77,1,0
4,2020/6/8 2:08,22,78,4,0
5,2020/6/8 3:55,21,85,4,0
6,2020/6/8 22:00,26,79,4,0
7,2020/6/7 2:07,20,99,1,0
8,2020/6/7 3:59,21,94,1,0
9,2020/6/7 22:06,25,67,4,0
10,2020/6/7 23:57,24,70,3,0
11,2020/6/6 2:08,17,99,3,0
12,2020/6/6 4:15,18,99,3,0
13,2020/6/6 22:03,22,98,1,0
14,2020/6/6 23:59,20,99,1,0
15,2020/6/5 2:08,25,91,1,0
16,2020/6/5 4:11,25,96,1,0
17,2020/6/5 22:07,19,98,1,0
18,2020/6/4 2:01,24,94,3,0
19,2020/6/4 4:11,22,99,3,0
20,2020/6/4 22:01,27,82,1,0
21,2020/6/4 23:59,26,87,1,0
22,2020/6/3 2:03,24,88,1,0
23,2020/6/3 4:04,24,82,1,0
24,2020/6/3 20:02,28,66,1,0
25,2020/6/3 22:03,26,85,1,0
26,2020/6/2 1:58,24,81,3,0
27,2020/6/2 4:05,22,95,3,0
28,2020/6/2 22:11,27,83,1,0
29,2020/6/1 2:10,21,99,1,0
30,2020/6/1 3:58,20,99,1,0
31,2020/6/1 20:01,27,65,3,0
32,2020/6/1 22:07,24,87,3,0
33,2020/6/1 23:48,25,79,4,0
34,2020/5/31 2:04,20,99,4,0
35,2020/5/31 4:01,18,99,4,0
36,2020/5/31 20:09,25,79,1,0
37,2020/5/31 21:52,23,92,1,0
38,2020/5/30 2:09,18,89,1,0
39,2020/5/30 4:10,18,95,1,0
40,2020/5/30 20:00,23,83,4,0
41,2020/5/30 21:52,21,92,3,0
42,2020/5/30 23:54,20,98,4,0
43,2020/5/29 1:55,22,87,1,0
44,2020/5/29 4:06,21,95,1,0
45,2020/5/29 22:05,19,81,1,0
46,2020/5/28 2:02,21,86,4,0
47,2020/5/28 3:55,19,95,4,0
48,2020/5/28 20:00,26,69,1,0
49,2020/5/28 21:54,24,84,1,0
50,2020/5/27 2:01,20,90,3,0
51,2020/5/27 3:56,19,97,3,0
52,2020/5/27 20:06,26,65,3,0
53,2020/5/27 21:53,24,68,3,0
54,2020/5/27 23:57,22,82,3,0
55,2020/5/26 2:04,17,96,4,0
56,2020/5/26 3:52,17,99,4,0
57,2020/5/26 20:02,24,72,1,0
58,2020/5/26 22:08,22,77,1,0
59,2020/5/26 23:56,22,81,3,0
60,2020/5/25 1:52,23,62,1,0
61,2020/5/25 4:05,21,69,1,0
62,2020/5/25 20:06,19,82,1,0
63,2020/5/25 21:56,18,90,1,0
64,2020/5/24 2:00,22,87,4,0
65,2020/5/24 3:57,22,87,4,0
66,2020/5/24 21:55,25,48,1,0
67,2020/5/23 2:00,21,88,3,0
68,2020/5/23 4:06,21,93,3,0
69,2020/5/23 20:08,26,61,4,0
70,2020/5/23 22:09,24,76,4,0
71,2020/5/22 2:02,19,97,3,0
72,2020/5/22 4:00,18,99,3,0
73,2020/5/22 20:03,25,75,3,0
74,2020/5/22 22:01,22,88,3,0
75,2020/5/21 2:02,21,71,3,0
76,2020/5/21 4:06,19,80,3,0
77,2020/5/21 20:02,24,69,1,0
78,2020/5/21 21:56,24,73,1,0
79,2020/5/20 1:06,20,59,1,0
80,2020/5/20 2:59,17,85,1,0
81,2020/5/20 21:12,21,74,1,0
82,2020/5/20 21:54,20,75,1,0
83,2020/5/19 1:01,14,89,4,0
84,2020/5/19 3:04,14,85,4,0
85,2020/5/19 21:09,21,63,3,0
86,2020/5/19 23:11,19,74,1,0
87,2020/5/18 1:03,23,90,3,0
88,2020/5/18 2:58,23,64,4,0
89,2020/5/18 4:59,19,75,3,0
90,2020/5/18 21:03,15,82,4,0
91,2020/5/18 22:53,14,91,4,0
92,2020/5/17 3:05,20,99,4,0
93,2020/5/17 21:10,24,84,1,0
94,2020/5/17 22:57,23,90,3,0
95,2020/5/16 1:06,17,99,3,0
96,2020/5/16 3:06,16,99,3,0
97,2020/5/16 4:54,16,99,2,0
98,2020/5/16 20:53,23,82,3,0
99,2020/5/16 23:03,21,96,4,0
100,2020/5/15 1:00,19,99,1,0
101,2020/5/15 3:05,18,99,3,0
102,2020/5/15 21:08,19,99,1,0
103,2020/5/15 23:06,18,99,3,0
104,2020/5/14 1:02,21,93,1,0
105,2020/5/14 3:03,21,84,1,0
106,2020/5/14 21:05,19,99,0,0
107,2020/5/14 22:57,19,99,1,0
108,2020/5/13 3:00,13,99,3,0
109,2020/5/13 21:06,24,67,3,0
110,2020/5/13 23:15,21,87,1,0
111,2020/5/12 1:09,12,97,3,0
112,2020/5/12 3:11,11,92,4,0
113,2020/5/12 4:52,11,90,4,0
114,2020/5/12 20:59,18,74,1,0
115,2020/5/12 22:54,16,94,3,0
116,2020/5/11 3:12,14,99,4,0
117,2020/5/11 4:53,13,99,4,0
118,2020/5/11 21:04,15,90,1,0
119,2020/5/11 22:58,14,91,3,0
120,2020/5/10 1:00,15,93,1,0
121,2020/5/10 3:00,14,94,3,0
122,2020/5/10 21:03,17,95,4,0
123,2020/5/10 23:07,15,99,4,0
124,2020/5/9 1:09,17,92,3,0
125,2020/5/9 3:04,16,90,3,0
126,2020/5/9 21:10,15,90,1,0
127,2020/5/9 23:00,15,91,1,0
128,2020/5/8 1:03,22,88,1,0
129,2020/5/8 3:03,22,92,3,0
130,2020/5/8 21:18,18,94,1,0
131,2020/5/8 23:12,17,91,3,0
132,2020/5/7 3:04,18,88,4,0
133,2020/5/7 21:06,23,85,1,0
134,2020/5/7 23:11,23,85,1,0
135,2020/5/6 1:49,15,94,1,0
136,2020/5/6 3:05,15,91,1,0
137,2020/5/6 3:54,15,90,1,0
138,2020/5/6 21:04,20,77,3,0
139,2020/5/6 22:52,19,81,4,0
140,2020/5/5 1:05,20,90,1,0
141,2020/5/5 1:59,20,91,1,0
142,2020/5/5 3:00,19,91,1,0
143,2020/5/5 3:52,19,91,1,0
144,2020/5/5 20:00,15,99,1,0
145,2020/5/5 20:50,16,98,1,0
146,2020/5/5 22:00,15,99,1,0
147,2020/5/5 22:58,15,97,1,0
148,2020/5/4 1:09,21,99,4,0
149,2020/5/4 1:52,20,99,4,0
150,2020/5/4 2:58,20,99,4,0
151,2020/5/4 4:00,19,99,4,0
152,2020/5/4 4:52,19,99,4,0
153,2020/5/4 20:00,25,79,1,0
154,2020/5/4 20:57,23,83,1,0
155,2020/5/4 22:02,22,86,1,0
156,2020/5/4 23:01,21,88,1,0
157,2020/5/3 1:05,21,99,4,0
158,2020/5/3 1:56,21,99,4,0
159,2020/5/3 2:58,20,99,4,0
160,2020/5/3 3:58,19,99,4,0
161,2020/5/3 4:55,19,99,4,0
162,2020/5/3 20:54,24,73,4,0
163,2020/5/3 22:07,23,87,4,0
164,2020/5/3 23:00,22,95,4,0
165,2020/5/3 23:54,22,98,4,0
166,2020/5/2 1:53,18,99,4,0
167,2020/5/2 2:52,17,99,4,0
168,2020/5/2 3:59,17,99,4,0
169,2020/5/2 4:54,16,99,4,0
170,2020/5/2 20:04,26,81,4,0
171,2020/5/2 20:54,24,85,4,0
172,2020/5/2 21:57,23,94,4,0
173,2020/5/2 23:07,22,99,4,0
174,2020/5/1 1:57,23,62,1,0
175,2020/5/1 3:06,23,65,1,0
176,2020/5/1 3:58,22,67,1,0
177,2020/5/1 4:54,22,73,1,0
178,2020/5/1 20:54,21,89,1,0
179,2020/5/1 22:06,20,92,1,0
180,2020/5/1 22:57,19,95,3,0
181,2020/4/30 1:10,16,99,4,0
182,2020/4/30 1:59,16,99,4,0
183,2020/4/30 2:53,15,99,4,0
184,2020/4/30 4:07,15,99,4,0
185,2020/4/30 20:04,26,60,1,0
186,2020/4/30 20:59,25,64,1,0
187,2020/4/30 21:57,25,60,1,0
188,2020/4/30 22:54,24,62,1,0
189,2020/4/29 1:00,10,99,4,0
190,2020/4/29 1:55,10,99,4,0
191,2020/4/29 2:58,9,99,4,0
192,2020/4/29 4:10,9,99,4,0
193,2020/4/29 4:57,9,99,4,0
194,2020/4/29 20:58,21,78,1,0
195,2020/4/29 22:04,19,90,1,0
196,2020/4/29 22:46,18,91,4,0
197,2020/4/28 1:00,7,99,4,0
198,2020/4/28 1:57,6,99,4,0
199,2020/4/28 3:10,6,99,2,0
200,2020/4/28 4:09,5,99,4,0
201,2020/4/28 21:01,14,78,4,0
202,2020/4/28 21:59,13,77,4,0
203,2020/4/28 23:10,11,94,4,0
204,2020/4/27 2:01,13,76,4,0
205,2020/4/27 2:53,13,76,4,0
206,2020/4/27 4:05,12,76,4,0
207,2020/4/27 20:55,11,85,4,0
208,2020/4/27 22:00,9,96,4,0
209,2020/4/27 22:52,8,98,4,0
210,2020/4/26 2:15,14,83,4,0
211,2020/4/26 2:59,14,88,4,0
212,2020/4/26 4:03,14,83,4,0
213,2020/4/26 20:04,21,66,4,0
214,2020/4/26 20:58,19,67,4,0
215,2020/4/26 22:08,17,72,4,0
216,2020/4/26 23:05,17,74,4,0
217,2020/4/25 1:08,11,79,4,0
218,2020/4/25 2:02,12,77,4,0
219,2020/4/25 2:59,12,78,4,0
220,2020/4/25 3:58,11,81,4,0
221,2020/4/25 4:59,11,79,4,0
222,2020/4/25 20:03,19,55,1,0
223,2020/4/25 20:53,17,72,1,0
224,2020/4/25 22:07,16,68,1,0
225,2020/4/25 23:08,16,68,3,0
226,2020/4/24 1:05,7,99,4,0
227,2020/4/24 1:55,7,99,4,0
228,2020/4/24 2:54,5,99,4,0
229,2020/4/24 4:14,6,99,4,0
230,2020/4/24 20:02,14,65,4,0
231,2020/4/24 21:10,11,81,4,0
232,2020/4/24 22:03,11,84,4,0
233,2020/4/24 23:02,13,62,4,0
234,2020/4/23 2:04,11,88,3,0
235,2020/4/23 3:03,10,90,3,0
236,2020/4/23 3:57,9,80,3,0
237,2020/4/23 4:56,9,79,3,0
238,2020/4/23 20:05,12,78,1,0
239,2020/4/23 20:59,12,79,1,0
240,2020/4/23 21:57,10,93,1,0
241,2020/4/23 22:52,9,99,4,0
242,2020/4/22 1:00,11,96,3,0
243,2020/4/22 1:58,10,99,3,0
244,2020/4/22 3:07,10,99,3,0
245,2020/4/22 3:54,10,99,3,0
246,2020/4/22 21:05,14,78,1,0
247,2020/4/22 22:06,14,79,1,0
248,2020/4/22 23:03,13,82,3,0
249,2020/4/21 1:12,13,99,1,0
250,2020/4/21 2:07,13,99,1,0
251,2020/4/21 2:59,13,99,1,0
252,2020/4/21 4:10,13,99,1,0
253,2020/4/21 21:00,13,76,1,0
254,2020/4/21 22:04,12,87,1,0
255,2020/4/21 22:57,11,92,3,0
256,2020/4/20 1:01,10,99,3,0
257,2020/4/20 2:03,9,99,3,0
258,2020/4/20 3:06,10,99,3,0
259,2020/4/20 4:13,10,99,3,0
260,2020/4/20 20:04,13,99,1,0
261,2020/4/20 21:00,13,99,1,0
262,2020/4/20 22:11,14,99,1,0
263,2020/4/20 23:00,14,99,1,0
264,2020/4/19 2:04,12,99,0,0
265,2020/4/19 3:08,12,99,0,0
266,2020/4/19 4:05,12,99,0,0
267,2020/4/19 20:14,12,94,3,0
268,2020/4/19 21:12,11,99,3,0
269,2020/4/19 22:13,10,99,3,0
270,2020/4/19 23:07,10,99,3,0
271,2020/4/18 1:05,17,71,1,0
272,2020/4/18 2:12,16,67,1,0
273,2020/4/18 3:00,16,60,1,0
274,2020/4/18 4:07,16,58,1,0
275,2020/4/18 20:09,12,99,0,0
276,2020/4/18 21:01,12,99,1,0
277,2020/4/18 22:13,12,99,0,0
278,2020/4/18 22:59,12,99,1,0
279,2020/4/17 1:07,19,84,4,0
280,2020/4/17 2:09,19,84,1,0
281,2020/4/17 3:12,18,84,1,0
282,2020/4/17 4:15,18,82,1,0
283,2020/4/17 20:11,17,83,1,0
284,2020/4/17 21:05,16,86,1,0
285,2020/4/17 22:12,16,89,1,0
286,2020/4/17 23:09,16,93,1,0
287,2020/4/16 1:15,18,66,3,0
288,2020/4/16 2:02,17,69,4,0
289,2020/4/16 3:12,16,73,4,0
290,2020/4/16 4:02,15,77,4,0
291,2020/4/16 20:13,22,68,1,0
292,2020/4/16 20:58,21,72,1,0
293,2020/4/16 21:55,20,76,1,0
294,2020/4/16 22:57,19,82,4,0
295,2020/4/15 2:03,11,80,4,0
296,2020/4/15 3:07,11,81,4,0
297,2020/4/15 4:06,10,84,4,0
298,2020/4/15 20:12,19,52,3,0
299,2020/4/15 21:15,18,57,3,0
300,2020/4/15 22:13,18,60,3,0
301,2020/4/15 23:03,18,62,3,0
302,2020/4/14 1:04,9,97,3,0
303,2020/4/14 2:07,8,99,3,0
304,2020/4/14 3:14,8,98,3,0
305,2020/4/14 4:05,8,97,3,0
306,2020/4/14 20:04,15,73,3,0
307,2020/4/14 21:10,14,72,3,0
308,2020/4/14 22:06,14,72,3,0
309,2020/4/14 22:55,14,72,4,0
310,2020/4/13 2:15,6,86,4,0
311,2020/4/13 3:07,4,94,4,0
312,2020/4/13 4:10,5,91,4,0
313,2020/4/13 4:58,4,93,4,0
314,2020/4/13 20:06,13,59,1,0
315,2020/4/13 21:13,11,75,1,0
316,2020/4/13 22:04,10,87,1,0
317,2020/4/13 23:03,10,89,3,0
318,2020/4/12 2:07,6,96,4,0
319,2020/4/12 3:04,6,97,4,0
320,2020/4/12 3:54,6,95,4,0
321,2020/4/12 20:14,15,41,4,0
322,2020/4/12 21:09,14,49,4,0
323,2020/4/12 22:10,12,54,4,0
324,2020/4/12 23:06,12,53,4,0
325,2020/4/11 1:00,10,95,0,0
326,2020/4/11 2:08,9,98,1,0
327,2020/4/11 3:06,9,99,0,0
328,2020/4/11 4:10,8,99,1,0
329,2020/4/11 20:54,6,93,1,0
330,2020/4/11 21:57,6,94,1,0
331,2020/4/11 22:55,6,97,4,0
332,2020/4/10 1:06,14,82,4,0
333,2020/4/10 2:08,13,85,4,0
334,2020/4/10 3:01,12,86,4,0
335,2020/4/10 3:56,11,89,4,0
336,2020/4/10 4:53,10,91,4,0
337,2020/4/10 20:01,15,74,1,0
338,2020/4/10 21:03,15,73,1,0
339,2020/4/10 22:05,13,80,1,0
340,2020/4/10 23:09,11,85,1,0
341,2020/4/9 2:05,9,99,4,0
342,2020/4/9 3:08,8,99,4,0
343,2020/4/9 3:58,8,99,4,0
344,2020/4/9 20:03,17,58,4,0
345,2020/4/9 21:09,15,67,4,0
346,2020/4/9 22:09,16,74,4,0
347,2020/4/9 23:05,16,73,4,0
348,2020/4/8 1:03,7,96,4,0
349,2020/4/8 2:10,6,98,4,0
350,2020/4/8 3:08,6,99,4,0
351,2020/4/8 3:55,5,99,4,0
352,2020/4/8 20:02,15,66,3,0
353,2020/4/8 21:05,11,86,3,0
354,2020/4/8 22:03,10,90,3,0
355,2020/4/8 22:59,10,85,3,0
356,2020/4/7 1:03,10,76,4,0
357,2020/4/7 2:09,8,89,3,0
358,2020/4/7 3:02,7,95,3,0
359,2020/4/7 4:03,6,99,3,0
360,2020/4/7 21:04,11,65,3,0
361,2020/4/7 22:01,9,88,3,0
362,2020/4/7 23:01,7,98,4,0
363,2020/4/6 1:08,11,74,3,0
364,2020/4/6 1:54,10,76,3,0
365,2020/4/6 2:58,10,85,3,0
366,2020/4/6 3:59,10,82,3,0
367,2020/4/6 20:12,16,42,4,0
368,2020/4/6 20:59,15,46,4,0
369,2020/4/6 22:01,15,55,4,0
370,2020/4/6 23:15,13,58,4,0
371,2020/4/5 1:09,10,80,4,0
372,2020/4/5 1:54,10,78,4,0
373,2020/4/5 3:08,9,72,4,0
374,2020/4/5 3:59,8,75,4,0
375,2020/4/5 4:54,8,76,4,0
376,2020/4/5 20:04,14,52,4,0
377,2020/4/5 21:02,13,55,4,0
378,2020/4/5 21:59,13,60,4,0
379,2020/4/5 23:05,12,64,3,0
380,2020/4/4 1:05,9,96,4,0
381,2020/4/4 2:08,9,97,4,0
382,2020/4/4 3:09,9,99,4,0
383,2020/4/4 3:58,9,99,4,0
384,2020/4/4 20:29,12,69,4,0
385,2020/4/4 21:59,13,75,4,0
386,2020/4/4 23:00,13,77,4,0
387,2020/4/3 1:05,10,84,4,0
388,2020/4/3 2:15,10,91,3,0
389,2020/4/3 3:04,10,85,3,0
390,2020/4/3 4:02,10,86,3,0
391,2020/4/3 21:08,11,94,4,0
392,2020/4/3 21:48,11,81,4,0
393,2020/4/3 23:03,11,80,4,0
394,2020/4/2 1:02,11,94,3,0
395,2020/4/2 1:56,11,94,3,0
396,2020/4/2 3:15,10,89,3,0
397,2020/4/2 4:04,9,87,3,0
398,2020/4/2 21:04,14,64,3,0
399,2020/4/2 21:54,13,70,3,0
400,2020/4/2 23:09,12,75,4,0
401,2020/4/1 1:01,9,99,1,1
402,2020/4/1 2:12,9,99,1,0
403,2020/4/1 2:59,9,99,1,2
404,2020/4/1 3:57,10,99,1,3
405,2020/4/1 20:08,11,90,1,0
406,2020/4/1 21:10,11,93,1,0
407,2020/4/1 22:15,11,91,1,0
408,2020/4/1 23:06,11,93,3,0
409,2020/3/31 2:14,9,92,1,0
410,2020/3/31 2:52,9,92,1,0
411,2020/3/31 4:13,8,97,1,0
412,2020/3/31 4:52,8,99,0,0
413,2020/3/31 20:03,9,99,0,0
414,2020/3/31 21:05,10,99,1,1
415,2020/3/31 22:14,10,99,0,0
416,2020/3/31 23:08,10,99,1,0
417,2020/3/30 1:09,5,96,1,0
418,2020/3/30 2:09,5,99,1,0
419,2020/3/30 2:59,5,99,1,0
420,2020/3/30 3:59,5,99,1,0
421,2020/3/30 4:53,5,98,1,0
422,2020/3/30 20:56,10,85,1,0
423,2020/3/30 22:09,9,91,1,0
424,2020/3/30 23:15,9,91,1,0
425,2020/3/29 1:03,7,86,1,0
426,2020/3/29 2:05,7,87,1,0
427,2020/3/29 3:02,6,90,1,0
428,2020/3/29 3:56,5,97,0,0
429,2020/3/29 4:59,5,98,0,0
430,2020/3/29 20:00,5,95,0,3
431,2020/3/29 21:02,5,94,1,3
432,2020/3/29 21:52,5,94,1,0
433,2020/3/29 23:04,5,95,1,0
434,2020/3/28 2:03,4,96,0,0
435,2020/3/28 2:53,3,97,0,0
436,2020/3/28 4:04,2,98,0,1
437,2020/3/28 20:04,8,62,1,0
438,2020/3/28 20:56,7,68,1,0
439,2020/3/28 22:00,8,70,1,0
440,2020/3/28 23:04,7,83,1,0
441,2020/3/27 2:54,8,97,1,4
442,2020/3/27 4:00,8,98,1,1
443,2020/3/27 4:56,7,98,1,3
444,2020/3/27 20:04,7,91,0,3
445,2020/3/27 20:58,7,91,0,1
446,2020/3/27 22:07,7,91,0,1
447,2020/3/27 23:01,7,95,0,1
448,2020/3/26 1:04,17,99,1,4
449,2020/3/26 2:04,17,99,1,4
450,2020/3/26 3:07,17,99,1,3
451,2020/3/26 4:10,17,99,0,3
452,2020/3/26 20:06,16,99,0,2
453,2020/3/26 20:57,15,99,0,1
454,2020/3/26 21:57,14,99,0,1
455,2020/3/26 23:12,12,99,0,0
456,2020/3/25 1:52,15,77,3,2
457,2020/3/25 3:02,15,78,3,2
458,2020/3/25 4:04,15,78,3,4
459,2020/3/25 20:03,18,99,1,4
460,2020/3/25 20:55,17,99,1,3
461,2020/3/25 21:53,17,99,1,4
462,2020/3/25 23:07,17,99,0,3
463,2020/3/24 1:06,11,67,3,1
464,2020/3/24 1:59,11,69,3,4
465,2020/3/24 3:04,9,84,3,4
466,2020/3/24 3:55,8,88,3,4
467,2020/3/24 20:12,18,63,3,1
468,2020/3/24 20:58,18,63,3,3
469,2020/3/24 22:03,17,65,3,4
470,2020/3/24 22:59,17,63,3,2
471,2020/3/23 1:01,13,63,3,4
472,2020/3/23 1:53,13,64,3,2
473,2020/3/23 3:15,12,66,3,2
474,2020/3/23 3:55,12,64,3,1
475,2020/3/23 4:54,12,65,3,4
476,2020/3/23 21:02,15,50,3,4
477,2020/3/23 22:10,14,51,3,4
478,2020/3/23 23:05,14,54,3,1
479,2020/3/22 1:04,17,99,2,1
480,2020/3/22 1:40,17,99,1,2
481,2020/3/22 2:33,17,99,2,4
482,2020/3/22 3:35,17,99,2,3
483,2020/3/22 4:45,17,99,2,4
484,2020/3/22 21:07,15,60,3,1
485,2020/3/22 22:01,14,60,3,4
486,2020/3/22 22:56,13,63,3,1
487,2020/3/21 1:06,15,68,3,4
488,2020/3/21 2:05,12,86,3,1
489,2020/3/21 3:00,11,93,3,2
490,2020/3/21 4:07,9,95,3,1
491,2020/3/21 20:13,18,99,0,1
492,2020/3/21 21:03,18,99,0,0
493,2020/3/21 22:04,18,99,0,4
494,2020/3/21 23:01,18,99,0,1
495,2020/3/20 1:05,7,80,4,3
496,2020/3/20 2:11,7,84,4,1
497,2020/3/20 3:05,6,88,4,4
498,2020/3/20 4:13,6,95,4,4
499,2020/3/20 4:58,7,88,4,1
500,2020/3/20 20:01,20,53,4,3
501,2020/3/20 21:11,18,59,4,3
502,2020/3/20 22:02,17,65,4,3
503,2020/3/20 23:02,17,60,3,4
504,2020/3/19 2:02,13,65,3,2
505,2020/3/19 3:01,12,69,3,4
506,2020/3/19 3:57,11,75,3,2
507,2020/3/19 20:09,11,50,4,4
508,2020/3/19 21:14,10,59,4,2
509,2020/3/19 22:09,9,69,4,2
510,2020/3/19 22:55,8,70,4,1
511,2020/3/18 1:00,10,91,4,4
512,2020/3/18 2:09,10,74,4,4
513,2020/3/18 3:05,10,74,4,4
514,2020/3/18 4:20,9,85,4,4
515,2020/3/18 20:13,18,55,4,0
516,2020/3/18 21:01,16,60,4,2
517,2020/3/18 22:11,15,65,4,1
518,2020/3/18 23:08,13,73,3,3
519,2020/3/17 1:56,11,71,1,0
520,2020/3/17 4:12,8,90,1,2
521,2020/3/17 20:09,15,57,4,4
522,2020/3/17 20:58,14,57,4,0
523,2020/3/17 22:10,12,69,4,1
524,2020/3/16 1:01,8,84,3,3
525,2020/3/16 2:09,8,93,3,0
526,2020/3/16 3:07,8,87,3,3
527,2020/3/16 4:04,9,85,3,2
528,2020/3/16 4:59,11,60,3,3
529,2020/3/16 20:02,14,58,1,2
530,2020/3/16 20:55,14,59,1,3
531,2020/3/16 21:54,12,67,1,1
532,2020/3/16 22:52,14,58,1,1
533,2020/3/15 1:05,4,96,3,2
534,2020/3/15 1:56,3,95,3,0
535,2020/3/15 3:05,3,98,3,0
536,2020/3/15 4:05,3,95,3,0
537,2020/3/15 20:00,13,51,1,4
538,2020/3/15 20:56,11,62,1,0
539,2020/3/15 22:03,9,76,1,4
540,2020/3/15 23:07,9,76,3,0
541,2020/3/14 1:57,2,99,3,0
542,2020/3/14 3:01,1,99,3,1
543,2020/3/14 3:55,1,99,3,1
544,2020/3/14 20:02,10,59,4,3
545,2020/3/14 20:57,7,83,4,2
546,2020/3/14 21:54,10,52,4,2
547,2020/3/14 22:59,7,67,3,1
548,2020/3/13 1:05,8,99,3,3
549,2020/3/13 1:55,8,99,3,0
550,2020/3/13 3:12,7,99,3,1
551,2020/3/13 20:00,6,87,3,1
552,2020/3/13 20:52,6,89,3,2
553,2020/3/13 21:57,5,91,3,3
554,2020/3/13 23:06,4,94,3,1
555,2020/3/12 1:08,11,60,1,1
556,2020/3/12 2:15,10,63,1,3
557,2020/3/12 3:07,9,69,1,2
558,2020/3/12 3:59,8,76,1,2
559,2020/3/12 20:02,12,84,4,0
560,2020/3/12 21:04,12,89,4,2
561,2020/3/12 22:06,10,95,4,3
562,2020/3/12 23:12,9,98,3,0
563,2020/3/11 1:14,4,99,3,2
564,2020/3/11 1:59,3,99,3,4
565,2020/3/11 2:58,3,99,2,2
566,2020/3/11 4:05,2,99,3,1
567,2020/3/11 4:58,2,99,3,0
568,2020/3/11 20:05,13,59,1,1
569,2020/3/11 20:53,12,60,1,1
570,2020/3/11 21:58,12,63,1,0
571,2020/3/11 23:09,12,60,1,4
572,2020/3/10 1:52,8,99,3,1
573,2020/3/10 3:07,8,98,3,1
574,2020/3/10 4:02,8,98,3,2
575,2020/3/10 4:57,8,98,3,2
576,2020/3/10 20:06,7,94,3,0
577,2020/3/10 21:09,6,98,3,3
578,2020/3/10 22:06,5,97,3,1
579,2020/3/10 23:01,5,99,3,0
580,2020/3/9 1:08,11,97,1,0
581,2020/3/9 2:54,10,98,0,4
582,2020/3/9 4:10,10,99,1,4
583,2020/3/9 4:52,10,99,1,1
584,2020/3/9 20:08,9,98,0,1
585,2020/3/9 21:02,9,99,0,2
586,2020/3/9 22:10,9,99,1,3
587,2020/3/9 22:55,9,99,1,3
588,2020/3/8 1:57,8,99,3,2
589,2020/3/8 3:04,7,98,3,4
590,2020/3/8 3:54,7,95,3,4
591,2020/3/8 22:03,13,71,1,3
592,2020/3/8 22:53,13,78,0,4
593,2020/3/7 1:00,4,99,3,4
594,2020/3/7 2:11,3,99,2,2
595,2020/3/7 3:02,3,99,2,2
596,2020/3/7 4:54,3,99,3,1
597,2020/3/7 20:05,12,80,4,3
598,2020/3/7 20:57,10,93,4,0
599,2020/3/7 21:59,9,96,4,2
600,2020/3/7 23:04,8,98,3,1
601,2020/3/6 1:13,6,69,3,1
602,2020/3/6 2:07,5,71,3,2
603,2020/3/6 3:05,5,72,3,3
604,2020/3/6 4:05,6,74,3,3
605,2020/3/6 4:52,6,77,3,2
606,2020/3/6 20:56,8,95,3,2
607,2020/3/6 23:10,6,99,3,0
608,2020/3/5 1:11,5,71,3,2
609,2020/3/5 3:06,4,71,3,0
610,2020/3/5 4:02,4,73,3,2
611,2020/3/5 20:08,9,53,4,0
612,2020/3/5 20:54,8,56,4,3
613,2020/3/5 21:53,8,59,4,1
614,2020/3/5 23:00,7,62,3,1
615,2020/3/4 1:04,7,86,3,1
616,2020/3/4 1:58,7,89,3,1
617,2020/3/4 3:01,6,89,3,2
618,2020/3/4 4:15,6,89,3,0
619,2020/3/4 20:04,8,74,3,0
620,2020/3/4 21:12,8,70,3,0
621,2020/3/4 21:58,7,74,3,2
622,2020/3/4 23:02,6,77,3,0
623,2020/3/3 2:13,6,84,3,0
624,2020/3/3 3:08,6,84,3,1
625,2020/3/3 4:01,5,87,3,2
626,2020/3/3 20:07,8,74,1,1
627,2020/3/3 20:58,8,78,1,0
628,2020/3/3 21:53,8,79,1,3
629,2020/3/3 23:01,7,82,3,1
630,2020/3/2 2:05,3,99,3,4
631,2020/3/2 3:12,4,99,2,1
632,2020/3/2 4:01,4,99,3,4
633,2020/3/2 21:02,7,68,1,1
634,2020/3/2 23:09,7,76,3,1
635,2020/3/1 1:09,8,99,1,1
636,2020/3/1 2:08,8,99,1,1
637,2020/3/1 3:10,8,99,1,1
638,2020/3/1 3:56,8,99,1,0
639,2020/3/1 4:58,8,99,1,1
640,2020/3/1 21:01,7,91,1,2
641,2020/3/1 21:57,7,89,1,4
642,2020/3/1 22:53,7,91,3,0
643,2020/2/29 1:12,5,99,0,1
644,2020/2/29 2:05,5,99,0,0
645,2020/2/29 3:05,5,99,0,2
646,2020/2/29 3:57,5,99,1,4
647,2020/2/29 20:03,8,93,1,1
648,2020/2/29 20:53,8,94,1,3
649,2020/2/29 22:09,8,97,1,2
650,2020/2/29 23:05,8,98,1,1
651,2020/2/28 1:11,7,98,1,4
652,2020/2/28 2:05,8,98,1,1
653,2020/2/28 3:13,7,99,1,1
654,2020/2/28 4:14,7,99,0,3
655,2020/2/28 20:09,5,99,0,3
656,2020/2/28 20:53,5,99,1,1
657,2020/2/28 22:09,5,99,0,4
658,2020/2/28 23:08,5,99,0,0
659,2020/2/27 2:02,8,77,3,1
660,2020/2/27 2:57,7,84,3,1
661,2020/2/27 4:00,6,85,3,2
662,2020/2/27 20:02,8,89,1,3
663,2020/2/27 21:03,8,92,1,3
664,2020/2/27 22:13,8,94,1,0
665,2020/2/27 23:02,8,96,0,4
666,2020/2/26 1:04,10,98,1,1
667,2020/2/26 1:59,10,98,1,1
668,2020/2/26 3:06,10,98,1,0
669,2020/2/26 4:09,10,94,1,1
670,2020/2/26 4:58,9,90,1,0
671,2020/2/26 21:13,10,75,3,2
672,2020/2/26 22:08,9,76,3,1
673,2020/2/26 23:03,9,75,3,2
674,2020/2/25 1:08,17,84,3,1
675,2020/2/25 1:54,16,90,1,0
676,2020/2/25 3:07,16,93,1,1
677,2020/2/25 4:00,15,96,1,2
678,2020/2/25 21:10,10,95,3,1
679,2020/2/25 22:06,10,95,3,3
680,2020/2/25 23:08,10,96,1,2
681,2020/2/24 20:21,20,66,4,3
682,2020/2/24 21:18,19,68,4,1
683,2020/2/24 22:15,18,70,4,4
684,2020/2/24 22:52,18,71,3,0
685,2020/2/23 1:06,5,74,4,3
686,2020/2/23 1:58,4,80,4,4
687,2020/2/23 3:03,5,78,4,1
688,2020/2/23 4:11,6,66,4,0
689,2020/2/22 1:10,4,96,3,4
690,2020/2/22 2:02,3,95,3,2
691,2020/2/22 3:12,2,98,3,1
692,2020/2/22 4:07,2,99,3,4
693,2020/2/22 20:03,8,54,4,1
694,2020/2/22 21:02,6,79,4,1
695,2020/2/22 22:00,5,68,4,1
696,2020/2/22 23:15,4,76,4,0
697,2020/2/21 1:03,9,60,3,3
698,2020/2/21 2:57,4,87,3,0
699,2020/2/21 3:55,3,91,3,1
700,2020/2/21 4:59,3,95,3,3
701,2020/2/21 21:10,9,73,4,2
702,2020/2/21 22:00,9,71,4,1
703,2020/2/21 23:00,7,77,3,1
704,2020/2/20 1:09,1,97,4,2
705,2020/2/20 1:52,1,98,4,1
706,2020/2/20 2:53,0,99,4,0
707,2020/2/20 4:03,0,99,4,3
708,2020/2/20 20:07,10,54,1,2
709,2020/2/20 20:53,8,66,1,0
710,2020/2/20 21:59,10,58,1,1
711,2020/2/20 23:08,8,68,3,1
712,2020/2/19 1:00,4,67,3,4
713,2020/2/19 2:06,4,64,3,2
714,2020/2/19 3:09,4,67,3,1
715,2020/2/19 3:54,5,67,3,2
716,2020/2/19 4:49,5,64,3,3
717,2020/2/19 20:01,8,63,3,2
718,2020/2/19 21:03,5,79,3,2
719,2020/2/19 21:58,3,86,3,1
720,2020/2/19 23:00,3,89,4,1
721,2020/2/18 1:07,-1,95,3,0
722,2020/2/18 2:52,0,89,3,2
723,2020/2/18 3:53,-2,94,3,1
724,2020/2/18 4:55,-2,96,3,1
725,2020/2/18 20:13,6,51,1,2
726,2020/2/18 20:59,4,67,1,3
727,2020/2/18 22:04,3,65,1,3
728,2020/2/18 23:04,2,74,3,1
729,2020/2/17 1:02,-1,89,4,1
730,2020/2/17 1:53,-2,91,4,3
731,2020/2/17 4:04,-2,88,4,2
732,2020/2/17 4:54,-2,89,4,4
733,2020/2/17 20:02,1,73,4,3
734,2020/2/17 21:15,0,77,4,2
735,2020/2/17 21:57,0,93,4,1
736,2020/2/17 23:02,-1,95,3,3
737,2020/2/16 2:08,-1,99,3,1
738,2020/2/16 2:54,-2,99,3,1
739,2020/2/16 3:54,-2,99,3,3
740,2020/2/16 4:52,-3,99,3,0
741,2020/2/16 21:00,0,77,4,0
742,2020/2/16 22:07,0,82,4,1
743,2020/2/16 22:56,-1,92,4,1
744,2020/2/15 1:04,7,98,1,1
745,2020/2/15 1:54,6,98,1,0
746,2020/2/15 2:59,4,98,1,3
747,2020/2/15 3:59,4,94,0,1
748,2020/2/15 4:58,4,95,1,0
749,2020/2/15 21:10,-2,97,1,0
750,2020/2/15 22:00,-2,96,1,2
751,2020/2/15 22:58,-2,98,1,1
752,2020/2/14 1:55,11,99,3,1
753,2020/2/14 3:07,10,99,3,0
754,2020/2/14 3:55,10,99,3,1
755,2020/2/14 4:59,10,99,3,1
756,2020/2/14 21:09,14,96,1,4
757,2020/2/14 22:57,10,99,1,1
758,2020/2/13 1:11,9,95,4,1
759,2020/2/13 2:00,9,97,4,3
760,2020/2/13 2:56,8,99,4,1
761,2020/2/13 4:03,7,99,4,1
762,2020/2/13 4:52,6,99,4,1
763,2020/2/13 21:10,12,93,3,4
764,2020/2/13 21:56,12,94,3,2
765,2020/2/13 23:05,12,95,3,2
766,2020/2/12 1:00,4,99,3,0
767,2020/2/12 2:10,3,99,3,0
768,2020/2/12 3:01,3,99,3,2
769,2020/2/12 4:10,3,99,2,1
770,2020/2/12 20:08,10,92,4,0
771,2020/2/12 21:02,10,94,4,2
772,2020/2/12 22:14,10,93,4,1
773,2020/2/12 23:03,10,92,4,2
774,2020/2/11 2:01,9,87,1,2
775,2020/2/11 2:56,9,87,1,1
776,2020/2/11 4:02,8,89,1,1
777,2020/2/11 4:52,8,90,1,0
778,2020/2/11 21:04,7,95,3,2
779,2020/2/11 21:55,6,97,3,1
780,2020/2/11 23:07,5,99,3,2
781,2020/2/10 1:04,1,98,3,4
782,2020/2/10 1:52,1,98,3,3
783,2020/2/10 3:04,1,99,3,2
784,2020/2/10 3:55,1,99,3,1
785,2020/2/10 4:56,1,99,3,0
786,2020/2/10 20:06,10,66,1,1
787,2020/2/10 21:07,10,64,1,0
788,2020/2/10 22:02,9,65,1,0
789,2020/2/10 23:06,9,76,1,0
790,2020/2/9 1:06,0,99,3,3
791,2020/2/9 2:01,0,99,3,3
792,2020/2/9 2:54,0,99,2,2
793,2020/2/9 4:06,-1,99,3,2
794,2020/2/9 4:53,-1,99,4,1
795,2020/2/9 20:57,5,81,4,1
796,2020/2/9 21:55,3,90,4,2
797,2020/2/9 23:04,3,92,3,4
798,2020/2/8 1:11,4,99,1,2
799,2020/2/8 2:15,4,99,1,1
800,2020/2/8 3:06,4,99,1,3
801,2020/2/8 4:04,4,99,1,4
802,2020/2/8 20:11,3,93,3,4
803,2020/2/8 20:56,3,95,3,2
804,2020/2/8 22:09,1,99,3,1
805,2020/2/8 23:09,1,99,3,3
806,2020/2/7 2:14,3,99,1,2
807,2020/2/7 3:00,3,99,1,0
808,2020/2/7 4:05,3,99,1,3
809,2020/2/7 4:57,3,99,1,4
810,2020/2/7 20:11,4,98,1,2
811,2020/2/7 21:10,4,99,1,0
812,2020/2/7 22:00,4,99,1,1
813,2020/2/7 23:08,4,99,1,2
814,2020/2/6 1:59,4,84,3,4
815,2020/2/6 3:02,4,84,3,0
816,2020/2/6 4:04,4,84,3,1
817,2020/2/6 20:05,3,97,0,0
818,2020/2/6 20:57,3,95,0,1
819,2020/2/6 22:15,3,96,0,3
820,2020/2/6 23:13,3,97,0,1
821,2020/2/5 2:02,1,96,4,0
822,2020/2/5 3:14,0,97,4,4
823,2020/2/5 4:00,0,98,4,0
824,2020/2/5 20:11,6,75,3,1
825,2020/2/5 21:03,5,79,3,3
826,2020/2/5 22:02,5,83,3,4
827,2020/2/5 22:56,4,84,3,2
828,2020/2/4 1:06,2,98,4,0
829,2020/2/4 2:10,1,98,4,1
830,2020/2/4 2:54,0,98,4,2
831,2020/2/4 4:00,0,99,4,1
832,2020/2/4 4:58,0,99,4,1
833,2020/2/4 20:06,5,77,4,4
834,2020/2/4 22:01,3,82,4,4
835,2020/2/4 23:07,2,90,4,1
836,2020/2/3 1:08,3,92,3,2
837,2020/2/3 2:03,4,82,3,4
838,2020/2/3 3:07,5,74,3,2
839,2020/2/3 4:09,3,87,3,3
840,2020/2/3 20:05,7,78,1,0
841,2020/2/3 21:09,6,83,1,1
842,2020/2/3 22:09,5,87,1,3
843,2020/2/3 23:01,4,92,4,2
844,2020/2/2 2:08,5,65,3,1
845,2020/2/2 2:59,5,63,3,4
846,2020/2/2 4:01,5,64,3,1
847,2020/2/2 21:09,6,68,3,1
848,2020/2/2 21:52,5,75,3,2
849,2020/2/2 23:02,4,84,3,2
850,2020/2/1 1:01,-1,96,4,1
851,2020/2/1 2:06,-1,97,4,3
852,2020/2/1 3:03,-2,96,4,3
853,2020/2/1 4:02,-2,97,4,3
854,2020/2/1 4:56,-2,97,4,0
855,2020/2/1 21:57,6,55,3,2
856,2020/2/1 22:56,6,61,3,1
857,2020/1/31 2:11,-2,99,4,1
858,2020/1/31 3:13,-2,99,4,4
859,2020/1/31 4:05,-3,99,4,0
860,2020/1/31 20:07,4,62,4,1
861,2020/1/31 21:02,2,72,4,1
862,2020/1/31 22:04,0,79,4,3
863,2020/1/31 22:54,0,83,4,1
864,2020/1/30 1:04,0,98,4,3
865,2020/1/30 1:58,1,98,4,1
866,2020/1/30 3:05,0,97,4,1
867,2020/1/30 4:08,0,99,4,0
868,2020/1/30 20:03,1,91,4,2
869,2020/1/30 21:15,0,96,4,1
870,2020/1/30 22:11,0,99,4,3
871,2020/1/30 23:05,0,99,4,0
872,2020/1/29 2:02,0,92,3,2
873,2020/1/29 3:12,0,96,3,3
874,2020/1/29 4:06,0,97,3,4
875,2020/1/29 20:12,3,89,4,1
876,2020/1/29 20:47,3,91,4,2
877,2020/1/29 23:06,1,93,4,3
878,2020/1/28 1:04,1,99,3,1
879,2020/1/28 1:56,1,99,3,1
880,2020/1/28 3:08,1,99,3,3
881,2020/1/28 3:57,0,99,3,0
882,2020/1/28 20:09,1,91,1,1
883,2020/1/28 21:06,1,92,1,3
884,2020/1/28 22:05,1,88,1,4
885,2020/1/28 23:12,2,85,3,0
886,2020/1/27 1:05,0,99,5,2
887,2020/1/27 2:11,0,99,5,0
888,2020/1/27 3:05,0,99,1,4
889,2020/1/27 4:09,0,99,5,1
890,2020/1/27 4:58,0,99,0,1
891,2020/1/27 21:12,1,99,1,0
892,2020/1/27 22:03,1,99,1,2
893,2020/1/27 23:13,1,99,3,4
894,2020/1/26 1:07,3,95,1,1
895,2020/1/26 1:53,3,97,6,0
896,2020/1/26 2:52,3,97,1,0
897,2020/1/26 4:50,2,98,1,2
898,2020/1/26 21:14,0,99,6,0
899,2020/1/26 22:13,0,99,6,3
900,2020/1/26 23:06,0,99,1,3
901,2020/1/25 3:02,4,92,0,2
902,2020/1/25 3:54,4,94,0,1
903,2020/1/25 4:57,3,97,1,2
904,2020/1/25 20:04,4,87,1,2
905,2020/1/25 21:08,4,89,1,1
906,2020/1/25 21:52,3,92,0,1
907,2020/1/25 22:53,3,90,1,1
908,2020/1/24 2:03,6,89,1,0
909,2020/1/24 2:57,6,94,1,4
910,2020/1/24 4:09,5,97,0,2
911,2020/1/24 20:57,6,87,1,1
912,2020/1/24 21:53,6,87,1,0
913,2020/1/24 22:57,5,90,1,1
914,2020/1/23 1:08,5,99,1,0
915,2020/1/23 2:08,5,99,1,1
916,2020/1/23 2:53,5,99,2,3
917,2020/1/23 3:58,6,99,2,3
918,2020/1/23 20:09,7,78,1,0
919,2020/1/23 21:03,7,80,1,1
920,2020/1/23 21:56,7,83,1,0
921,2020/1/23 22:56,7,86,1,0
922,2020/1/22 1:04,5,99,1,2
923,2020/1/22 1:59,5,99,3,0
924,2020/1/22 3:07,4,98,3,3
925,2020/1/22 4:02,4,98,3,1
926,2020/1/22 20:09,5,99,1,4
927,2020/1/22 21:10,5,99,1,0
928,2020/1/22 22:11,5,99,1,3
929,2020/1/22 22:59,5,99,1,3
930,2020/1/21 1:06,0,97,3,1
931,2020/1/21 1:58,1,85,3,1
932,2020/1/21 2:52,0,90,3,2
933,2020/1/21 3:55,0,95,3,3
934,2020/1/21 4:52,0,94,3,1
935,2020/1/21 21:09,5,98,1,1
936,2020/1/21 22:02,5,98,1,2
937,2020/1/21 22:54,5,99,1,4
938,2020/1/20 1:55,0,93,4,2
939,2020/1/20 3:56,-1,97,4,1
940,2020/1/20 4:58,-1,98,4,1
941,2020/1/20 20:04,4,73,4,0
942,2020/1/20 21:09,2,82,4,2
943,2020/1/20 22:08,1,88,4,4
944,2020/1/20 22:55,0,95,3,4
945,2020/1/19 1:58,1,94,3,0
946,2020/1/19 2:52,0,95,3,2
947,2020/1/19 4:08,0,96,3,1
948,2020/1/19 4:58,0,97,3,1
949,2020/1/19 20:57,2,80,4,2
950,2020/1/19 22:05,0,92,4,4
951,2020/1/19 22:54,0,92,4,1
952,2020/1/18 1:54,1,99,3,2
953,2020/1/18 2:55,1,99,3,1
954,2020/1/18 3:54,1,99,3,0
955,2020/1/18 20:08,2,76,3,0
956,2020/1/18 21:09,2,86,3,1
957,2020/1/18 22:10,2,86,3,4
958,2020/1/18 23:09,2,90,3,0
959,2020/1/17 1:00,1,99,1,3
960,2020/1/17 2:00,1,99,1,2
961,2020/1/17 3:00,1,99,1,4
962,2020/1/17 4:00,1,99,1,1
963,2020/1/17 21:05,1,96,3,1
964,2020/1/17 22:02,0,98,3,2
965,2020/1/17 23:02,1,99,3,2
966,2020/1/16 1:00,0,99,1,0
967,2020/1/16 2:00,0,99,5,2
968,2020/1/16 3:00,0,99,5,2
969,2020/1/16 4:00,0,99,1,0
970,2020/1/16 21:00,2,99,1,0
971,2020/1/16 21:55,1,99,1,1
972,2020/1/16 23:00,2,99,1,1
973,2020/1/15 2:01,-1,89,3,0
974,2020/1/15 2:56,-1,90,3,2
975,2020/1/15 3:59,-1,90,3,1
976,2020/1/15 20:10,0,99,1,0
977,2020/1/15 21:03,0,99,1,0
978,2020/1/15 22:00,0,99,1,1
979,2020/1/15 23:00,0,99,1,1
980,2020/1/14 1:59,3,91,3,0
981,2020/1/14 3:03,3,86,3,2
982,2020/1/14 4:04,2,88,3,2
983,2020/1/14 20:56,0,80,3,0
984,2020/1/14 21:46,0,81,3,4
985,2020/1/14 22:43,0,83,3,2
986,2020/1/13 2:08,-1,99,3,3
987,2020/1/13 2:52,-1,99,3,1
988,2020/1/13 3:49,-2,99,2,4
989,2020/1/13 20:06,3,86,1,1
990,2020/1/13 20:41,3,86,1,2
991,2020/1/13 22:00,3,89,1,1
992,2020/1/13 22:58,4,86,3,1
993,2020/1/12 1:10,0,99,2,4
994,2020/1/12 2:00,-1,99,2,0
995,2020/1/12 3:00,-1,99,2,0
996,2020/1/12 4:00,-2,99,2,1
997,2020/1/12 20:00,0,98,1,1
998,2020/1/12 21:05,0,99,1,1
999,2020/1/12 22:00,0,99,2,1
1000,2020/1/12 23:00,-1,99,3,0
1001,2020/1/11 2:02,2,99,1,1
1002,2020/1/11 2:58,2,99,1,0
1003,2020/1/11 4:07,2,99,1,3
1004,2020/1/11 4:48,2,99,0,3
1005,2020/1/11 20:05,2,99,3,0
1006,2020/1/11 20:42,2,99,3,4
1007,2020/1/11 22:04,2,99,3,0
1008,2020/1/11 22:50,1,99,3,2
1009,2020/1/10 1:55,1,99,1,0
1010,2020/1/10 2:59,1,99,1,0
1011,2020/1/10 3:44,1,99,6,0
1012,2020/1/10 20:02,3,99,0,3
1013,2020/1/10 20:34,3,99,0,3
1014,2020/1/10 22:02,2,99,1,0
1015,2020/1/10 22:56,3,99,0,2
1016,2020/1/9 1:09,0,99,6,1
1017,2020/1/9 1:57,0,99,6,2
1018,2020/1/9 3:07,0,99,6,2
1019,2020/1/9 4:05,0,99,6,1
1020,2020/1/9 20:02,1,98,1,0
1021,2020/1/9 20:49,1,99,1,4
1022,2020/1/9 22:04,1,99,1,2
1023,2020/1/9 22:39,1,99,1,3
1024,2020/1/8 1:10,2,89,1,3
1025,2020/1/8 1:56,2,90,1,1
1026,2020/1/8 2:54,2,89,1,1
1027,2020/1/8 4:02,1,89,1,3
1028,2020/1/8 4:58,1,87,1,1
1029,2020/1/8 20:27,2,88,1,2
1030,2020/1/8 22:03,0,99,0,4
1031,2020/1/8 23:04,0,99,6,2
1032,2020/1/7 2:03,4,99,1,4
1033,2020/1/7 2:56,4,99,0,4
1034,2020/1/7 3:45,3,99,1,3
1035,2020/1/7 21:09,2,88,1,1
1036,2020/1/7 22:00,2,89,1,0
1037,2020/1/7 22:57,2,90,1,0
1038,2020/1/6 1:49,8,99,1,0
1039,2020/1/6 2:59,8,99,1,1
1040,2020/1/6 4:02,8,99,1,0
1041,2020/1/6 20:51,5,99,1,2
1042,2020/1/6 22:07,4,99,1,2
1043,2020/1/6 23:06,4,99,1,1
1044,2020/1/5 2:03,7,83,1,3
1045,2020/1/5 3:02,7,90,1,3
1046,2020/1/5 4:07,7,90,1,1
1047,2020/1/5 4:56,7,94,1,3
1048,2020/1/5 20:00,10,93,1,1
1049,2020/1/5 21:02,10,94,1,4
1050,2020/1/5 22:05,9,97,1,3
1051,2020/1/5 23:05,9,98,1,3
1052,2020/1/4 1:07,7,99,0,1
1053,2020/1/4 2:07,7,99,0,0
1054,2020/1/4 2:55,7,99,0,1
1055,2020/1/4 4:04,7,99,0,1
1056,2020/1/4 4:50,6,99,0,2
1057,2020/1/4 21:03,7,83,1,1
1058,2020/1/4 22:04,7,81,3,1
1059,2020/1/4 22:56,7,79,3,2
1060,2020/1/3 1:07,6,86,3,3
1061,2020/1/3 2:06,6,86,1,2
1062,2020/1/3 2:58,6,87,1,1
1063,2020/1/3 4:04,6,87,1,2
1064,2020/1/3 20:09,7,91,1,0
1065,2020/1/3 20:56,7,91,1,4
1066,2020/1/3 22:07,7,95,1,2
1067,2020/1/3 22:55,7,98,0,1
1068,2020/1/2 1:03,4,93,1,3
1069,2020/1/2 1:58,4,92,1,2
1070,2020/1/2 2:54,4,91,0,1
1071,2020/1/2 3:51,4,88,1,0
1072,2020/1/2 20:08,6,81,4,3
1073,2020/1/2 20:49,6,83,4,3
1074,2020/1/2 22:56,6,84,3,3
1075,2020/1/1 2:08,-3,92,4,0
1076,2020/1/1 3:00,-2,86,4,1
1077,2020/1/1 3:57,0,82,4,4
1078,2020/1/1 21:06,5,76,1,4
1079,2020/1/1 21:48,4,86,0,4
1080,2020/1/1 22:51,4,88,0,0
1081,2019/12/31 1:02,1,85,3,1
1082,2019/12/31 2:03,0,77,3,1
1083,2019/12/31 3:55,0,56,3,1
1084,2019/12/31 20:48,-1,70,4,1
1085,2019/12/31 22:09,-2,77,4,0
1086,2019/12/31 23:09,-3,82,4,1
1087,2019/12/30 1:33,2,99,2,2
1088,2019/12/30 2:56,1,99,3,1
1089,2019/12/30 3:59,1,99,3,1
1090,2019/12/30 20:10,6,80,1,4
1091,2019/12/30 21:02,5,79,1,0
1092,2019/12/30 22:02,3,80,1,0
1093,2019/12/30 22:54,3,77,3,0
1094,2019/12/29 1:06,6,79,1,3
1095,2019/12/29 2:04,6,82,1,1
1096,2019/12/29 3:04,6,84,1,1
1097,2019/12/29 3:59,6,89,1,1
1098,2019/12/29 4:55,5,95,1,1
1099,2019/12/29 20:02,5,93,1,1
1100,2019/12/29 21:02,4,98,1,4
1101,2019/12/29 22:58,3,99,3,1
1102,2019/12/28 1:54,-1,87,3,1
1103,2019/12/28 3:00,-1,91,3,1
1104,2019/12/28 4:04,-2,96,3,3
1105,2019/12/28 21:04,7,80,1,4
1106,2019/12/28 21:57,7,75,1,0
1107,2019/12/28 23:03,7,73,1,3
1108,2019/12/27 1:07,-2,99,4,1
1109,2019/12/27 1:58,-2,99,4,4
1110,2019/12/27 3:03,-3,99,4,1
1111,2019/12/27 4:03,-2,99,4,2
1112,2019/12/27 4:33,-3,99,4,0
1113,2019/12/27 21:03,2,76,4,2
1114,2019/12/27 22:04,2,77,4,2
1115,2019/12/27 22:50,2,75,3,4
1116,2019/12/26 1:05,6,99,0,4
1117,2019/12/26 2:02,6,99,1,1
1118,2019/12/26 3:02,5,99,1,1
1119,2019/12/26 3:51,5,99,1,0
1120,2019/12/26 21:01,2,82,4,0
1121,2019/12/26 21:52,0,92,4,4
1122,2019/12/26 23:05,-1,97,4,0
1123,2019/12/25 2:06,7,99,2,2
1124,2019/12/25 2:58,7,99,2,0
1125,2019/12/25 4:56,7,99,0,1
1126,2019/12/25 20:59,7,99,1,2
1127,2019/12/25 22:05,7,99,0,4
1128,2019/12/25 22:58,7,99,1,1
1129,2019/12/24 2:06,5,99,0,0
1130,2019/12/24 2:54,5,99,1,3
1131,2019/12/24 3:53,5,99,1,4
1132,2019/12/24 20:02,6,99,1,0
1133,2019/12/24 20:56,6,99,1,2
1134,2019/12/24 21:59,6,99,1,2
1135,2019/12/24 22:46,6,99,1,1
1136,2019/12/23 1:37,3,99,4,3
1137,2019/12/23 2:52,3,99,4,2
1138,2019/12/23 21:10,6,99,0,3
1139,2019/12/23 21:47,6,99,1,1
1140,2019/12/23 23:02,6,99,1,3
1141,2019/12/22 2:00,6,99,1,4
1142,2019/12/22 3:01,5,99,1,0
1143,2019/12/22 3:59,4,99,1,1
1144,2019/12/22 4:58,3,99,1,4
1145,2019/12/22 20:04,4,94,4,3
1146,2019/12/22 20:51,4,95,4,1
1147,2019/12/22 21:52,3,97,4,2
1148,2019/12/22 23:04,1,98,4,1
1149,2019/12/21 1:08,6,84,3,2
1150,2019/12/21 1:09,6,84,3,2
1151,2019/12/21 2:00,6,86,3,0
1152,2019/12/21 2:59,5,85,3,3
1153,2019/12/21 4:01,5,88,3,1
1154,2019/12/21 20:01,7,92,1,0
1155,2019/12/21 20:58,6,97,0,2
1156,2019/12/21 22:10,6,99,0,1
1157,2019/12/21 22:56,6,99,1,4
1158,2019/12/20 1:02,0,99,3,0
1159,2019/12/20 1:59,0,99,1,4
1160,2019/12/20 2:56,0,99,1,1
1161,2019/12/20 3:52,0,99,1,4
1162,2019/12/20 4:56,0,99,3,2
1163,2019/12/20 20:03,6,75,1,0
1164,2019/12/20 21:03,6,74,1,1
1165,2019/12/20 23:02,6,79,3,0
1166,2019/12/19 1:01,2,99,3,1
1167,2019/12/19 1:50,2,99,3,0
1168,2019/12/19 3:03,2,99,3,1
1169,2019/12/19 3:47,1,99,3,0
1170,2019/12/19 20:03,2,90,4,3
1171,2019/12/19 20:59,1,96,4,2
1172,2019/12/19 22:01,0,98,4,0
1173,2019/12/19 22:51,0,99,3,3
1174,2019/12/18 1:43,5,88,1,0
1175,2019/12/18 2:51,5,88,1,0
1176,2019/12/18 3:55,5,90,1,0
1177,2019/12/18 4:57,5,87,1,2
1178,2019/12/18 20:04,2,97,0,1
1179,2019/12/18 20:55,2,97,0,1
1180,2019/12/18 21:57,2,98,1,1
1181,2019/12/18 23:04,2,99,0,0
1182,2019/12/17 2:06,6,97,1,3
1183,2019/12/17 3:01,6,97,1,1
1184,2019/12/17 3:46,6,97,1,3
1185,2019/12/17 21:00,5,99,1,3
1186,2019/12/17 21:51,5,99,1,0
1187,2019/12/17 22:50,5,99,1,3
1188,2019/12/16 2:09,11,89,3,1
1189,2019/12/16 4:06,11,90,3,3
1190,2019/12/16 20:45,7,93,1,4
1191,2019/12/16 22:02,6,92,1,2
1192,2019/12/16 23:03,6,95,1,0
1193,2019/12/15 4:08,4,95,3,3
1194,2019/12/15 20:10,12,79,3,0
1195,2019/12/15 22:03,12,83,3,4
1196,2019/12/14 1:58,6,79,3,2
1197,2019/12/14 3:53,5,85,4,1
1198,2019/12/14 21:55,7,87,3,0
1199,2019/12/13 1:49,5,70,3,1
1200,2019/12/13 4:02,5,72,3,3
1201,2019/12/13 20:09,9,68,1,0
1202,2019/12/13 21:44,8,71,1,2
1203,2019/12/12 1:46,2,80,4,3
1204,2019/12/12 2:52,2,79,4,2
1205,2019/12/12 4:05,2,81,4,0
1206,2019/12/12 22:02,8,55,3,0
1207,2019/12/11 2:10,5,79,3,1
1208,2019/12/11 3:10,4,86,3,1
1209,2019/12/11 3:42,3,89,3,3
1210,2019/12/11 21:10,4,82,4,0
1211,2019/12/11 21:58,5,66,4,0
1212,2019/12/11 22:59,4,69,4,1
1213,2019/12/10 1:02,5,93,4,2
1214,2019/12/10 2:00,4,95,4,4
1215,2019/12/10 2:58,3,96,4,1
1216,2019/12/10 4:08,3,96,4,4
1217,2019/12/10 4:53,2,97,4,2
1218,2019/12/10 20:49,12,58,1,3
1219,2019/12/10 21:37,13,57,1,3
1220,2019/12/10 23:05,11,63,4,1
1221,2019/12/9 1:54,2,93,4,1
1222,2019/12/9 3:10,1,97,4,0
1223,2019/12/9 3:50,0,97,4,1
1224,2019/12/9 4:58,0,98,4,4
1225,2019/12/9 20:55,10,65,1,0
1226,2019/12/9 21:57,7,77,1,0
1227,2019/12/9 22:51,7,83,4,3
1228,2019/12/8 1:56,0,98,4,0
1229,2019/12/8 2:54,-1,98,4,1
1230,2019/12/8 4:03,-1,98,4,0
1231,2019/12/8 20:04,7,65,3,1
1232,2019/12/8 20:59,7,65,3,0
1233,2019/12/8 21:59,6,70,3,1
1234,2019/12/8 23:08,3,82,4,1
1235,2019/12/7 1:04,0,98,4,0
1236,2019/12/7 2:00,-1,99,4,1
1237,2019/12/7 3:06,-1,99,4,0
1238,2019/12/7 3:48,-1,99,2,0
1239,2019/12/7 4:57,-1,99,2,0
1240,2019/12/7 20:05,3,87,4,0
1241,2019/12/7 20:51,1,88,4,1
1242,2019/12/7 22:05,0,92,4,0
1243,2019/12/7 23:05,0,95,4,0
1244,2019/12/6 1:07,4,86,3,0
1245,2019/12/6 3:09,3,91,3,0
1246,2019/12/6 4:05,2,94,3,3
1247,2019/12/6 20:52,2,88,4,1
1248,2019/12/6 22:08,0,96,4,4
1249,2019/12/5 2:02,-1,95,4,4
1250,2019/12/5 3:08,0,86,4,1
1251,2019/12/5 4:09,0,90,4,1
1252,2019/12/5 20:04,7,63,3,0
1253,2019/12/5 21:05,6,70,3,3
1254,2019/12/5 21:55,6,76,3,0
1255,2019/12/5 23:03,6,82,3,0
1256,2019/12/4 1:39,0,97,4,2
1257,2019/12/4 3:08,0,97,4,0
1258,2019/12/4 4:02,0,95,4,2
1259,2019/12/4 21:08,1,85,4,1
1260,2019/12/4 22:02,0,92,4,2
1261,2019/12/4 22:58,0,95,4,1
1262,2019/12/3 1:05,-2,98,4,2
1263,2019/12/3 1:51,-2,99,4,1
1264,2019/12/3 2:48,-2,99,4,1
1265,2019/12/3 3:48,-2,99,4,0
1266,2019/12/3 20:00,2,77,4,2
1267,2019/12/3 20:57,1,92,4,3
1268,2019/12/3 21:50,1,86,4,4
1269,2019/12/3 23:07,0,96,4,2
1270,2019/12/2 1:02,1,99,3,0
1271,2019/12/2 2:03,0,99,3,0
1272,2019/12/2 3:04,1,99,3,0
1273,2019/12/2 4:09,2,96,3,2
1274,2019/12/2 20:50,0,93,4,4
1275,2019/12/2 22:04,0,93,4,1
1276,2019/12/2 23:05,-1,94,4,1
1277,2019/12/1 1:57,5,99,0,2
1278,2019/12/1 2:53,5,98,0,1
1279,2019/12/1 3:52,5,98,0,2
1280,2019/12/1 20:04,2,99,4,1
1281,2019/12/1 21:10,2,99,4,4
1282,2019/12/1 22:08,2,99,4,0
1283,2019/12/1 22:59,1,99,3,4
1284,2019/11/30 1:10,7,80,3,0
1285,2019/11/30 1:54,7,81,3,1
1286,2019/11/30 2:59,7,85,3,0
1287,2019/11/30 4:01,6,86,3,0
1288,2019/11/30 4:56,6,87,3,3
1289,2019/11/30 20:05,6,99,1,0
1290,2019/11/30 20:50,5,99,0,0
1291,2019/11/30 21:35,5,99,1,2
1292,2019/11/30 22:59,5,99,0,3
1293,2019/11/29 21:04,8,68,4,3
1294,2019/11/29 22:06,8,69,4,4
1295,2019/11/29 22:59,8,74,3,3
1296,2019/11/28 2:02,4,90,1,0
1297,2019/11/28 3:08,4,83,1,0
1298,2019/11/28 4:04,3,74,1,1
1299,2019/11/27 2:03,5,99,0,1
1300,2019/11/27 3:02,5,99,0,3
1301,2019/11/27 4:00,4,99,0,4
1302,2019/11/27 4:56,3,97,0,4
1303,2019/11/27 21:04,3,93,1,2
1304,2019/11/27 22:10,4,90,1,1
1305,2019/11/27 23:03,4,91,1,1
1306,2019/11/26 20:02,6,95,0,0
1307,2019/11/26 21:08,6,95,0,2
1308,2019/11/26 22:07,5,97,0,0
1309,2019/11/26 23:04,5,98,0,0
1310,2019/10/5 20:05,14,99,0,0
1311,2019/10/5 21:15,14,99,1,0
1312,2019/6/21 3:15,20,99,0,0
1313,2019/6/21 4:15,20,99,0,0
1314,2019/5/26 4:40,21,99,0,0
1315,2019/4/29 4:40,12,99,0,0
1316,2019/4/11 1:45,8,99,0,0
1317,2019/4/11 2:10,8,99,0,0
1318,2019/4/11 2:40,8,99,0,0
1319,2019/3/5 20:35,9,90,3,0
1320,2019/3/5 21:35,9,95,3,0
1321,2019/2/27 20:35,5,96,1,0
1322,2019/2/27 21:35,5,96,1,0
1323,2019/2/26 20:35,5,98,1,0
1324,2019/2/22 1:35,0,99,6,0
1325,2019/2/22 2:35,0,99,6,0
1326,2019/2/22 3:35,0,99,6,0
1327,2019/2/22 4:35,0,99,6,0
1328,2019/2/22 20:35,1,95,4,0
1329,2019/2/19 1:35,1,99,1,0
1330,2019/2/19 2:35,1,99,3,0
1331,2019/2/18 20:35,2,99,0,0
1332,2019/2/18 21:35,2,99,1,0
1333,2019/2/18 22:35,2,99,0,0
1334,2019/2/18 23:25,2,99,0,0
1335,2019/2/13 1:35,1,99,1,0
1336,2019/2/13 20:35,3,97,0,0
1337,2019/2/13 21:35,3,97,0,0
1338,2019/2/13 22:35,2,99,0,0
1339,2019/2/13 23:25,2,99,0,0
1340,2019/2/12 20:35,1,98,1,0
1341,2019/2/12 21:35,1,98,1,0
1342,2019/2/12 22:35,1,98,1,0
1343,2019/2/12 23:25,1,99,1,0
1344,2019/2/7 1:35,7,98,0,0
1345,2019/2/7 2:35,5,98,0,0
1346,2019/2/7 3:35,5,99,0,0
1347,2019/2/7 4:35,6,99,0,0
1348,2019/2/6 22:35,10,99,0,0
1349,2019/2/6 23:25,9,98,0,0
1350,2019/1/9 20:35,0,99,6,0
1351,2019/1/9 21:35,0,99,1,0
1352,2018/11/7 2:35,9,94,1,0
1353,2018/11/7 4:35,9,95,1,0
1354,2018/11/7 21:35,9,95,1,0
1355,2018/11/6 21:35,9,92,1,0
1356,2018/11/6 23:05,9,93,1,0
1357,2018/9/17 2:35,22,97,0,0
1358,2018/9/17 4:35,22,96,0,0
1359,2018/8/18 2:30,25,94,0,0
1360,2018/8/17 4:45,25,96,0,0
1361,2018/8/17 21:45,25,98,0,0
1362,2018/8/17 23:10,25,98,0,0
1363,2018/8/15 2:30,28,93,4,0
1364,2018/8/15 4:30,27,95,4,0
1365,2018/8/14 2:30,26,96,3,0
1366,2018/8/14 4:30,26,97,4,0
1367,2018/8/14 21:30,29,85,4,0
1368,2018/8/14 23:00,29,89,4,0
1369,2018/8/13 2:30,26,95,1,0
1370,2018/8/13 4:30,26,96,1,0
1371,2018/8/13 21:30,27,95,3,0
1372,2018/8/13 23:00,27,95,3,0
1373,2018/8/12 2:30,27,89,4,0
1374,2018/8/12 4:30,27,89,4,0
1375,2018/8/12 21:30,28,86,3,0
1376,2018/8/12 23:00,27,93,3,0
1377,2018/8/11 2:30,27,91,3,0
1378,2018/8/11 4:30,26,93,4,0
1379,2018/8/11 21:30,29,83,4,0
1380,2018/8/11 23:00,29,84,4,0
1381,2018/8/10 2:30,26,91,4,0
1382,2018/8/10 4:30,26,93,4,0
1383,2018/8/10 21:30,29,82,4,0
1384,2018/8/10 23:00,28,86,4,0
1385,2018/8/9 21:30,30,82,4,0
1386,2018/8/9 23:00,29,87,4,0
1387,2018/8/3 21:45,26,95,0,0
1388,2018/8/3 23:10,26,94,1,0
1389,2018/7/27 2:45,23,96,0,0
1390,2018/7/27 4:45,23,97,0,0
1391,2018/7/26 23:15,24,97,0,0
1392,2018/7/25 21:45,26,96,1,0
