,uptime_1600012,temperature,humidity,aqi,winp,wind,weather,rtu3
2,2020-06-09 20:07:00,28,73,47,2,0,1,2.0
3,2020-06-09 21:52:00,27,77,46,2,0,1,2.0
6,2020-06-08 22:00:00,26,79,50,2,0,4,2.0
9,2020-06-07 22:06:00,25,67,66,3,0,4,2.0
10,2020-06-07 23:57:00,24,70,55,2,0,3,2.0
13,2020-06-06 22:03:00,22,98,59,1,5,1,2.0
20,2020-06-04 22:01:00,27,82,47,1,4,1,2.0
22,2020-06-03 02:03:00,24,88,27,2,6,1,2.0
23,2020-06-03 04:04:00,24,82,27,2,6,1,2.0
25,2020-06-03 22:03:00,26,85,59,2,2,1,2.0
28,2020-06-02 22:11:00,27,83,61,1,6,1,2.0
31,2020-06-01 20:01:00,27,65,52,2,4,3,2.0
40,2020-05-30 20:00:00,23,83,56,2,3,4,2.0
48,2020-05-28 20:00:00,26,69,79,2,2,1,2.0
52,2020-05-27 20:06:00,26,65,99,2,2,3,2.0
57,2020-05-26 20:02:00,24,72,64,2,2,1,2.0
69,2020-05-23 20:08:00,26,61,61,2,4,4,2.0
73,2020-05-22 20:03:00,25,75,57,2,2,3,2.0
77,2020-05-21 20:02:00,24,69,108,2,2,1,2.0
81,2020-05-20 21:12:00,21,74,71,1,5,1,2.0
85,2020-05-19 21:09:00,21,63,66,2,4,3,2.0
90,2020-05-18 21:03:00,15,82,59,1,1,4,2.0
93,2020-05-17 21:10:00,24,84,56,2,2,1,2.0
101,2020-05-15 03:05:00,18,99,48,2,1,3,0.0
153,2020-05-04 20:00:00,25,79,110,3,5,1,2.0
154,2020-05-04 20:57:00,23,83,75,4,0,1,2.0
162,2020-05-03 20:54:00,24,73,97,1,2,4,2.0
170,2020-05-02 20:04:00,26,81,83,0,8,4,2.0
213,2020-04-26 20:04:00,21,66,72,3,5,4,2.0
222,2020-04-25 20:03:00,19,55,73,1,7,1,2.0
238,2020-04-23 20:05:00,12,78,54,2,2,1,2.0
252,2020-04-21 04:10:00,13,99,89,1,3,1,0.0
265,2020-04-19 03:08:00,12,99,68,2,3,0,0.0
306,2020-04-14 20:04:00,15,73,66,1,0,3,2.0
314,2020-04-13 20:06:00,13,59,73,0,8,1,2.0
344,2020-04-09 20:03:00,17,58,63,1,5,4,2.0
367,2020-04-06 20:12:00,16,42,56,2,0,4,2.0
376,2020-04-05 20:04:00,14,52,54,2,0,4,2.0
384,2020-04-04 20:29:00,12,69,68,1,5,4,2.0
398,2020-04-02 21:04:00,14,64,66,2,5,3,2.0
399,2020-04-02 21:54:00,13,70,64,3,5,3,2.0
417,2020-03-30 01:09:00,5,96,26,2,5,1,2.0
418,2020-03-30 02:09:00,5,99,30,2,5,1,2.0
419,2020-03-30 02:59:00,5,99,33,2,5,1,2.0
420,2020-03-30 03:59:00,5,99,32,1,3,1,2.0
421,2020-03-30 04:53:00,5,98,30,2,3,1,2.0
422,2020-03-30 20:56:00,10,85,50,1,2,1,2.0
423,2020-03-30 22:09:00,9,91,48,2,1,1,2.0
428,2020-03-29 03:56:00,5,97,42,2,2,0,2.0
429,2020-03-29 04:59:00,5,98,35,2,4,0,2.0
433,2020-03-29 23:04:00,5,95,20,2,3,1,2.0
437,2020-03-28 20:04:00,8,62,47,2,4,1,3.0
438,2020-03-28 20:56:00,7,68,42,2,4,1,3.0
439,2020-03-28 22:00:00,8,70,53,1,4,1,3.0
440,2020-03-28 23:04:00,7,83,44,1,6,1,3.0
441,2020-03-27 02:04:00,9,95,16,3,3,0,3.0
442,2020-03-27 02:54:00,8,97,18,4,3,1,3.0
443,2020-03-27 04:00:00,8,98,17,2,3,1,3.0
444,2020-03-27 04:56:00,7,98,19,3,3,1,3.0
445,2020-03-27 20:04:00,7,91,46,2,3,0,3.0
446,2020-03-27 20:58:00,7,91,48,2,3,0,3.0
617,2020-03-05 02:13:00,5,67,50,3,0,3,2.0
618,2020-03-05 03:06:00,4,71,45,2,0,3,2.0
619,2020-03-05 04:02:00,4,73,43,2,0,3,2.0
620,2020-03-05 20:08:00,9,53,55,2,0,4,2.0
621,2020-03-05 20:54:00,8,56,58,2,0,4,2.0
622,2020-03-05 21:53:00,8,59,59,2,0,4,2.0
623,2020-03-05 23:00:00,7,62,60,2,4,3,2.0
629,2020-03-04 21:12:00,8,70,88,3,5,3,2.0
630,2020-03-04 21:58:00,7,74,93,2,5,3,2.0
631,2020-03-04 23:02:00,6,77,90,2,5,3,2.0
632,2020-03-03 02:13:00,6,84,42,2,3,3,2.0
633,2020-03-03 03:08:00,6,84,45,2,5,3,2.0
635,2020-03-03 20:07:00,8,74,54,2,7,1,2.0
636,2020-03-03 20:58:00,8,78,55,2,7,1,2.0
637,2020-03-03 21:53:00,8,79,59,2,3,1,2.0
638,2020-03-03 23:01:00,7,82,67,2,3,3,2.0
639,2020-03-02 02:05:00,3,99,64,1,3,3,2.0
640,2020-03-02 03:12:00,4,99,72,2,3,2,2.0
641,2020-03-02 04:01:00,4,99,77,2,5,3,2.0
644,2020-03-02 23:09:00,7,76,41,2,3,3,2.0
645,2020-03-01 01:09:00,8,99,35,2,3,1,2.0
646,2020-03-01 02:08:00,8,99,33,2,3,1,2.0
647,2020-03-01 03:10:00,8,99,35,1,3,1,2.0
648,2020-03-01 03:56:00,8,99,39,2,3,1,2.0
649,2020-03-01 04:58:00,8,99,40,2,3,1,2.0
650,2020-03-01 21:01:00,7,91,36,2,3,1,2.0
651,2020-03-01 21:57:00,7,89,35,2,3,1,2.0
652,2020-03-01 22:53:00,7,91,38,1,5,3,2.0
653,2020-02-29 01:12:00,5,99,48,1,1,0,2.0
654,2020-02-29 02:05:00,5,99,46,1,1,0,2.0
655,2020-02-29 03:05:00,5,99,40,2,3,0,2.0
656,2020-02-29 03:57:00,5,99,39,2,7,1,2.0
659,2020-02-29 22:09:00,8,97,36,1,5,1,2.0
660,2020-02-29 23:05:00,8,98,33,0,8,1,2.0
661,2020-02-28 01:11:00,7,98,60,1,5,1,2.0
662,2020-02-28 02:05:00,8,98,65,1,3,1,2.0
663,2020-02-28 03:13:00,7,99,60,3,7,1,2.0
664,2020-02-28 04:14:00,7,99,63,2,7,0,2.0
665,2020-02-28 20:09:00,5,99,43,0,8,0,2.0
666,2020-02-28 20:53:00,5,99,45,1,6,1,2.0
667,2020-02-28 22:09:00,5,99,45,2,1,0,2.0
668,2020-02-28 23:08:00,5,99,48,1,1,0,2.0
674,2020-02-27 22:13:00,8,94,63,2,3,1,2.0
675,2020-02-27 23:02:00,8,96,60,2,3,0,2.0
676,2020-02-26 01:04:00,10,98,128,2,3,1,2.0
677,2020-02-26 01:59:00,10,98,112,2,3,1,2.0
678,2020-02-26 03:06:00,10,98,97,2,5,1,2.0
679,2020-02-26 04:09:00,10,94,87,4,5,1,2.0
680,2020-02-26 04:58:00,9,90,78,4,5,1,2.0
688,2020-02-25 21:10:00,10,95,107,2,3,3,2.0
689,2020-02-25 22:06:00,10,95,109,2,3,3,2.0
690,2020-02-25 23:08:00,10,96,120,1,3,1,2.0
691,2020-02-24 20:21:00,20,66,56,1,4,4,2.0
692,2020-02-24 21:18:00,19,68,55,2,6,4,2.0
693,2020-02-24 22:15:00,18,70,55,1,1,4,2.0
694,2020-02-24 22:52:00,18,71,59,2,1,3,2.0
695,2020-02-23 01:06:00,5,74,79,1,0,4,2.0
696,2020-02-23 01:58:00,4,80,78,1,5,4,2.0
697,2020-02-23 03:03:00,5,78,79,1,0,4,2.0
698,2020-02-23 04:11:00,6,66,78,2,0,4,2.0
699,2020-02-22 01:10:00,4,96,75,2,1,3,2.0
700,2020-02-22 02:02:00,3,95,77,1,4,3,2.0
703,2020-02-22 20:03:00,8,54,81,1,0,4,2.0
704,2020-02-22 21:02:00,6,79,84,1,0,4,2.0
705,2020-02-22 22:00:00,5,68,84,1,0,4,2.0
706,2020-02-22 23:15:00,4,76,83,1,3,4,2.0
707,2020-02-21 01:03:00,9,60,36,2,4,3,2.0
708,2020-02-21 02:06:00,6,72,32,0,8,3,2.0
709,2020-02-21 02:57:00,4,87,33,1,1,3,2.0
712,2020-02-21 21:10:00,9,73,69,2,7,4,2.0
713,2020-02-21 22:00:00,9,71,73,2,1,4,2.0
714,2020-02-21 23:00:00,7,77,74,2,1,3,2.0
719,2020-02-20 20:07:00,10,54,39,2,0,1,2.0
720,2020-02-20 20:53:00,8,66,38,1,0,1,2.0
721,2020-02-20 21:59:00,10,58,43,2,4,1,2.0
722,2020-02-20 23:08:00,8,68,46,2,0,3,2.0
723,2020-02-19 01:00:00,4,67,45,1,4,3,2.0
724,2020-02-19 02:06:00,4,64,45,2,4,3,2.0
725,2020-02-19 03:09:00,4,67,39,2,4,3,2.0
726,2020-02-19 03:54:00,5,67,38,2,4,3,2.0
727,2020-02-19 04:49:00,5,64,35,2,4,3,2.0
728,2020-02-19 20:01:00,8,63,55,1,0,3,2.0
729,2020-02-19 21:03:00,5,79,58,1,5,3,2.0
730,2020-02-19 21:58:00,3,86,59,1,5,3,2.0
732,2020-02-18 01:07:00,-1,95,34,2,6,3,2.0
733,2020-02-18 01:58:00,0,79,36,1,1,3,2.0
737,2020-02-18 20:13:00,6,51,33,2,4,1,2.0
738,2020-02-18 20:59:00,4,67,35,2,0,1,2.0
739,2020-02-18 22:04:00,3,65,38,1,4,1,2.0
740,2020-02-18 23:04:00,2,74,43,2,4,3,2.0
746,2020-02-17 20:02:00,1,73,28,0,8,4,2.0
747,2020-02-17 21:15:00,0,77,28,1,1,4,2.0
748,2020-02-17 21:57:00,0,93,29,0,8,4,2.0
749,2020-02-17 23:02:00,-1,95,33,1,4,3,2.0
754,2020-02-16 21:00:00,0,77,40,2,1,4,2.0
757,2020-02-15 01:04:00,7,98,60,5,7,1,3.0
758,2020-02-15 01:54:00,6,98,36,4,7,1,3.0
764,2020-02-15 22:58:00,-2,98,21,3,1,1,2.0
765,2020-02-14 01:55:00,11,99,23,2,0,3,0.0
766,2020-02-14 03:07:00,10,99,22,2,0,3,0.0
767,2020-02-14 03:55:00,10,99,20,1,0,3,0.0
768,2020-02-14 04:59:00,10,99,18,1,4,3,0.0
769,2020-02-14 21:09:00,14,96,42,2,3,1,0.0
770,2020-02-14 21:58:00,13,99,48,2,7,1,0.0
771,2020-02-14 22:57:00,10,99,48,5,7,1,0.0
772,2020-02-13 01:11:00,9,95,30,2,4,4,0.0
773,2020-02-13 02:00:00,9,97,30,1,0,4,0.0
774,2020-02-13 02:56:00,8,99,26,2,0,4,0.0
775,2020-02-13 04:03:00,7,99,25,2,0,4,0.0
776,2020-02-13 04:52:00,6,99,22,1,0,4,0.0
779,2020-02-13 23:05:00,12,95,26,2,4,3,0.0
780,2020-02-12 01:00:00,4,99,29,1,3,3,0.0
781,2020-02-12 02:10:00,3,99,29,1,3,3,0.0
782,2020-02-12 03:01:00,3,99,26,0,8,3,0.0
783,2020-02-12 04:10:00,3,99,29,2,6,2,0.0
790,2020-02-11 04:02:00,8,89,35,2,4,1,0.0
793,2020-02-11 21:55:00,6,97,24,1,4,3,0.0
794,2020-02-11 23:07:00,5,99,25,1,3,3,0.0
795,2020-02-10 01:04:00,1,98,55,1,4,3,0.0
796,2020-02-10 01:52:00,1,98,60,0,8,3,0.0
797,2020-02-10 03:04:00,1,99,63,1,4,3,0.0
798,2020-02-10 03:55:00,1,99,60,1,4,3,0.0
799,2020-02-10 04:56:00,1,99,59,0,8,3,0.0
804,2020-02-09 01:06:00,0,99,40,0,8,3,0.0
805,2020-02-09 02:01:00,0,99,42,1,3,3,0.0
806,2020-02-09 02:54:00,0,99,43,2,1,2,0.0
807,2020-02-09 04:06:00,-1,99,42,1,7,3,0.0
808,2020-02-09 04:53:00,-1,99,38,1,7,4,0.0
812,2020-02-08 01:11:00,4,99,36,0,8,1,0.0
813,2020-02-08 02:15:00,4,99,36,2,7,1,0.0
814,2020-02-08 03:06:00,4,99,38,1,3,1,0.0
815,2020-02-08 04:04:00,4,99,35,2,3,1,0.0
818,2020-02-08 22:09:00,1,99,38,1,7,3,0.0
819,2020-02-08 23:09:00,1,99,38,0,8,3,0.0
823,2020-02-07 04:57:00,3,99,20,2,5,1,0.0
826,2020-02-07 22:00:00,4,99,36,1,3,1,0.0
827,2020-02-07 23:08:00,4,99,36,1,1,1,0.0
870,2020-02-01 21:05:00,8,47,54,2,0,3,2.0
872,2020-02-01 22:56:00,6,61,42,2,5,3,2.0
884,2020-01-30 20:03:00,1,91,119,1,1,4,2.0
903,2020-01-27 01:05:00,0,99,70,2,3,5,2.0
904,2020-01-27 02:11:00,0,99,69,2,3,5,2.0
905,2020-01-27 03:05:00,0,99,64,2,7,1,2.0
906,2020-01-27 04:09:00,0,99,62,2,3,5,2.0
907,2020-01-27 04:58:00,0,99,70,2,7,0,2.0
908,2020-01-27 21:12:00,1,99,88,1,1,1,2.0
909,2020-01-27 22:03:00,1,99,87,1,1,1,2.0
910,2020-01-27 23:13:00,1,99,90,2,1,3,2.0
916,2020-01-26 21:14:00,0,99,50,1,7,6,3.0
917,2020-01-26 22:13:00,0,99,53,2,7,6,2.0
918,2020-01-26 23:06:00,0,99,55,2,3,1,2.0
961,2020-01-20 20:04:00,4,73,100,1,0,4,2.0
962,2020-01-20 21:09:00,2,82,102,0,8,4,2.0
969,2020-01-19 20:57:00,2,80,108,1,1,4,2.0
1034,2020-01-10 20:02:00,3,99,26,2,3,0,2.0
1035,2020-01-10 20:34:00,3,99,28,2,3,0,2.0
1059,2020-01-07 22:57:00,2,90,62,3,1,1,2.0
1066,2020-01-05 02:03:00,7,83,143,2,0,1,0.0
1067,2020-01-05 03:02:00,7,90,140,3,0,1,0.0
1070,2020-01-05 20:00:00,10,93,88,2,0,1,0.0
1080,2020-01-04 22:04:00,7,81,152,2,0,3,0.0
1082,2020-01-03 01:07:00,6,86,89,2,3,3,0.0
1084,2020-01-03 02:58:00,6,87,84,2,3,1,0.0
1094,2020-01-02 20:08:00,6,81,102,1,3,4,0.0
1095,2020-01-02 20:49:00,6,83,103,1,3,4,0.0
1097,2020-01-02 22:56:00,6,84,113,2,3,3,0.0
1098,2020-01-01 02:08:00,-3,92,58,1,3,4,0.0
1101,2020-01-01 21:06:00,5,76,78,2,5,1,0.0
1102,2020-01-01 21:48:00,4,86,79,2,0,0,0.0
1105,2019-12-31 02:03:00,0,77,89,3,5,3,0.0
1114,2019-12-30 20:10:00,6,80,214,4,3,1,0.0
1116,2019-12-30 22:02:00,3,80,202,3,5,1,0.0
1118,2019-12-29 01:06:00,6,79,58,2,2,1,0.0
1119,2019-12-29 02:04:00,6,82,60,2,4,1,0.0
1120,2019-12-29 03:04:00,6,84,52,2,2,1,0.0
1123,2019-12-29 20:02:00,5,93,63,1,0,1,0.0
1124,2019-12-29 21:02:00,4,98,60,1,0,1,0.0
1125,2019-12-29 21:50:00,4,99,61,1,5,1,0.0
1126,2019-12-29 22:58:00,3,99,59,1,5,3,0.0
1128,2019-12-28 03:00:00,-1,91,73,0,8,3,0.0
1129,2019-12-28 04:04:00,-2,96,78,1,4,3,0.0
1130,2019-12-28 21:04:00,7,80,70,2,4,1,0.0
1133,2019-12-27 01:07:00,-2,99,128,1,6,4,0.0
1134,2019-12-27 01:58:00,-2,99,127,2,1,4,0.0
1136,2019-12-27 04:03:00,-2,99,123,1,2,4,0.0
1137,2019-12-27 04:33:00,-3,99,115,1,4,4,0.0
1141,2019-12-26 01:05:00,6,99,19,4,7,0,0.0
1143,2019-12-26 03:02:00,5,99,32,3,7,1,0.0
1145,2019-12-26 21:01:00,2,82,108,2,7,4,0.0
1146,2019-12-26 21:52:00,0,92,119,1,1,4,0.0
1147,2019-12-26 23:05:00,-1,97,119,1,7,4,0.0
1148,2019-12-25 02:06:00,7,99,52,2,5,2,0.0
1152,2019-12-25 20:59:00,7,99,42,3,7,1,0.0
1153,2019-12-25 22:05:00,7,99,28,3,7,0,0.0
1154,2019-12-25 22:58:00,7,99,25,3,7,1,0.0
1158,2019-12-24 20:02:00,6,99,40,2,0,1,0.0
1159,2019-12-24 20:56:00,6,99,36,1,5,1,0.0
1165,2019-12-23 21:10:00,6,99,75,2,5,0,0.0
1166,2019-12-23 21:47:00,6,99,78,2,5,1,0.0
1167,2019-12-23 23:02:00,6,99,84,3,5,1,0.0
1172,2019-12-22 20:04:00,4,94,90,2,0,4,0.0
1173,2019-12-22 20:51:00,4,95,105,2,0,4,0.0
1174,2019-12-22 21:52:00,3,97,105,1,0,4,0.0
1175,2019-12-22 23:04:00,1,98,73,1,0,4,0.0
1176,2019-12-21 01:08:00,6,84,64,1,0,3,0.0
1177,2019-12-21 01:09:00,6,84,60,2,0,3,0.0
1178,2019-12-21 02:00:00,6,86,60,1,5,3,0.0
1185,2019-12-20 01:02:00,0,99,60,1,4,3,0.0
1186,2019-12-20 01:59:00,0,99,58,1,3,1,0.0
1187,2019-12-20 02:56:00,0,99,57,1,3,1,0.0
1188,2019-12-20 03:52:00,0,99,59,0,8,1,0.0
1189,2019-12-20 04:56:00,0,99,62,1,5,3,0.0
1194,2019-12-19 01:01:00,2,99,26,1,1,3,0.0
1195,2019-12-19 01:50:00,2,99,23,1,1,3,0.0
1196,2019-12-19 03:03:00,2,99,28,2,3,3,0.0
1197,2019-12-19 03:47:00,1,99,28,1,7,3,0.0
1199,2019-12-19 20:59:00,1,96,66,2,6,4,0.0
1200,2019-12-19 22:01:00,0,98,68,0,8,4,0.0
1201,2019-12-19 22:51:00,0,99,64,1,7,3,0.0
1202,2019-12-18 01:43:00,5,88,132,2,3,1,0.0
1203,2019-12-18 02:51:00,5,88,127,2,5,1,0.0
1204,2019-12-18 03:55:00,5,90,109,2,3,1,0.0
1205,2019-12-18 04:57:00,5,87,104,3,5,1,0.0
1206,2019-12-18 20:04:00,2,97,26,0,8,0,0.0
1207,2019-12-18 20:55:00,2,97,26,0,8,0,0.0
1208,2019-12-18 21:57:00,2,98,26,1,1,1,0.0
1209,2019-12-18 23:04:00,2,99,26,1,1,0,0.0
1210,2019-12-17 02:06:00,6,97,59,3,1,1,0.0
1211,2019-12-17 03:01:00,6,97,33,3,1,1,0.0
1212,2019-12-17 03:46:00,6,97,28,2,1,1,0.0
1213,2019-12-17 21:00:00,5,99,104,2,7,1,0.0
1214,2019-12-17 21:51:00,5,99,109,2,7,1,0.0
1215,2019-12-17 22:50:00,5,99,119,2,7,1,0.0
1217,2019-12-16 04:06:00,11,90,107,2,0,3,0.0
1221,2019-12-15 01:40:00,5,93,100,2,5,3,0.0
1222,2019-12-15 04:08:00,4,95,63,2,5,3,0.0
1228,2019-12-13 01:49:00,5,70,68,2,0,3,0.0
1229,2019-12-13 04:02:00,5,72,68,2,4,3,0.0
1243,2019-12-10 02:00:00,4,95,92,1,0,4,0.0
1244,2019-12-10 02:58:00,3,96,95,0,8,4,0.0
1245,2019-12-10 04:08:00,3,96,98,1,5,4,0.0
1246,2019-12-10 04:53:00,2,97,98,1,7,4,0.0
1251,2019-12-09 01:54:00,2,93,83,1,2,4,0.0
1252,2019-12-09 03:10:00,1,97,80,0,8,4,0.0
1254,2019-12-09 04:58:00,0,98,80,1,2,4,0.0
1260,2019-12-08 04:03:00,-1,98,79,0,8,4,0.0
1262,2019-12-08 20:59:00,7,65,85,2,4,3,0.0
1263,2019-12-08 21:59:00,6,70,82,1,4,3,0.0
1264,2019-12-08 23:08:00,3,82,79,1,2,4,0.0
1267,2019-12-07 03:06:00,-1,99,58,1,5,4,0.0
1268,2019-12-07 03:48:00,-1,99,60,1,3,2,0.0
1269,2019-12-07 04:57:00,-1,99,59,1,3,2,0.0
1276,2019-12-06 03:09:00,3,91,43,3,5,3,0.0
1288,2019-12-04 01:39:00,0,97,88,0,8,4,0.0
1292,2019-12-04 21:08:00,1,85,67,0,8,4,0.0
1293,2019-12-04 22:02:00,0,92,69,0,8,4,0.0
1294,2019-12-04 22:58:00,0,95,75,0,8,4,0.0
1295,2019-12-03 01:05:00,-2,98,148,1,3,4,0.0
1296,2019-12-03 01:51:00,-2,99,140,1,1,4,0.0
1297,2019-12-03 02:48:00,-2,99,135,1,3,4,0.0
1298,2019-12-03 03:48:00,-2,99,129,0,8,4,0.0
1300,2019-12-03 20:57:00,1,92,84,0,8,4,0.0
1301,2019-12-03 21:50:00,1,86,93,1,2,4,0.0
1302,2019-12-03 23:07:00,0,96,95,0,8,4,0.0
1303,2019-12-02 01:02:00,1,99,139,2,1,3,0.0
1304,2019-12-02 02:03:00,0,99,139,1,1,3,0.0
1305,2019-12-02 03:04:00,1,99,143,2,1,3,0.0
1306,2019-12-02 04:09:00,2,96,145,2,1,3,0.0
1307,2019-12-02 20:50:00,0,93,95,0,8,4,0.0
1308,2019-12-02 22:04:00,0,93,114,1,7,4,0.0
1309,2019-12-02 23:05:00,-1,94,125,1,1,4,0.0
1310,2019-12-01 01:57:00,5,99,45,3,7,0,0.0
1312,2019-12-01 03:52:00,5,98,58,2,7,0,0.0
1314,2019-12-01 21:10:00,2,99,127,2,1,4,0.0
1315,2019-12-01 22:08:00,2,99,134,2,1,4,0.0
1316,2019-12-01 22:59:00,1,99,137,2,1,3,0.0
1317,2019-11-30 01:10:00,7,80,44,2,5,3,0.0
1318,2019-11-30 01:54:00,7,81,46,2,5,3,0.0
1319,2019-11-30 02:59:00,7,85,47,2,5,3,0.0
1320,2019-11-30 04:01:00,6,86,51,2,3,3,0.0
1321,2019-11-30 04:56:00,6,87,51,2,3,3,0.0
1325,2019-11-30 22:59:00,5,99,59,3,7,0,0.0
1329,2019-11-28 02:02:00,4,90,98,1,3,1,0.0
1330,2019-11-28 03:08:00,4,83,78,2,3,1,0.0
1331,2019-11-28 04:04:00,3,74,53,3,5,1,0.0
1333,2019-11-27 03:02:00,5,99,30,3,5,0,0.0
1334,2019-11-27 04:00:00,4,99,29,2,5,0,0.0
1335,2019-11-27 04:56:00,3,97,25,4,5,0,0.0
1336,2019-11-27 21:04:00,3,93,78,2,7,1,0.0
1337,2019-11-27 22:10:00,4,90,82,2,7,1,0.0
1338,2019-11-27 23:03:00,4,91,84,2,1,1,0.0
1340,2019-11-26 21:08:00,6,95,30,2,5,0,0.0
1341,2019-11-26 22:07:00,5,97,29,2,5,0,0.0
1342,2019-11-26 23:04:00,5,98,28,2,5,0,0.0
1377,2019-10-09 22:15:00,20,82,75,2,4,4,2.0
1544,2019-09-16 01:15:00,22,75,43,1,3,3,2.0
1552,2019-09-15 01:00:00,23,89,37,1,5,4,3.0
1553,2019-09-15 02:05:00,22,90,32,2,3,1,3.0
1554,2019-09-15 03:05:00,22,90,27,2,3,1,3.0
1555,2019-09-15 04:05:00,22,92,28,2,5,1,3.0
1558,2019-09-15 22:15:00,23,71,40,2,3,4,2.0
1559,2019-09-15 23:15:00,23,70,39,2,3,3,2.0
1560,2019-09-14 20:05:00,23,94,65,2,5,1,3.0
1561,2019-09-14 21:05:00,23,92,46,2,5,1,3.0
1562,2019-09-14 22:05:00,23,90,40,2,0,1,3.0
1563,2019-09-14 23:15:00,22,92,38,2,5,1,3.0
1564,2019-09-13 01:15:00,24,93,60,2,5,3,2.0
1565,2019-09-13 02:15:00,24,92,61,2,0,3,2.0
1572,2019-09-12 21:00:00,28,78,69,3,0,4,2.0
1573,2019-09-12 21:35:00,27,81,63,3,0,4,2.0
1574,2019-09-12 22:15:00,26,84,63,2,0,4,2.0
1575,2019-09-12 23:15:00,25,88,57,2,0,3,2.0
1580,2019-09-11 20:15:00,27,84,58,3,5,4,2.0
1581,2019-09-11 21:10:00,26,86,57,2,0,4,2.0
1582,2019-09-11 22:15:00,25,88,55,2,5,4,2.0
1583,2019-09-11 23:15:00,25,88,53,2,0,3,2.0
1588,2019-09-10 20:10:00,26,80,54,2,5,4,2.0
1589,2019-09-10 21:15:00,25,88,58,2,5,4,2.0
1590,2019-09-10 22:15:00,24,91,53,2,5,4,2.0
1591,2019-09-10 23:05:00,24,91,50,2,5,3,2.0
1596,2019-09-09 20:15:00,25,79,55,2,5,4,2.0
1597,2019-09-09 21:15:00,24,84,68,2,5,4,2.0
1598,2019-09-09 22:15:00,23,88,80,1,3,4,2.0
1604,2019-09-08 20:10:00,24,77,69,1,3,4,2.0
1605,2019-09-08 21:10:00,23,83,80,2,5,4,2.0
1606,2019-09-08 22:10:00,23,80,83,2,5,4,2.0
1607,2019-09-08 23:10:00,21,91,76,1,4,4,2.0
1612,2019-09-07 20:15:00,22,92,78,0,8,4,2.0
1613,2019-09-07 21:15:00,21,94,83,1,5,4,2.0
1614,2019-09-07 22:15:00,20,98,89,2,2,4,2.0
1615,2019-09-07 23:10:00,20,97,105,0,8,4,2.0
1621,2019-09-06 21:15:00,23,82,53,1,7,3,2.0
1622,2019-09-06 22:15:00,22,85,56,2,7,3,2.0
1623,2019-09-06 23:15:00,21,90,54,1,7,3,2.0
1628,2019-09-05 20:15:00,22,93,41,1,5,4,2.0
1629,2019-09-05 21:15:00,22,96,49,1,5,4,2.0
1630,2019-09-05 22:15:00,21,98,51,1,5,4,2.0
1636,2019-09-04 20:15:00,22,91,36,1,5,4,2.0
1637,2019-09-04 21:15:00,21,92,48,1,3,4,2.0
1638,2019-09-04 22:15:00,21,93,54,1,5,4,2.0
1644,2019-09-03 20:15:00,22,90,20,2,5,3,2.0
1652,2019-09-02 20:10:00,23,77,43,1,4,1,2.0
1653,2019-09-02 21:10:00,22,84,51,0,8,1,2.0
1660,2019-09-01 20:15:00,20,89,30,2,5,3,2.0
1664,2019-08-31 01:15:00,20,88,45,1,3,3,2.0
1665,2019-08-31 02:15:00,20,87,48,1,3,3,2.0
1669,2019-08-31 21:10:00,23,87,62,2,5,1,2.0
1670,2019-08-31 22:10:00,23,88,60,2,5,1,2.0
1672,2019-08-30 01:15:00,22,94,38,2,7,3,2.0
1673,2019-08-30 02:15:00,22,88,51,2,3,3,2.0
1678,2019-08-30 22:15:00,20,89,47,1,3,1,2.0
1679,2019-08-30 23:15:00,20,90,45,1,3,3,2.0
1685,2019-08-29 22:15:00,25,82,31,2,3,3,2.0
1686,2019-08-29 23:15:00,23,89,32,1,3,3,2.0
1691,2019-08-28 20:15:00,23,95,40,1,2,1,2.0
1692,2019-08-28 21:15:00,23,96,50,2,6,1,2.0
1700,2019-08-27 21:15:00,25,93,28,2,3,3,2.0
1701,2019-08-27 22:15:00,25,93,22,2,5,3,2.0
1702,2019-08-27 23:15:00,25,96,14,2,3,1,2.0
1703,2019-08-26 01:15:00,26,94,35,2,5,3,2.0
1707,2019-08-26 20:15:00,27,91,46,3,5,3,2.0
1708,2019-08-26 21:15:00,27,94,59,2,5,3,2.0
1709,2019-08-26 22:15:00,27,98,58,1,3,3,2.0
1711,2019-08-25 01:10:00,24,68,57,2,5,3,2.0
1715,2019-08-25 20:10:00,28,85,61,3,5,3,2.0
1716,2019-08-25 21:10:00,28,86,57,3,5,3,2.0
1718,2019-08-25 23:15:00,27,88,54,3,5,3,2.0
1719,2019-08-24 01:05:00,24,77,61,2,0,3,2.0
1720,2019-08-24 02:15:00,23,83,65,1,5,3,2.0
1721,2019-08-24 03:15:00,22,85,64,2,3,3,2.0
1722,2019-08-24 04:15:00,23,85,65,1,5,3,2.0
1724,2019-08-24 21:10:00,27,53,57,3,5,3,2.0
1725,2019-08-24 22:10:00,26,54,44,3,5,3,2.0
1726,2019-08-24 23:10:00,25,61,52,2,5,3,2.0
1727,2019-08-23 01:15:00,26,80,52,1,5,3,2.0
1728,2019-08-23 02:15:00,25,82,57,1,3,3,2.0
1731,2019-08-23 20:15:00,27,62,62,2,5,4,2.0
1732,2019-08-23 21:15:00,27,66,63,2,5,4,2.0
1733,2019-08-23 22:05:00,26,71,67,2,5,4,2.0
1734,2019-08-23 23:15:00,26,69,61,2,0,3,2.0
1735,2019-08-22 01:15:00,25,86,54,2,5,4,2.0
1736,2019-08-22 02:15:00,25,88,50,2,5,4,2.0
1737,2019-08-22 03:15:00,25,88,49,1,5,4,2.0
1739,2019-08-22 20:15:00,27,78,69,1,3,3,2.0
1741,2019-08-22 22:15:00,26,85,72,2,5,3,2.0
1743,2019-08-21 01:15:00,25,89,70,1,5,4,2.0
1744,2019-08-21 02:15:00,24,90,71,2,5,4,2.0
1745,2019-08-21 03:15:00,24,92,68,1,0,4,2.0
1746,2019-08-21 04:15:00,24,95,69,2,5,4,2.0
1747,2019-08-21 20:15:00,27,72,68,2,5,3,2.0
1748,2019-08-21 21:15:00,27,79,67,2,5,3,2.0
1749,2019-08-21 22:15:00,26,81,66,2,5,3,2.0
1750,2019-08-21 23:15:00,26,83,63,2,5,4,2.0
1751,2019-08-20 01:15:00,24,81,51,2,0,4,2.0
1752,2019-08-20 02:15:00,24,84,48,2,5,4,2.0
1753,2019-08-20 03:15:00,23,86,44,2,5,4,2.0
1754,2019-08-20 04:15:00,23,87,41,2,0,4,2.0
1755,2019-08-20 20:15:00,27,77,69,1,3,4,2.0
1756,2019-08-20 21:15:00,26,88,70,1,5,4,2.0
1757,2019-08-20 22:15:00,26,78,71,2,3,4,2.0
1758,2019-08-20 23:15:00,25,82,74,1,5,4,2.0
1763,2019-08-19 20:15:00,27,68,89,2,5,4,2.0
1766,2019-08-19 23:15:00,25,76,59,2,5,4,2.0
1767,2019-08-18 01:15:00,25,83,53,2,5,1,2.0
1768,2019-08-18 02:15:00,25,83,56,2,5,3,2.0
1769,2019-08-18 03:15:00,25,83,52,2,5,3,0.0
1775,2019-08-17 01:15:00,26,86,60,1,4,4,2.0
1776,2019-08-17 02:45:00,25,92,60,1,2,4,2.0
1777,2019-08-17 03:45:00,25,92,60,1,6,4,2.0
1778,2019-08-17 04:15:00,24,92,60,1,1,4,2.0
1783,2019-08-16 01:15:00,23,99,64,1,6,4,2.0
1784,2019-08-16 02:15:00,23,98,69,1,6,4,2.0
1785,2019-08-16 03:15:00,23,98,72,0,8,4,2.0
1786,2019-08-16 04:15:00,22,99,57,1,2,4,2.0
1792,2019-08-15 02:15:00,24,99,46,1,1,4,3.0
1799,2019-08-14 01:15:00,24,97,57,1,3,4,3.0
1800,2019-08-14 02:15:00,24,96,53,1,3,4,3.0
1801,2019-08-14 03:15:00,24,95,53,2,3,4,3.0
1802,2019-08-14 04:15:00,24,97,55,1,5,4,3.0
1806,2019-08-14 23:15:00,25,94,40,1,7,4,3.0
1807,2019-08-13 01:15:00,23,99,44,1,3,4,3.0
1808,2019-08-13 02:15:00,23,99,46,1,3,4,3.0
1809,2019-08-13 03:15:00,22,99,52,1,2,2,3.0
1810,2019-08-13 04:15:00,22,99,57,1,2,4,3.0
1811,2019-08-13 20:10:00,28,80,54,2,3,4,4.0
1812,2019-08-13 21:15:00,27,83,50,2,3,4,4.0
1814,2019-08-13 23:15:00,26,93,53,1,3,4,0.0
1815,2019-08-12 01:10:00,23,94,19,2,1,4,3.0
1816,2019-08-12 02:10:00,23,89,18,3,1,4,3.0
1817,2019-08-12 03:10:00,23,91,17,2,1,4,3.0
1818,2019-08-12 04:10:00,23,89,17,3,1,4,3.0
1819,2019-08-12 20:15:00,24,95,33,2,2,4,4.0
1821,2019-08-12 22:15:00,23,98,39,1,2,4,3.0
1822,2019-08-12 23:15:00,23,99,45,0,8,4,3.0
1826,2019-08-11 04:15:00,24,99,5,4,7,0,4.0
1827,2019-08-11 20:10:00,25,84,40,2,1,3,4.0
1833,2019-08-10 03:15:00,26,91,24,2,5,1,4.0
1834,2019-08-10 04:15:00,26,91,20,2,3,1,4.0
1835,2019-08-10 20:15:00,25,98,7,3,3,0,4.0
1837,2019-08-10 22:15:00,25,99,7,3,7,1,4.0
1839,2019-08-09 01:15:00,27,92,45,2,5,3,4.0
1840,2019-08-09 02:15:00,27,93,41,2,5,3,4.0
1841,2019-08-09 03:15:00,27,95,39,2,5,3,4.0
1842,2019-08-09 04:15:00,26,97,37,2,5,3,4.0
1843,2019-08-09 20:15:00,30,76,51,3,5,1,4.0
1844,2019-08-09 21:15:00,29,78,42,3,5,1,4.0
1845,2019-08-09 22:15:00,28,83,45,3,5,1,4.0
1846,2019-08-09 23:15:00,28,84,38,3,5,1,4.0
1847,2019-08-08 01:15:00,25,99,51,2,7,3,4.0
1849,2019-08-08 03:15:00,26,99,52,1,7,3,4.0
1850,2019-08-08 04:15:00,26,99,51,1,3,3,4.0
1851,2019-08-08 21:15:00,29,83,59,3,5,3,4.0
1852,2019-08-08 22:15:00,29,86,60,2,5,3,4.0
1853,2019-08-08 23:15:00,28,90,52,2,5,3,4.0
1854,2019-08-07 01:20:00,27,95,54,1,5,3,5.0
1855,2019-08-07 02:20:00,27,94,52,1,0,3,5.0
1856,2019-08-07 03:20:00,27,92,48,2,0,3,5.0
1858,2019-08-07 20:10:00,25,99,47,2,7,0,4.0
1859,2019-08-07 21:15:00,26,98,35,1,7,0,4.0
1860,2019-08-07 22:15:00,25,98,39,1,7,1,4.0
1861,2019-08-07 23:15:00,25,99,35,1,1,3,4.0
1862,2019-08-06 01:20:00,26,97,39,1,0,3,0.0
1867,2019-08-06 21:15:00,28,86,54,2,5,1,5.0
1873,2019-08-05 20:20:00,28,87,51,1,7,1,0.0
1882,2019-08-04 21:15:00,26,88,35,2,0,1,0.0
1883,2019-08-04 22:15:00,26,91,37,2,0,1,0.0
1885,2019-08-03 01:15:00,24,98,34,2,3,3,0.0
1892,2019-08-03 23:15:00,27,84,63,2,0,3,0.0
1897,2019-08-02 20:10:00,25,86,25,2,3,3,0.0
1899,2019-08-02 22:15:00,25,93,32,2,3,3,0.0
1901,2019-08-01 01:20:00,26,93,44,0,8,3,0.0
1902,2019-08-01 02:20:00,25,97,49,0,8,3,0.0
1903,2019-08-01 03:15:00,26,97,49,1,5,3,0.0
1904,2019-08-01 04:15:00,25,98,52,1,3,3,0.0
1908,2019-08-01 23:15:00,24,90,38,3,1,3,0.0
1909,2019-07-31 01:20:00,27,90,36,2,0,3,0.0
1912,2019-07-31 04:10:00,26,95,62,1,7,3,0.0
1914,2019-07-31 21:15:00,27,90,74,1,3,1,0.0
1915,2019-07-31 22:20:00,27,91,59,1,4,1,0.0
1919,2019-07-30 03:15:00,27,87,34,1,2,4,0.0
1920,2019-07-30 04:15:00,27,90,41,1,4,4,0.0
1924,2019-07-30 23:20:00,27,87,40,2,0,3,0.0
1928,2019-07-29 04:15:00,28,89,52,2,2,3,0.0
1935,2019-07-28 03:15:00,28,93,41,1,7,3,0.0
1944,2019-07-27 04:05:00,27,99,48,2,4,3,0.0
1950,2019-07-26 02:15:00,27,97,46,1,2,3,2.0
1959,2019-07-25 03:15:00,27,97,43,1,7,4,0.0
1960,2019-07-25 04:15:00,27,98,48,1,2,4,0.0
1965,2019-07-24 01:15:00,26,99,45,1,6,4,0.0
1967,2019-07-24 03:15:00,27,99,51,1,6,4,0.0
1968,2019-07-24 04:00:00,26,99,50,1,6,4,0.0
1978,2019-07-23 21:15:00,27,95,43,2,2,3,0.0
1982,2019-07-22 02:10:00,26,91,68,1,5,4,0.0
1983,2019-07-22 03:05:00,26,95,66,1,0,4,0.0
1997,2019-07-20 01:15:00,25,99,29,2,3,4,0.0
2000,2019-07-20 04:15:00,23,99,18,0,8,3,0.0
2003,2019-07-20 22:15:00,26,97,42,1,2,1,2.0
2023,2019-07-17 04:05:00,25,99,49,2,0,3,0.0
2030,2019-07-16 03:20:00,22,96,71,2,5,3,0.0
2036,2019-07-15 01:10:00,21,99,60,1,5,3,0.0
2037,2019-07-15 02:00:00,21,99,61,0,8,3,0.0
2042,2019-07-14 01:15:00,21,99,43,1,2,3,0.0
2043,2019-07-14 02:15:00,20,99,47,1,2,2,0.0
2044,2019-07-14 03:15:00,21,99,50,2,2,3,0.0
2045,2019-07-14 04:15:00,20,99,49,1,4,3,0.0
2050,2019-07-13 01:20:00,21,99,22,1,3,1,0.0
2051,2019-07-13 02:15:00,21,99,22,1,3,1,0.0
2056,2019-07-13 22:15:00,22,95,50,1,2,3,0.0
2058,2019-07-12 01:20:00,22,99,68,1,3,3,0.0
2060,2019-07-12 03:15:00,22,99,67,1,5,3,0.0
2061,2019-07-12 04:15:00,22,99,67,1,2,3,0.0
2063,2019-07-12 21:15:00,21,99,22,2,4,1,0.0
2064,2019-07-12 22:20:00,21,98,21,1,5,1,0.0
2065,2019-07-12 23:20:00,21,99,18,0,8,1,0.0
2066,2019-07-11 01:10:00,21,99,64,1,4,3,0.0
2067,2019-07-11 02:10:00,20,99,64,1,4,3,0.0
2068,2019-07-11 03:15:00,19,99,66,1,5,3,0.0
2069,2019-07-11 04:15:00,19,99,69,1,2,3,0.0
2070,2019-07-11 04:35:00,19,99,70,1,5,3,0.0
2075,2019-07-10 02:10:00,21,97,39,1,7,3,0.0
2076,2019-07-10 03:15:00,20,98,38,1,3,3,0.0
2077,2019-07-10 04:15:00,20,99,39,1,5,3,0.0
2083,2019-07-09 02:15:00,22,99,28,2,5,0,0.0
2084,2019-07-09 03:15:00,22,99,26,2,5,1,0.0
2085,2019-07-09 04:15:00,22,99,23,3,5,1,0.0
2123,2019-07-04 02:15:00,23,99,72,1,5,1,2.0
2139,2019-07-02 02:15:00,23,98,64,1,3,3,2.0
2154,2019-06-30 01:15:00,24,99,34,1,2,3,2.0
2156,2019-06-30 03:15:00,24,99,28,1,6,3,2.0
2157,2019-06-30 04:15:00,24,99,28,2,2,3,2.0
2166,2019-06-29 20:15:00,25,98,35,1,2,1,2.0
2167,2019-06-29 21:15:00,25,98,37,0,8,1,2.0
2168,2019-06-29 22:15:00,25,99,30,0,8,1,2.0
2169,2019-06-29 23:15:00,24,99,26,2,2,3,2.0
2182,2019-06-26 01:10:00,22,96,49,1,5,3,0.0
2183,2019-06-26 02:10:00,21,99,49,1,5,3,0.0
2184,2019-06-26 03:10:00,21,99,50,1,5,3,0.0
2185,2019-06-26 04:10:00,21,99,50,1,5,3,0.0
2191,2019-06-25 02:10:00,22,83,47,1,3,3,0.0
2192,2019-06-25 03:10:00,21,85,54,1,5,3,0.0
2193,2019-06-25 04:10:00,20,93,55,2,3,3,0.0
2197,2019-06-25 23:10:00,23,89,54,1,4,3,0.0
2198,2019-06-24 01:10:00,20,97,59,0,8,3,0.0
2199,2019-06-24 02:10:00,20,99,59,0,8,3,0.0
2200,2019-06-24 03:10:00,19,99,58,0,8,3,0.0
2201,2019-06-24 04:10:00,19,99,60,0,8,3,0.0
2206,2019-06-23 01:10:00,20,99,84,1,3,3,0.0
2207,2019-06-23 02:10:00,19,99,82,1,3,3,0.0
2208,2019-06-23 03:10:00,19,99,77,2,3,3,0.0
2209,2019-06-23 04:10:00,19,99,72,1,5,3,0.0
2214,2019-06-22 01:00:00,23,95,64,1,5,3,0.0
2215,2019-06-22 02:00:00,23,95,62,3,5,3,0.0
2216,2019-06-22 03:00:00,23,92,57,3,5,3,0.0
2217,2019-06-22 04:00:00,23,90,59,3,0,3,0.0
2220,2019-06-22 22:10:00,21,98,69,0,8,3,0.0
2221,2019-06-22 23:10:00,20,99,77,1,6,3,0.0
2222,2019-06-21 01:15:00,20,99,25,2,5,0,0.0
2223,2019-06-21 02:15:00,20,99,25,2,3,0,0.0
2224,2019-06-21 03:15:00,20,99,23,2,5,0,0.0
2225,2019-06-21 04:15:00,20,99,22,2,5,0,0.0
2230,2019-06-20 01:15:00,23,99,24,2,4,1,0.0
2231,2019-06-20 02:15:00,23,99,27,1,4,0,0.0
2232,2019-06-20 03:10:00,23,99,31,2,0,0,0.0
2233,2019-06-20 04:15:00,23,99,37,2,5,0,0.0
2236,2019-06-20 22:15:00,20,99,26,2,5,1,0.0
2237,2019-06-20 23:15:00,20,99,26,3,0,0,0.0
2238,2019-06-19 01:10:00,21,99,28,0,8,2,0.0
2239,2019-06-19 02:10:00,21,99,26,1,3,2,0.0
2240,2019-06-19 03:10:00,21,99,24,0,8,2,0.0
2241,2019-06-19 04:15:00,21,99,26,1,5,2,0.0
2246,2019-06-18 01:10:00,21,99,23,2,4,0,0.0
2247,2019-06-18 02:10:00,21,99,22,1,4,0,0.0
2249,2019-06-18 04:00:00,21,99,23,1,2,1,0.0
2252,2019-06-18 22:10:00,22,99,42,2,2,3,0.0
2253,2019-06-18 23:10:00,22,99,42,1,6,3,0.0
2345,2019-06-06 20:10:00,21,94,35,1,6,3,2.0
3718,2019-02-13 01:35:00,1,99,59,2,8,1,0.0
3719,2019-02-13 02:35:00,1,99,58,2,8,2,0.0
3720,2019-02-13 03:35:00,1,99,52,2,8,1,0.0
3730,2019-02-12 20:35:00,1,98,70,1,8,1,0.0
3731,2019-02-12 21:35:00,1,98,73,2,8,1,0.0
3732,2019-02-12 22:35:00,1,98,68,3,8,1,0.0
3733,2019-02-12 23:25:00,1,99,69,2,8,1,0.0
3758,2019-02-08 01:35:00,-1,98,30,4,8,5,2.0
3759,2019-02-08 02:35:00,-1,97,29,4,8,6,2.0
3760,2019-02-08 03:35:00,-1,95,23,4,8,6,2.0
3761,2019-02-08 04:35:00,-1,92,23,3,8,1,2.0
3766,2019-02-07 01:35:00,7,98,95,4,8,0,2.0
3767,2019-02-07 02:35:00,5,98,128,4,8,0,2.0
3768,2019-02-07 03:35:00,5,99,125,3,8,0,2.0
3769,2019-02-07 04:35:00,6,99,160,4,8,0,2.0
3773,2019-02-07 23:25:00,0,97,36,3,8,5,2.0
3774,2019-02-06 01:35:00,2,99,172,1,8,2,2.0
3775,2019-02-06 02:35:00,1,99,158,1,8,2,2.0
3776,2019-02-06 03:35:00,1,99,147,1,8,2,2.0
3777,2019-02-06 04:30:00,1,99,139,1,8,4,2.0
3780,2019-02-06 22:35:00,10,99,125,3,8,0,2.0
3781,2019-02-06 23:25:00,9,98,124,2,8,0,2.0
3782,2019-02-05 01:30:00,1,92,137,0,8,3,2.0
3783,2019-02-05 02:35:00,0,95,139,1,8,3,2.0
3785,2019-02-05 04:35:00,0,97,147,1,8,3,2.0
3790,2019-02-04 01:35:00,0,99,186,2,8,2,2.0
3791,2019-02-04 02:35:00,0,99,173,1,8,2,2.0
3792,2019-02-04 03:35:00,-1,99,162,1,8,2,2.0
3793,2019-02-04 04:35:00,-2,99,155,1,8,2,2.0
3795,2019-02-04 21:35:00,7,57,117,2,8,3,2.0
3796,2019-02-04 22:30:00,6,63,124,1,8,3,2.0
3797,2019-02-04 23:25:00,4,79,132,1,8,3,2.0
3798,2019-02-03 01:30:00,7,99,64,2,8,1,2.0
3799,2019-02-03 02:35:00,6,98,58,2,8,1,2.0
3800,2019-02-03 03:35:00,6,98,60,2,8,1,2.0
3801,2019-02-03 04:35:00,6,98,67,2,8,1,2.0
3804,2019-02-03 22:35:00,2,99,189,2,8,4,2.0
3805,2019-02-03 23:25:00,1,99,190,1,8,4,2.0
3806,2019-02-02 01:30:00,4,84,149,2,8,3,2.0
3807,2019-02-02 02:15:00,4,84,124,2,8,3,2.0
3808,2019-02-02 03:30:00,4,82,104,2,8,3,2.0
3809,2019-02-02 04:35:00,5,83,92,2,8,3,2.0
3810,2019-02-02 20:35:00,8,87,59,2,8,1,2.0
3811,2019-02-02 21:30:00,7,90,59,2,8,1,2.0
3812,2019-02-02 22:35:00,7,93,64,2,8,1,2.0
3813,2019-02-02 23:20:00,7,96,60,2,8,1,2.0
3814,2019-02-01 01:30:00,0,91,60,2,8,3,2.0
3815,2019-02-01 02:30:00,0,90,67,2,8,3,2.0
3816,2019-02-01 03:30:00,0,91,68,2,8,3,2.0
3817,2019-02-01 04:35:00,0,93,72,1,8,3,2.0
3818,2019-02-01 20:35:00,2,88,85,2,8,4,2.0
3819,2019-02-01 21:35:00,3,87,92,3,8,4,2.0
3820,2019-02-01 22:40:00,3,85,100,2,8,4,2.0
3821,2019-02-01 23:20:00,3,85,132,3,8,3,2.0
3824,2019-01-31 03:35:00,0,99,19,2,8,1,2.0
3825,2019-01-31 04:25:00,0,99,17,2,8,0,2.0
3826,2019-01-31 20:30:00,0,89,58,2,8,1,2.0
3827,2019-01-31 21:35:00,0,88,58,2,8,1,2.0
3828,2019-01-31 22:35:00,0,90,58,2,8,1,2.0
3829,2019-01-31 23:25:00,0,90,57,2,8,3,2.0
3830,2019-01-30 01:35:00,5,99,155,2,8,3,3.0
3831,2019-01-30 02:30:00,5,99,156,1,8,3,3.0
3832,2019-01-30 03:30:00,5,99,149,1,8,3,3.0
3833,2019-01-30 04:25:00,5,99,149,1,8,3,3.0
3834,2019-01-30 21:20:00,3,98,32,3,8,0,3.0
3835,2019-01-30 22:20:00,6,98,20,2,8,0,2.0
3836,2019-01-30 23:10:00,4,98,20,4,8,0,2.0
3837,2019-01-29 01:00:00,4,97,142,2,8,1,3.0
3839,2019-01-29 03:00:00,4,96,145,2,8,1,3.0
3841,2019-01-29 20:30:00,5,94,155,1,8,0,3.0
3842,2019-01-29 21:35:00,5,96,148,1,8,1,3.0
3843,2019-01-29 22:35:00,5,98,150,1,8,0,3.0
3844,2019-01-29 23:15:00,5,99,149,1,8,2,3.0
3845,2019-01-28 01:20:00,6,64,145,1,8,1,3.0
3846,2019-01-28 02:20:00,5,72,168,1,8,3,3.0
3847,2019-01-28 03:35:00,5,73,185,1,8,3,3.0
3848,2019-01-28 04:35:00,5,70,192,1,8,3,3.0
3849,2019-01-28 20:35:00,4,96,160,1,8,1,3.0
3850,2019-01-28 21:10:00,4,96,166,1,8,1,3.0
3851,2019-01-28 22:00:00,4,96,166,1,8,0,3.0
3852,2019-01-28 23:00:00,4,97,159,2,8,1,3.0
3853,2019-01-27 01:30:00,-2,85,56,2,8,4,3.0
3854,2019-01-27 02:30:00,-1,78,57,1,8,4,3.0
3855,2019-01-27 03:35:00,-2,79,57,1,8,4,3.0
3856,2019-01-27 04:15:00,-2,85,56,1,8,4,3.0
3857,2019-01-27 20:35:00,7,56,87,2,8,1,3.0
3858,2019-01-27 21:35:00,6,63,90,2,8,1,3.0
3859,2019-01-27 22:20:00,7,60,92,1,8,1,3.0
3860,2019-01-27 23:20:00,6,67,95,2,8,3,3.0
3861,2019-01-26 01:30:00,0,69,73,2,8,3,3.0
3862,2019-01-26 02:35:00,0,69,64,2,8,3,3.0
3863,2019-01-26 03:25:00,0,69,55,2,8,3,3.0
3864,2019-01-26 04:30:00,0,78,49,2,8,3,3.0
3865,2019-01-26 20:25:00,0,68,61,1,8,4,3.0
3866,2019-01-26 21:35:00,0,73,58,1,8,4,3.0
3867,2019-01-26 22:30:00,-1,77,56,1,8,4,3.0
3868,2019-01-26 23:05:00,-1,81,59,2,8,4,3.0
3873,2019-01-25 20:35:00,5,82,176,4,8,3,3.0
3881,2019-01-24 20:25:00,5,61,113,1,8,4,3.0
3882,2019-01-24 20:50:00,5,63,142,2,8,4,3.0
3884,2019-01-23 01:35:00,-1,94,170,1,8,4,3.0
3885,2019-01-23 02:35:00,-2,96,166,1,8,4,3.0
3886,2019-01-23 03:35:00,-2,96,163,1,8,4,3.0
3887,2019-01-23 04:35:00,-2,97,170,1,8,4,3.0
3888,2019-01-23 20:35:00,3,80,113,1,8,4,3.0
3892,2019-01-22 01:20:00,1,63,102,2,8,4,3.0
3893,2019-01-22 02:20:00,0,70,97,1,8,4,3.0
3894,2019-01-22 03:20:00,-1,73,92,3,8,4,3.0
3895,2019-01-22 04:20:00,-1,73,84,2,8,4,3.0
3896,2019-01-22 20:20:00,2,54,106,1,8,4,3.0
3897,2019-01-22 21:35:00,0,84,115,1,8,4,3.0
3898,2019-01-22 22:35:00,0,87,137,0,8,4,3.0
3899,2019-01-22 23:05:00,0,91,155,0,8,4,3.0
3904,2019-01-21 20:20:00,1,70,85,2,8,4,3.0
3905,2019-01-21 21:20:00,1,75,102,1,8,4,3.0
3906,2019-01-21 22:20:00,0,81,107,1,8,4,3.0
3907,2019-01-21 23:10:00,0,65,109,1,8,4,3.0
3908,2019-01-20 01:10:00,3,89,241,3,8,3,2.0
3910,2019-01-20 03:20:00,3,89,237,3,8,2,2.0
3911,2019-01-20 04:20:00,3,89,237,3,8,2,2.0
3916,2019-01-19 01:25:00,7,77,59,4,8,3,2.0
3917,2019-01-19 02:25:00,6,79,64,3,8,3,2.0
3920,2019-01-19 20:35:00,4,87,219,2,8,1,2.0
3921,2019-01-19 21:20:00,5,87,229,2,8,2,2.0
3922,2019-01-19 22:35:00,4,89,233,2,8,1,2.0
3923,2019-01-19 23:10:00,3,88,237,2,8,2,2.0
3928,2019-01-18 20:35:00,7,73,108,3,8,4,2.0
3929,2019-01-18 21:30:00,8,74,109,3,8,4,2.0
3930,2019-01-18 22:35:00,7,77,85,2,8,4,2.0
3931,2019-01-18 23:20:00,7,79,65,2,8,3,2.0
3948,2019-01-15 01:35:00,3,96,212,1,8,1,0.0
3949,2019-01-15 02:35:00,3,97,220,2,8,1,0.0
3950,2019-01-15 03:35:00,3,97,225,2,8,1,0.0
3951,2019-01-15 04:35:00,3,97,227,2,8,1,0.0
3962,2019-01-14 22:35:00,3,93,198,2,8,1,0.0
3963,2019-01-14 23:25:00,3,94,198,3,8,1,0.0
