uptime,temperature,humidity,aqi,winp,wind,weather,rtu2
2019/12/1 1:57,5℃,99%,45,3级,西北风,雨,145
2019/12/1 2:53,5℃,98%,52,2级,西北风,雨,117
2019/12/1 3:52,5℃,98%,58,2级,西北风,雨,113
2019/11/30 1:10,7℃,80%,44,2级,东北风,多云,70
2019/11/30 1:54,7℃,81%,46,2级,东北风,多云,67
2019/11/30 2:59,7℃,85%,47,2级,东北风,多云,69
2019/11/30 4:01,6℃,86%,51,2级,北风,多云,68
2019/11/30 4:56,6℃,87%,51,2级,北风,多云,65
2019/11/30 20:50,5℃,99%,58,2级,西北风,雨,66
2019/11/30 21:35,5℃,99%,59,2级,西北风,阴,66
2019/11/30 22:59,5℃,99%,59,3级,西北风,雨,53
2019/11/29 21:04,8℃,68%,47,2级,东风,晴,57
2019/11/29 22:06,8℃,69%,42,2级,东风,晴,64
2019/11/29 22:59,8℃,74%,42,2级,东北风,多云,63
2019/11/28 2:02,4℃,90%,98,1级,北风,阴,73
2019/11/28 3:08,4℃,83%,78,2级,北风,阴,74
2019/11/28 4:04,3℃,74%,53,3级,东北风,阴,76
2019/11/27 2:03,5℃,99%,29,3级,东北风,雨,64
2019/11/27 3:02,5℃,99%,30,3级,东北风,雨,68
2019/11/27 4:00,4℃,99%,29,2级,东北风,雨,69
2019/11/27 4:56,3℃,97%,25,4级,东北风,雨,69
2019/11/27 21:04,3℃,93%,78,2级,西北风,阴,62
2019/11/27 22:10,4℃,90%,82,2级,西北风,阴,75
2019/11/27 23:03,4℃,91%,84,2级,西风,阴,73
2019/11/26 20:02,6℃,95%,32,2级,北风,雨,85
2019/11/26 21:08,6℃,95%,30,2级,东北风,雨,83
2019/11/26 22:07,5℃,97%,29,2级,东北风,雨,69
2019/11/26 23:04,5℃,98%,28,2级,东北风,雨,47
2019/10/13 1:05,17℃,98%,65,2级,北风,阴,99
2019/10/13 2:05,17℃,98%,79,2级,北风,阴,102
2019/10/13 3:05,17℃,97%,92,2级,北风,阴,109
2019/10/13 4:05,17℃,97%,100,1级,东北风,阴,102
2019/10/12 1:15,18℃,90%,93,2级,北风,多云,97
2019/10/12 2:15,18℃,93%,97,1级,西北风,多云,105
2019/10/12 3:15,18℃,94%,100,2级,西北风,多云,96
2019/10/12 4:15,17℃,96%,98,2级,西北风,多云,102
2019/10/12 20:05,18℃,99%,51,1级,西北风,阴,91
2019/10/12 21:10,18℃,99%,48,1级,西北风,阴,92
2019/10/12 22:05,18℃,95%,50,2级,北风,阴,95
2019/10/12 23:05,17℃,96%,52,2级,北风,阴,99
2019/10/11 1:15,18℃,88%,48,2级,西北风,多云,94
2019/10/11 2:10,18℃,89%,48,2级,西北风,多云,94
2019/10/11 3:15,18℃,91%,38,2级,西北风,多云,95
2019/10/11 4:15,18℃,91%,38,1级,西北风,多云,93
2019/10/11 20:15,19℃,83%,63,1级,西北风,晴,81
2019/10/11 21:15,18℃,87%,65,2级,西北风,晴,89
2019/10/11 22:15,19℃,87%,84,2级,北风,晴,89
2019/10/11 23:15,18℃,88%,92,2级,西北风,多云,91
2019/10/10 1:10,19℃,86%,82,2级,东南风,多云,89
2019/10/10 2:15,19℃,88%,77,1级,东南风,多云,99
2019/10/10 3:15,19℃,88%,79,2级,东南风,多云,99
2019/10/10 4:15,19℃,91%,79,1级,西南风,多云,97
2019/10/10 20:15,19℃,86%,73,1级,西风,晴,78
2019/10/10 21:15,19℃,87%,67,2级,西风,晴,78
2019/10/10 22:15,19℃,84%,65,2级,西北风,晴,88
2019/10/10 23:15,18℃,87%,58,2级,西北风,多云,93
2019/10/9 1:15,14℃,99%,49,1级,南风,多云,105
2019/10/9 2:15,14℃,99%,52,0级,无持续风向,多云,100
2019/10/9 3:15,14℃,99%,52,0级,无持续风向,多云,107
2019/10/9 4:15,13℃,99%,54,1级,东南风,雾,106
2019/10/9 20:15,19℃,84%,64,2级,东风,晴,82
2019/10/9 21:15,19℃,80%,71,2级,东风,晴,84
2019/10/9 22:15,20℃,82%,75,2级,东南风,晴,83
2019/10/9 23:15,19℃,84%,75,2级,东南风,多云,97
2019/10/8 20:15,15℃,94%,56,2级,西南风,阴,90
2019/10/8 21:15,14℃,95%,59,1级,西南风,阴,97
2019/10/8 22:15,14℃,97%,57,0级,无持续风向,阴,86
2019/10/8 23:15,14℃,97%,52,0级,无持续风向,多云,78
2019/9/25 1:05,18℃,85%,97,0级,无持续风向,多云,14
2019/9/25 2:05,18℃,86%,97,1级,北风,多云,14
2019/9/25 3:05,18℃,90%,101,1级,西北风,多云,17
2019/9/25 4:05,18℃,92%,108,1级,东风,多云,15
2019/9/25 20:15,21℃,74%,64,1级,西北风,阴,5283
2019/9/25 21:15,21℃,81%,74,1级,北风,阴,5313
2019/9/24 1:15,14℃,95%,78,1级,东北风,多云,12
2019/9/24 2:15,13℃,94%,79,1级,东南风,多云,11
2019/9/24 3:05,14℃,96%,91,1级,北风,多云,12
2019/9/24 4:05,14℃,92%,90,1级,东北风,多云,11
2019/9/24 20:15,20℃,73%,76,0级,无持续风向,多云,0
2019/9/24 21:15,19℃,81%,81,1级,北风,多云,0
2019/9/24 22:15,19℃,90%,81,1级,东北风,多云,19
2019/9/24 23:15,19℃,82%,80,1级,北风,多云,15
2019/9/23 1:05,17℃,84%,71,2级,北风,晴,12
2019/9/23 2:05,17℃,80%,68,2级,北风,晴,13
2019/9/23 3:05,17℃,78%,68,1级,东北风,晴,12
2019/9/23 4:05,15℃,80%,53,1级,东北风,晴,13
2019/9/23 20:15,17℃,68%,56,2级,西风,晴,0
2019/9/23 21:10,16℃,88%,63,0级,无持续风向,晴,0
2019/9/23 22:15,15℃,93%,77,1级,东北风,晴,17
2019/9/23 23:15,14℃,90%,81,1级,西北风,多云,14
2019/9/22 1:05,17℃,89%,31,2级,北风,晴,13
2019/9/22 2:05,16℃,93%,33,2级,北风,晴,12
2019/9/22 3:05,16℃,93%,38,1级,西北风,晴,12
2019/9/22 4:05,16℃,96%,41,2级,西北风,晴,11
2019/9/22 20:05,20℃,63%,64,1级,北风,晴,0
2019/9/22 21:00,21℃,61%,67,2级,北风,晴,0
2019/9/22 22:05,19℃,67%,70,1级,北风,晴,15
2019/9/22 23:05,20℃,62%,68,1级,西北风,晴,13
2019/9/21 1:15,15℃,89%,41,1级,北风,晴,0
2019/9/21 2:15,15℃,87%,37,2级,北风,晴,0
2019/9/21 3:15,15℃,90%,36,1级,北风,晴,11
2019/9/21 4:15,15℃,89%,37,1级,北风,晴,0
2019/9/21 20:05,21℃,70%,60,2级,北风,晴,0
2019/9/21 21:05,20℃,74%,61,2级,北风,晴,0
2019/9/21 22:05,20℃,75%,55,2级,北风,晴,13
2019/9/21 23:05,19℃,80%,51,2级,东北风,晴,13
2019/9/20 20:15,20℃,63%,46,2级,东北风,晴,0
2019/9/20 21:15,19℃,67%,45,1级,东北风,晴,0
2019/9/20 22:15,17℃,77%,53,1级,北风,晴,16
2019/9/20 23:15,17℃,81%,48,2级,北风,晴,14
2019/9/19 20:15,21℃,54%,53,2级,东北风,晴,0
2019/9/19 21:15,20℃,62%,38,2级,东北风,晴,0
2019/9/19 22:15,19℃,66%,51,2级,东北风,晴,17
2019/9/19 23:15,18℃,76%,55,2级,东北风,晴,15
2019/9/18 1:15,21℃,96%,70,2级,西北风,多云,0
2019/9/18 2:15,21℃,96%,69,2级,西北风,多云,0
2019/9/18 3:15,21℃,96%,67,2级,北风,多云,0
2019/9/18 4:15,21℃,94%,68,2级,北风,多云,0
2019/9/18 20:15,23℃,76%,89,3级,东北风,晴,0
2019/9/18 21:15,22℃,80%,81,2级,东北风,晴,0
2019/9/18 22:15,21℃,84%,72,2级,东北风,晴,11
2019/9/18 23:15,21℃,87%,62,3级,东北风,晴,12
2019/9/17 1:15,20℃,76%,48,2级,东北风,多云,0
2019/9/17 2:15,20℃,78%,43,2级,东北风,多云,0
2019/9/17 3:15,20℃,80%,46,0级,无持续风向,多云,0
2019/9/17 4:15,20℃,80%,48,1级,东北风,多云,0
2019/9/17 20:15,22℃,86%,79,2级,北风,阴,12
2019/9/17 21:15,22℃,88%,76,2级,北风,阴,15
2019/9/17 22:10,21℃,90%,65,2级,西北风,阴,0
2019/9/17 23:15,21℃,92%,64,1级,西北风,多云,0
2019/9/16 1:15,22℃,75%,43,1级,北风,多云,0
2019/9/16 2:15,21℃,82%,38,2级,西北风,多云,0
2019/9/16 3:15,21℃,85%,43,2级,西北风,多云,0
2019/9/16 4:15,20℃,87%,45,2级,北风,多云,0
2019/9/16 20:15,21℃,75%,45,2级,北风,多云,0
2019/9/16 21:15,20℃,79%,52,2级,东北风,多云,12
2019/9/16 22:15,20℃,79%,56,2级,北风,多云,0
2019/9/16 23:15,20℃,77%,56,2级,北风,多云,0
2019/9/15 1:00,23℃,89%,37,1级,东北风,晴,0
2019/9/15 2:05,22℃,90%,32,2级,北风,阴,0
2019/9/15 3:05,22℃,90%,27,2级,北风,阴,0
2019/9/15 4:05,22℃,92%,28,2级,东北风,阴,0
2019/9/15 20:15,24℃,66%,52,2级,北风,晴,0
2019/9/15 21:15,23℃,68%,54,2级,北风,晴,0
2019/9/15 22:15,23℃,71%,40,2级,北风,晴,13
2019/9/15 23:15,23℃,70%,39,2级,北风,多云,0
2019/9/14 20:05,23℃,94%,65,2级,东北风,阴,0
2019/9/14 21:05,23℃,92%,46,2级,东北风,阴,0
2019/9/14 22:05,23℃,90%,40,2级,东风,阴,0
2019/9/14 23:15,22℃,92%,38,2级,东北风,阴,0
2019/9/13 1:15,24℃,93%,60,2级,东北风,多云,0
2019/9/13 2:15,24℃,92%,61,2级,东风,多云,0
2019/9/13 3:15,24℃,91%,57,2级,东风,多云,0
2019/9/13 4:15,23℃,92%,57,2级,东北风,多云,0
2019/9/12 1:15,24℃,91%,54,2级,东风,多云,0
2019/9/12 2:15,24℃,94%,54,2级,东风,多云,0
2019/9/12 3:15,23℃,96%,54,2级,东北风,多云,0
2019/9/12 4:00,24℃,94%,51,2级,东风,晴,0
2019/9/12 21:00,28℃,78%,69,3级,东风,晴,0
2019/9/12 21:35,27℃,81%,63,3级,东风,晴,0
2019/9/12 22:15,26℃,84%,63,2级,东风,晴,0
2019/9/12 23:15,25℃,88%,57,2级,东风,多云,0
2019/9/11 1:15,23℃,97%,43,2级,东北风,多云,0
2019/9/11 2:15,23℃,98%,41,2级,东北风,多云,0
2019/9/11 3:15,23℃,99%,43,1级,东风,多云,0
2019/9/11 4:15,23℃,99%,38,2级,东风,多云,0
2019/9/11 20:15,27℃,84%,58,3级,东北风,晴,0
2019/9/11 21:10,26℃,86%,57,2级,东风,晴,0
2019/9/11 22:15,25℃,88%,55,2级,东北风,晴,0
2019/9/11 23:15,25℃,88%,53,2级,东风,多云,0
2019/9/10 1:15,21℃,99%,63,1级,北风,晴,0
2019/9/10 2:15,21℃,99%,59,2级,北风,晴,0
2019/9/10 3:15,21℃,99%,59,1级,北风,晴,0
2019/9/10 4:10,21℃,99%,60,2级,东北风,晴,0
2019/9/10 20:10,26℃,80%,54,2级,东北风,晴,0
2019/9/10 21:15,25℃,88%,58,2级,东北风,晴,0
2019/9/10 22:15,24℃,91%,53,2级,东北风,晴,0
2019/9/10 23:05,24℃,91%,50,2级,东北风,多云,0
2019/9/9 1:10,21℃,92%,74,1级,东北风,晴,0
2019/9/9 2:10,21℃,93%,74,2级,东北风,晴,0
2019/9/9 3:15,20℃,95%,78,1级,北风,晴,0
2019/9/9 4:15,20℃,98%,77,2级,东北风,晴,0
2019/9/9 20:15,25℃,79%,55,2级,东北风,晴,0
2019/9/9 21:15,24℃,84%,68,2级,东北风,晴,0
2019/9/9 22:15,23℃,88%,80,1级,北风,晴,0
2019/9/9 23:15,22℃,96%,73,2级,东北风,晴,0
2019/9/8 1:15,20℃,99%,119,1级,东北风,晴,0
2019/9/8 2:15,19℃,99%,124,0级,无持续风向,晴,0
2019/9/8 3:15,19℃,99%,122,1级,北风,晴,0
2019/9/8 4:15,19℃,99%,121,1级,西北风,晴,0
2019/9/8 20:10,24℃,77%,69,1级,北风,晴,0
2019/9/8 21:10,23℃,83%,80,2级,东北风,晴,0
2019/9/8 22:10,23℃,80%,83,2级,东北风,晴,0
2019/9/8 23:10,21℃,91%,76,1级,东南风,晴,0
2019/9/7 1:15,20℃,97%,59,2级,西风,多云,0
2019/9/7 2:15,20℃,98%,60,1级,西风,多云,0
2019/9/7 3:15,19℃,99%,64,2级,西风,多云,0
2019/9/7 4:15,19℃,99%,62,2级,西风,多云,0
2019/9/7 20:15,22℃,92%,78,0级,无持续风向,晴,0
2019/9/7 21:15,21℃,94%,83,1级,东北风,晴,0
2019/9/7 22:15,20℃,98%,89,2级,南风,晴,0
2019/9/7 23:10,20℃,97%,105,0级,无持续风向,晴,0
2019/9/6 1:15,21℃,99%,35,1级,北风,多云,0
2019/9/6 2:15,20℃,99%,37,1级,北风,多云,11
2019/9/6 3:15,21℃,99%,43,2级,北风,多云,11
2019/9/6 4:15,22℃,99%,43,1级,北风,多云,11
2019/9/6 20:15,23℃,78%,41,2级,西北风,多云,0
2019/9/6 21:15,23℃,82%,53,1级,西北风,多云,11
2019/9/6 22:15,22℃,85%,56,2级,西北风,多云,0
2019/9/6 23:15,21℃,90%,54,1级,西北风,多云,0
2019/9/5 1:15,20℃,99%,40,0级,无持续风向,多云,14
2019/9/5 2:15,20℃,99%,35,2级,北风,多云,13
2019/9/5 3:15,20℃,99%,37,1级,东北风,多云,13
2019/9/5 4:15,20℃,97%,39,1级,北风,多云,12
2019/9/5 20:15,22℃,93%,41,1级,东北风,晴,16
2019/9/5 21:15,22℃,96%,49,1级,东北风,晴,15
2019/9/5 22:15,21℃,98%,51,1级,东北风,晴,14
2019/9/5 23:15,21℃,98%,44,1级,东北风,多云,13
2019/9/4 1:15,21℃,97%,15,1级,东北风,多云,17
2019/9/4 2:15,21℃,97%,15,2级,东北风,多云,16
2019/9/4 3:15,20℃,96%,15,2级,北风,多云,17
2019/9/4 4:15,20℃,93%,16,2级,东北风,多云,16
2019/9/4 20:15,22℃,91%,36,1级,东北风,晴,19
2019/9/4 21:15,21℃,92%,48,1级,北风,晴,18
2019/9/4 22:15,21℃,93%,54,1级,东北风,晴,16
2019/9/4 23:15,20℃,98%,53,1级,北风,多云,15
2019/9/3 1:00,22℃,92%,40,1级,北风,阴,13
2019/9/3 2:10,21℃,96%,46,2级,西北风,阴,12
2019/9/3 3:00,21℃,96%,45,2级,北风,阴,11
2019/9/3 4:00,21℃,95%,36,1级,北风,阴,13
2019/9/3 20:15,22℃,90%,20,2级,东北风,多云,24
2019/9/3 21:15,21℃,95%,20,2级,东风,多云,20
2019/9/3 22:15,21℃,96%,19,2级,东北风,多云,20
2019/9/3 23:15,21℃,96%,19,2级,东风,多云,20
2019/9/2 1:15,20℃,98%,39,2级,东北风,多云,14
2019/9/2 2:15,20℃,98%,37,2级,东北风,阴,11
2019/9/2 3:15,20℃,98%,35,2级,东北风,阴,0
2019/9/2 4:10,20℃,99%,35,2级,东北风,阴,0
2019/9/2 20:10,23℃,77%,43,1级,东南风,阴,0
2019/9/2 21:10,22℃,84%,51,0级,无持续风向,阴,15
2019/9/2 22:10,22℃,91%,51,1级,西风,阴,14
2019/9/2 23:10,22℃,92%,51,1级,西风,阴,14
2019/9/1 1:10,23℃,93%,55,2级,东风,阴,0
2019/9/1 2:10,23℃,93%,57,1级,东北风,阴,0
2019/9/1 3:10,23℃,93%,54,2级,东北风,阴,0
2019/9/1 4:10,23℃,93%,54,2级,东风,阴,0
2019/9/1 20:15,20℃,89%,30,2级,东北风,多云,0
2019/9/1 21:15,20℃,93%,31,2级,东风,多云,0
2019/9/1 22:15,20℃,93%,33,1级,东风,多云,11
2019/9/1 23:15,20℃,96%,34,2级,东北风,多云,14
2019/8/31 1:15,20℃,88%,45,1级,北风,多云,0
2019/8/31 2:15,20℃,87%,48,1级,北风,多云,0
2019/8/31 3:15,20℃,90%,48,2级,北风,多云,0
2019/8/31 4:10,20℃,90%,51,1级,北风,多云,0
2019/8/31 20:10,22℃,86%,58,2级,东北风,阴,0
2019/8/31 21:10,23℃,87%,62,2级,东北风,阴,0
2019/8/31 22:10,23℃,88%,60,2级,东北风,阴,0
2019/8/31 23:10,23℃,91%,63,2级,东北风,阴,0
2019/8/30 1:15,22℃,94%,38,2级,西北风,多云,0
2019/8/30 2:15,22℃,88%,51,2级,北风,多云,0
2019/8/30 3:15,21℃,88%,52,2级,西北风,多云,0
2019/8/30 4:15,20℃,94%,55,2级,西北风,多云,0
2019/8/30 20:15,23℃,78%,46,2级,北风,阴,0
2019/8/30 21:15,21℃,90%,48,1级,北风,阴,0
2019/8/30 22:15,20℃,89%,47,1级,北风,阴,0
2019/8/30 23:15,20℃,90%,45,1级,北风,多云,0
2019/8/29 1:15,22℃,98%,41,2级,南风,多云,18
2019/8/29 2:15,22℃,98%,34,1级,南风,多云,16
2019/8/29 3:10,22℃,99%,35,1级,西风,多云,19
2019/8/29 20:15,27℃,81%,49,2级,西南风,多云,0
2019/8/29 21:15,26℃,77%,34,1级,西风,多云,0
2019/8/29 22:15,25℃,82%,31,2级,北风,多云,0
2019/8/29 23:15,23℃,89%,32,1级,北风,多云,0
2019/8/28 1:15,25℃,97%,16,2级,东北风,阴,0
2019/8/28 2:15,25℃,97%,12,1级,东北风,阴,0
2019/8/28 3:15,25℃,97%,12,2级,北风,阴,0
2019/8/28 4:15,25℃,96%,12,2级,北风,阴,0
2019/8/28 20:15,23℃,95%,40,1级,南风,阴,24
2019/8/28 21:15,23℃,96%,50,2级,西南风,阴,22
2019/8/28 22:15,23℃,94%,51,1级,南风,阴,21
2019/8/28 23:15,23℃,95%,51,0级,无持续风向,多云,19
2019/8/27 1:15,26℃,99%,52,2级,西北风,阴,0
2019/8/27 2:15,26℃,99%,52,2级,北风,阴,0
2019/8/27 3:15,26℃,99%,52,1级,北风,阴,0
2019/8/27 4:15,26℃,99%,54,1级,西北风,阴,0
2019/8/27 20:15,26℃,93%,34,3级,北风,多云,0
2019/8/27 21:15,25℃,93%,28,2级,北风,多云,0
2019/8/27 22:15,25℃,93%,22,2级,东北风,多云,0
2019/8/27 23:15,25℃,96%,14,2级,北风,阴,0
2019/8/26 1:15,26℃,94%,35,2级,东北风,多云,13
2019/8/26 2:10,26℃,95%,29,2级,东北风,多云,12
2019/8/26 3:10,25℃,96%,25,2级,东北风,多云,11
2019/8/26 4:15,25℃,97%,26,2级,北风,多云,0
2019/8/26 20:15,27℃,91%,46,3级,东北风,多云,0
2019/8/26 21:15,27℃,94%,59,2级,东北风,多云,0
2019/8/26 22:15,27℃,98%,58,1级,北风,多云,0
2019/8/26 23:15,27℃,99%,61,1级,东北风,阴,0
2019/8/25 1:10,24℃,68%,57,2级,东北风,多云,14
2019/8/25 2:10,24℃,74%,54,2级,东北风,多云,13
2019/8/25 3:10,24℃,78%,59,2级,东北风,多云,13
2019/8/25 4:15,24℃,82%,65,2级,东北风,多云,13
2019/8/25 20:10,28℃,85%,61,3级,东北风,多云,0
2019/8/25 21:10,28℃,86%,57,3级,东北风,多云,0
2019/8/25 22:10,27℃,86%,51,3级,东北风,多云,11
2019/8/25 23:15,27℃,88%,54,3级,东北风,多云,12
2019/8/24 1:05,24℃,77%,61,2级,东风,多云,0
2019/8/24 2:15,23℃,83%,65,1级,东北风,多云,0
2019/8/24 3:15,22℃,85%,64,2级,北风,多云,11
2019/8/24 4:15,23℃,85%,65,1级,东北风,多云,12
2019/8/24 20:10,27℃,57%,74,3级,东北风,多云,0
2019/8/24 21:10,27℃,53%,57,3级,东北风,多云,0
2019/8/24 22:10,26℃,54%,44,3级,东北风,多云,11
2019/8/24 23:10,25℃,61%,52,2级,东北风,多云,12
2019/8/23 1:15,26℃,80%,52,1级,东北风,多云,0
2019/8/23 2:15,25℃,82%,57,1级,北风,多云,0
2019/8/23 3:15,25℃,85%,56,1级,北风,多云,0
2019/8/23 4:10,25℃,87%,55,1级,北风,多云,0
2019/8/23 20:15,27℃,62%,62,2级,东北风,晴,0
2019/8/23 21:15,27℃,66%,63,2级,东北风,晴,0
2019/8/23 22:05,26℃,71%,67,2级,东北风,晴,0
2019/8/23 23:15,26℃,69%,61,2级,东风,多云,0
2019/8/22 1:15,25℃,86%,54,2级,东北风,晴,12
2019/8/22 2:15,25℃,88%,50,2级,东北风,晴,0
2019/8/22 3:15,25℃,88%,49,1级,东北风,晴,11
2019/8/22 4:10,25℃,86%,53,2级,北风,晴,0
2019/8/22 20:15,27℃,78%,69,1级,北风,多云,0
2019/8/22 21:15,27℃,80%,73,2级,北风,多云,0
2019/8/22 22:15,26℃,85%,72,2级,东北风,多云,12
2019/8/22 23:15,26℃,83%,63,2级,东北风,多云,11
2019/8/21 1:15,25℃,89%,70,1级,东北风,晴,12
2019/8/21 2:15,24℃,90%,71,2级,东北风,晴,12
2019/8/21 3:15,24℃,92%,68,1级,东风,晴,12
2019/8/21 4:15,24℃,95%,69,2级,东北风,晴,0
2019/8/21 20:15,27℃,72%,68,2级,东北风,多云,0
2019/8/21 21:15,27℃,79%,67,2级,东北风,多云,0
2019/8/21 22:15,26℃,81%,66,2级,东北风,多云,0
2019/8/21 23:15,26℃,83%,63,2级,东北风,晴,11
2019/8/20 20:15,27℃,77%,69,1级,北风,晴,0
2019/8/20 21:15,26℃,88%,70,1级,东北风,晴,0
2019/8/20 22:15,26℃,78%,71,2级,北风,晴,11
2019/8/20 23:15,25℃,82%,74,1级,东北风,晴,0
2019/7/6 1:15,26℃,95%,52,2级,南风,多云,37
2019/7/6 2:15,25℃,96%,48,1级,东南风,多云,34
2019/7/6 3:15,25℃,93%,45,2级,南风,多云,33
2019/7/6 4:10,25℃,97%,45,1级,南风,多云,36
2019/7/5 1:15,24℃,97%,61,1级,东风,多云,35
2019/7/5 2:15,23℃,96%,66,0级,无持续风向,多云,33
2019/7/5 3:15,23℃,96%,66,1级,西风,多云,34
2019/7/5 4:15,23℃,98%,69,1级,北风,多云,35
2019/7/5 20:15,27℃,88%,58,2级,东南风,晴,31
2019/7/5 21:15,26℃,90%,57,2级,南风,晴,31
2019/7/5 22:15,26℃,94%,56,1级,东南风,晴,32
2019/7/5 23:15,26℃,95%,57,2级,东南风,多云,34
2019/7/4 1:15,23℃,99%,67,0级,无持续风向,多云,36
2019/7/4 2:15,23℃,99%,72,1级,东北风,阴,34
2019/7/4 3:15,23℃,99%,73,1级,东北风,阴,32
2019/7/4 4:15,23℃,99%,75,1级,东北风,阴,36
2019/7/4 20:15,26℃,77%,65,1级,东风,阴,31
2019/7/4 21:15,25℃,83%,61,1级,东北风,阴,31
2019/7/4 22:15,24℃,92%,62,0级,无持续风向,阴,32
2019/7/4 23:15,24℃,94%,61,0级,无持续风向,多云,37
2019/7/3 1:15,24℃,82%,44,2级,东北风,多云,39
2019/7/3 2:15,23℃,84%,51,2级,东北风,多云,36
2019/7/3 3:15,23℃,88%,51,2级,东北风,多云,30
2019/7/3 4:15,23℃,89%,55,2级,北风,多云,34
2019/7/3 20:15,27℃,75%,67,2级,东风,多云,31
2019/7/3 21:15,27℃,77%,58,1级,东风,多云,30
2019/7/3 22:15,24℃,92%,61,1级,西南风,多云,30
2019/7/3 23:15,24℃,93%,65,1级,北风,多云,32
2019/7/2 1:15,24℃,92%,63,1级,东风,晴,34
2019/7/2 2:15,23℃,98%,64,1级,北风,多云,27
2019/7/2 3:15,23℃,99%,58,1级,东北风,多云,33
2019/7/2 4:15,23℃,99%,59,1级,东北风,多云,35
2019/7/2 20:15,27℃,74%,74,1级,东风,多云,37
2019/7/2 21:15,26℃,80%,58,1级,东南风,多云,35
2019/7/2 22:15,25℃,79%,51,1级,东风,多云,35
2019/7/2 23:15,25℃,77%,45,2级,东南风,多云,36
2019/7/1 1:15,25℃,95%,51,1级,西风,多云,34
2019/7/1 2:15,25℃,95%,39,1级,东南风,多云,34
2019/7/1 3:15,25℃,94%,45,1级,西北风,多云,34
2019/7/1 4:15,25℃,96%,52,2级,西风,多云,28
2019/7/1 20:15,28℃,65%,74,2级,东北风,多云,33
2019/7/1 21:15,27℃,81%,72,2级,东北风,多云,31
2019/7/1 22:15,27℃,83%,63,1级,东南风,多云,31
2019/7/1 23:15,27℃,85%,59,2级,东北风,晴,36
2019/6/30 1:15,24℃,99%,34,1级,南风,多云,32
2019/6/30 2:15,24℃,99%,34,1级,南风,多云,34
2019/6/30 3:15,24℃,99%,28,1级,西南风,多云,30
2019/6/30 4:15,24℃,99%,28,2级,南风,多云,32
2019/6/30 20:15,28℃,84%,34,1级,西南风,多云,32
2019/6/30 21:15,27℃,87%,34,1级,西风,多云,27
2019/6/30 22:15,26℃,91%,30,2级,西风,多云,46
2019/6/30 23:15,26℃,85%,39,2级,西风,多云,61
2019/6/29 1:15,24℃,99%,29,3级,西北风,多云,29
2019/6/29 2:15,24℃,99%,29,2级,西北风,雨,28
2019/6/29 3:15,24℃,99%,28,2级,西北风,雨,27
2019/6/29 4:15,24℃,99%,30,2级,西北风,雨,29
2019/6/29 20:15,25℃,98%,35,1级,南风,阴,44
2019/6/29 21:15,25℃,98%,37,0级,无持续风向,阴,39
2019/6/29 22:15,25℃,99%,30,0级,无持续风向,阴,37
2019/6/29 23:15,24℃,99%,26,2级,南风,多云,36
2019/6/28 1:15,25℃,86%,66,2级,东风,晴,30
2019/6/28 2:15,25℃,86%,64,2级,东风,晴,29
2019/6/28 20:15,29℃,90%,70,2级,东南风,阴,28
2019/6/28 21:15,29℃,93%,68,1级,西南风,阴,28
2019/6/28 22:15,28℃,99%,68,3级,西南风,雨,28
2019/6/28 23:15,25℃,99%,69,3级,西风,多云,32
2019/6/27 1:10,23℃,94%,57,2级,东风,多云,30
2019/6/27 2:10,22℃,98%,59,2级,东北风,多云,30
2019/6/27 3:10,22℃,98%,60,2级,东风,多云,26
2019/6/27 4:10,22℃,99%,60,1级,东风,多云,29
2019/6/27 22:15,25℃,90%,68,1级,东南风,晴,26
2019/6/27 23:15,24℃,95%,75,1级,东风,晴,28
2019/6/26 1:10,22℃,96%,49,1级,东北风,多云,32
2019/6/26 2:10,21℃,99%,49,1级,东北风,多云,29
2019/6/26 3:10,21℃,99%,50,1级,东北风,多云,27
2019/6/26 4:10,21℃,99%,50,1级,东北风,多云,29
2019/6/26 20:10,27℃,74%,49,1级,东南风,阴,31
2019/6/26 21:10,25℃,82%,54,2级,东北风,阴,29
2019/6/26 22:10,25℃,86%,58,2级,东风,阴,28
2019/6/26 23:10,24℃,90%,60,2级,东北风,多云,34
2019/6/25 1:00,22℃,79%,50,2级,东风,多云,33
2019/6/25 2:10,22℃,83%,47,1级,北风,多云,36
2019/6/25 3:10,21℃,85%,54,1级,东北风,多云,35
2019/6/25 4:10,20℃,93%,55,2级,北风,多云,35
2019/6/25 20:10,25℃,78%,52,1级,东南风,多云,30
2019/6/25 21:10,24℃,85%,54,2级,东风,多云,32
2019/6/25 22:10,24℃,86%,57,2级,东南风,多云,30
2019/6/25 23:10,23℃,89%,54,1级,东南风,多云,30
2019/6/24 1:10,20℃,97%,59,0级,无持续风向,多云,41
2019/6/24 2:10,20℃,99%,59,0级,无持续风向,多云,43
2019/6/24 3:10,19℃,99%,58,0级,无持续风向,多云,41
2019/6/24 4:10,19℃,99%,60,0级,无持续风向,多云,42
2019/6/24 20:10,24℃,78%,51,1级,东北风,阴,36
2019/6/24 21:10,24℃,83%,56,2级,东风,阴,35
2019/6/24 22:05,23℃,84%,61,1级,东北风,阴,34
2019/6/24 23:10,23℃,82%,59,2级,东风,多云,34
2019/6/23 1:10,20℃,99%,84,1级,北风,多云,49
2019/6/23 2:10,19℃,99%,82,1级,北风,多云,43
2019/6/23 3:10,19℃,99%,77,2级,北风,多云,42
2019/6/23 4:10,19℃,99%,72,1级,东北风,多云,40
2019/6/23 20:10,25℃,69%,48,2级,东风,阴,43
2019/6/23 21:10,22℃,80%,52,1级,东风,阴,43
2019/6/23 22:10,21℃,91%,56,1级,东风,阴,46
2019/6/23 23:10,22℃,81%,59,1级,东南风,多云,43
2019/6/22 1:00,23℃,95%,64,1级,东北风,多云,43
2019/6/22 2:00,23℃,95%,62,3级,东北风,多云,40
2019/6/22 3:00,23℃,92%,57,3级,东北风,多云,41
2019/6/22 4:00,23℃,90%,59,3级,东风,多云,38
2019/6/22 20:10,23℃,88%,63,1级,东南风,多云,63
2019/6/22 21:10,22℃,96%,64,1级,北风,多云,59
2019/6/22 22:10,21℃,98%,69,0级,无持续风向,多云,58
2019/6/22 23:10,20℃,99%,77,1级,西南风,多云,55
2019/6/21 1:15,20℃,99%,25,2级,东北风,雨,366
2019/6/21 2:15,20℃,99%,25,2级,北风,雨,271
2019/6/21 3:15,20℃,99%,23,2级,东北风,雨,283
2019/6/21 4:15,20℃,99%,22,2级,东北风,雨,93
2019/6/21 20:10,25℃,92%,53,1级,东风,多云,56
2019/6/21 21:10,24℃,95%,59,1级,南风,多云,54
2019/6/21 22:10,24℃,96%,60,1级,东北风,多云,52
2019/6/21 23:00,24℃,92%,57,2级,东风,多云,51
2019/6/20 1:15,23℃,99%,24,2级,东南风,阴,41
2019/6/20 2:15,23℃,99%,27,1级,东南风,雨,40
2019/6/20 3:10,23℃,99%,31,2级,东风,雨,37
2019/6/20 4:15,23℃,99%,37,2级,东北风,雨,472
2019/6/20 20:15,20℃,99%,26,2级,东风,阴,98
2019/6/20 21:15,20℃,99%,25,3级,东风,阴,66
2019/6/20 22:15,20℃,99%,26,2级,东北风,阴,60
2019/6/20 23:15,20℃,99%,26,3级,东风,雨,51
2019/6/19 1:10,21℃,99%,28,0级,无持续风向,雾,43
2019/6/19 2:10,21℃,99%,26,1级,北风,雾,44
2019/6/19 3:10,21℃,99%,24,0级,无持续风向,雾,41
2019/6/19 4:15,21℃,99%,26,1级,东北风,雾,60
2019/6/19 20:15,24℃,97%,32,1级,南风,阴,47
2019/6/19 21:15,24℃,99%,30,1级,南风,阴,45
2019/6/19 22:15,23℃,98%,22,1级,东南风,阴,46
2019/6/19 23:15,23℃,99%,18,2级,东南风,阴,46
2019/6/18 1:10,21℃,99%,23,2级,东南风,雨,77
2019/6/18 2:10,21℃,99%,22,1级,东南风,雨,88
2019/6/18 3:10,21℃,99%,22,2级,南风,雨,145
2019/6/18 4:00,21℃,99%,23,1级,南风,阴,108
2019/6/18 20:10,23℃,99%,30,1级,东南风,多云,63
2019/6/18 21:15,23℃,99%,33,1级,东风,多云,49
2019/6/18 22:10,22℃,99%,42,2级,南风,多云,49
2019/6/18 23:10,22℃,99%,42,1级,西南风,多云,44
2019/6/17 1:10,25℃,77%,62,2级,南风,多云,37
2019/6/17 2:10,24℃,84%,57,1级,北风,多云,39
2019/6/17 3:10,23℃,90%,52,1级,西南风,多云,37
2019/6/17 4:10,24℃,85%,57,3级,西南风,多云,35
2019/6/17 20:10,21℃,99%,27,2级,东南风,雨,45
2019/6/17 20:45,21℃,99%,26,2级,东南风,雨,40
2019/6/17 22:00,21℃,99%,24,2级,东南风,雨,58
2019/6/17 23:10,21℃,99%,28,2级,东南风,雨,94
2019/6/16 1:10,23℃,82%,64,2级,南风,多云,31
2019/6/16 2:10,25℃,72%,69,1级,东南风,多云,37
2019/6/16 3:10,24℃,83%,65,1级,北风,多云,40
2019/6/16 4:10,23℃,90%,68,1级,北风,多云,41
2019/6/16 20:10,27℃,60%,73,2级,东南风,阴,31
2019/6/16 21:10,27℃,65%,80,1级,东南风,阴,32
2019/6/16 22:10,26℃,69%,63,2级,东南风,阴,34
2019/6/16 23:10,25℃,74%,58,1级,东南风,多云,35
2019/6/15 1:10,19℃,94%,53,2级,南风,晴,33
2019/6/15 2:10,20℃,87%,51,1级,南风,晴,37
2019/6/15 3:10,19℃,90%,51,1级,西风,晴,40
2019/6/15 4:10,18℃,97%,54,0级,无持续风向,晴,40
2019/6/15 20:10,25℃,73%,94,2级,南风,阴,28
2019/6/15 21:10,25℃,77%,67,1级,东风,阴,29
2019/6/15 22:10,24℃,78%,71,2级,东南风,阴,30
2019/6/15 23:10,23℃,88%,65,0级,无持续风向,多云,31
2019/6/14 1:10,17℃,99%,51,1级,西南风,晴,43
2019/6/14 2:10,18℃,99%,52,1级,南风,晴,45
2019/6/14 3:10,17℃,99%,49,2级,西南风,晴,42
2019/6/14 4:10,17℃,98%,49,1级,南风,晴,42
2019/6/14 20:10,24℃,73%,77,1级,南风,晴,33
2019/6/14 21:10,22℃,81%,53,2级,南风,晴,32
2019/6/14 22:10,22℃,79%,53,1级,南风,晴,33
2019/6/14 23:10,21℃,85%,52,1级,南风,晴,34
2019/6/13 1:10,22℃,80%,42,1级,东北风,阴,44
2019/6/13 2:10,22℃,76%,53,2级,东北风,阴,42
2019/6/13 3:10,22℃,82%,56,2级,东北风,阴,41
2019/6/13 4:10,22℃,81%,54,2级,东北风,阴,42
2019/6/13 20:10,22℃,68%,44,2级,东南风,晴,35
2019/6/13 21:10,20℃,82%,51,2级,东风,晴,35
2019/6/13 22:10,19℃,87%,51,1级,东南风,晴,36
2019/6/13 23:10,18℃,96%,52,0级,无持续风向,晴,39
2019/6/12 21:10,24℃,76%,75,1级,东南风,晴,38
2019/6/12 22:10,24℃,71%,59,2级,东南风,晴,38
2019/6/12 23:10,24℃,66%,48,2级,东风,晴,39
2019/6/2 1:10,18℃,97%,68,1级,东北风,多云,32
2019/6/2 2:10,18℃,98%,68,1级,东风,多云,41
2019/6/2 3:10,18℃,99%,75,1级,东南风,多云,39
2019/6/2 4:10,18℃,99%,75,1级,东北风,多云,42
2019/6/1 1:10,19℃,99%,75,1级,北风,多云,34
2019/6/1 2:10,19℃,99%,75,1级,东北风,多云,29
2019/6/1 3:10,18℃,99%,64,1级,南风,多云,35
2019/6/1 4:10,18℃,99%,69,1级,西北风,多云,35
2019/6/1 20:05,23℃,69%,106,2级,东南风,多云,36
2019/6/1 21:10,23℃,68%,98,2级,东南风,多云,37
2019/6/1 22:10,21℃,77%,67,0级,无持续风向,多云,38
2019/6/1 23:10,19℃,87%,68,2级,东南风,多云,38
2019/5/31 1:10,18℃,99%,52,1级,南风,多云,46
2019/5/31 1:40,18℃,99%,54,0级,无持续风向,多云,50
2019/5/31 2:10,18℃,99%,54,0级,无持续风向,多云,44
2019/5/31 2:40,18℃,99%,58,0级,无持续风向,多云,41
2019/5/31 3:05,18℃,99%,58,1级,北风,雾,52
2019/5/31 3:40,18℃,99%,55,1级,北风,多云,43
2019/5/31 4:10,18℃,99%,55,0级,无持续风向,多云,40
2019/5/31 4:40,18℃,99%,55,0级,无持续风向,多云,38
2019/5/31 20:10,22℃,77%,49,1级,西南风,阴,40
2019/5/31 21:10,21℃,87%,53,0级,无持续风向,阴,40
2019/5/31 22:10,20℃,86%,62,1级,东南风,阴,38
2019/5/31 23:10,19℃,97%,62,0级,无持续风向,多云,35
2019/5/30 1:10,19℃,75%,70,2级,西风,阴,39
2019/5/30 1:40,20℃,70%,68,2级,西北风,阴,39
2019/5/30 2:10,20℃,69%,68,1级,西北风,多云,33
2019/5/30 2:40,20℃,71%,57,1级,西北风,多云,34
2019/5/30 3:10,20℃,72%,57,1级,西北风,多云,40
2019/5/30 3:40,20℃,74%,57,1级,北风,多云,37
2019/5/30 4:10,19℃,80%,57,1级,西风,多云,39
2019/5/30 4:40,19℃,81%,56,1级,西风,多云,38
2019/5/30 20:10,19℃,99%,48,0级,无持续风向,雨,39
2019/5/30 20:40,18℃,99%,53,2级,南风,雨,36
2019/5/30 21:10,18℃,99%,53,1级,东南风,雨,37
2019/5/30 21:40,18℃,99%,52,1级,东北风,雨,34
2019/5/30 22:10,18℃,99%,52,2级,东北风,雨,31
2019/5/30 22:40,18℃,99%,50,0级,无持续风向,雨,34
2019/5/30 23:10,18℃,99%,50,1级,北风,雨,41
2019/5/29 1:10,18℃,83%,33,1级,东北风,阴,35
2019/5/29 1:40,18℃,85%,38,1级,东北风,阴,39
2019/5/29 2:10,17℃,84%,38,1级,北风,多云,34
2019/5/29 2:40,16℃,90%,32,1级,北风,多云,36
2019/5/29 3:10,17℃,82%,32,1级,东北风,多云,36
2019/5/29 3:40,17℃,85%,32,1级,东北风,多云,39
2019/5/29 4:10,17℃,83%,32,2级,东北风,多云,40
2019/5/29 4:40,17℃,82%,33,1级,北风,多云,40
2019/5/29 20:10,23℃,43%,53,2级,东南风,多云,41
2019/5/29 20:40,22℃,45%,52,1级,东南风,多云,49
2019/5/29 21:10,22℃,51%,52,1级,东南风,多云,39
2019/5/29 21:40,21℃,60%,56,1级,南风,多云,43
2019/5/29 22:10,21℃,59%,56,1级,西南风,多云,37
2019/5/29 22:40,21℃,63%,57,1级,西风,多云,43
2019/5/29 23:10,21℃,67%,57,1级,西风,阴,36
2019/5/28 1:10,19℃,72%,37,2级,东风,多云,34
2019/5/28 1:40,19℃,72%,32,3级,东风,多云,59
2019/5/28 2:10,18℃,71%,32,3级,东风,多云,45
2019/5/28 2:40,18℃,70%,31,2级,东北风,多云,37
2019/5/28 3:10,18℃,67%,31,2级,东北风,多云,38
2019/5/28 3:40,18℃,63%,29,2级,东风,多云,34
2019/5/28 4:10,17℃,62%,29,2级,东风,多云,43
2019/5/28 4:40,17℃,67%,28,1级,东风,多云,51
2019/5/28 20:10,21℃,66%,36,1级,北风,阴,46
2019/5/28 20:40,20℃,65%,46,2级,北风,阴,44
2019/5/28 21:10,20℃,58%,46,2级,东北风,阴,41
2019/5/28 21:40,20℃,57%,55,3级,东北风,阴,45
2019/5/28 22:10,20℃,56%,55,2级,东北风,阴,42
2019/5/28 22:40,20℃,59%,61,2级,东北风,阴,45
2019/5/28 23:05,19℃,63%,61,2级,东北风,阴,43
2019/5/27 1:10,21℃,99%,28,1级,西南风,多云,55
2019/5/27 1:20,21℃,99%,25,1级,南风,多云,55
2019/5/27 2:05,20℃,99%,25,1级,南风,多云,52
2019/5/27 2:40,21℃,99%,25,1级,西风,雾,108
2019/5/27 3:10,21℃,99%,25,1级,西南风,多云,43
2019/5/27 3:40,20℃,99%,27,1级,南风,雾,40
2019/5/27 4:10,20℃,99%,27,1级,西风,多云,45
2019/5/27 4:40,21℃,99%,29,2级,西风,多云,88
2019/5/27 20:10,23℃,64%,73,3级,东风,晴,35
2019/5/27 20:40,23℃,66%,58,3级,东风,晴,39
2019/5/27 21:10,22℃,66%,58,3级,东北风,晴,33
2019/5/27 21:40,22℃,64%,52,3级,东北风,晴,31
2019/5/27 22:10,21℃,67%,52,3级,东北风,晴,33
2019/5/27 22:40,21℃,66%,61,3级,东北风,晴,33
2019/5/27 23:10,20℃,77%,61,3级,东风,多云,31
2019/5/26 1:10,23℃,93%,19,4级,南风,阴,43
2019/5/26 1:40,22℃,93%,19,3级,东南风,阴,45
2019/5/26 2:10,22℃,96%,19,2级,东南风,雨,39
2019/5/26 2:40,21℃,99%,18,2级,东南风,雨,39
2019/5/26 3:10,21℃,99%,18,2级,东南风,雨,40
2019/5/26 3:40,21℃,99%,20,2级,南风,雨,53
2019/5/26 4:10,21℃,99%,20,2级,东南风,雨,37
2019/5/26 4:40,21℃,99%,20,2级,东南风,雨,38
2019/5/26 20:10,23℃,95%,28,2级,南风,晴,81
2019/5/26 20:40,22℃,96%,29,2级,南风,晴,61
2019/5/26 21:10,22℃,97%,29,2级,南风,晴,58
2019/5/26 21:30,22℃,96%,29,2级,南风,晴,58
2019/5/26 22:10,22℃,98%,29,1级,东南风,晴,108
2019/5/26 22:40,22℃,99%,24,1级,南风,晴,55
2019/5/26 23:10,21℃,99%,24,2级,南风,多云,50
2019/5/25 1:10,25℃,68%,75,1级,西风,阴,44
2019/5/25 1:40,24℃,72%,64,2级,东南风,阴,44
2019/5/25 2:10,24℃,72%,64,2级,南风,阴,42
2019/5/25 2:40,25℃,71%,62,2级,南风,阴,48
2019/5/25 3:10,25℃,73%,62,2级,南风,阴,38
2019/5/25 3:40,25℃,75%,57,2级,东南风,阴,41
2019/5/25 4:10,25℃,76%,57,1级,东南风,阴,44
2019/5/25 4:40,25℃,76%,54,2级,东南风,阴,42
2019/5/25 20:10,23℃,93%,22,2级,东南风,阴,36
2019/5/25 20:40,23℃,93%,19,2级,东南风,阴,37
2019/5/25 21:10,23℃,93%,19,2级,东南风,阴,40
2019/5/25 21:40,23℃,94%,18,3级,东南风,阴,35
2019/5/25 22:10,23℃,94%,18,2级,东南风,阴,36
2019/5/25 22:40,23℃,93%,18,3级,东南风,阴,37
2019/5/25 23:10,23℃,93%,18,3级,东南风,阴,35
2019/5/24 1:10,17℃,90%,81,1级,北风,多云,33
2019/5/24 2:10,16℃,91%,85,1级,西南风,多云,36
2019/5/24 2:40,16℃,91%,98,0级,无持续风向,多云,32
2019/5/24 3:10,16℃,95%,98,0级,无持续风向,多云,33
2019/5/24 3:40,16℃,97%,108,1级,东北风,多云,34
2019/5/24 4:10,16℃,96%,108,0级,无持续风向,多云,32
2019/5/24 4:40,15℃,97%,124,1级,东北风,多云,31
2019/5/24 20:05,28℃,59%,54,2级,南风,阴,45
2019/5/24 20:40,28℃,61%,58,2级,南风,阴,48
2019/5/24 21:10,27℃,64%,58,2级,南风,阴,41
2019/5/24 21:40,27℃,65%,67,2级,南风,阴,50
2019/5/24 22:10,26℃,66%,67,2级,南风,阴,45
2019/5/24 22:40,26℃,65%,68,2级,南风,阴,43
2019/5/24 23:10,26℃,64%,68,2级,南风,阴,41
2019/5/23 1:10,16℃,96%,97,1级,南风,晴,18
2019/5/23 1:40,15℃,97%,96,0级,无持续风向,晴,17
2019/5/23 2:10,15℃,99%,96,1级,西风,晴,16
2019/5/23 2:40,15℃,97%,99,1级,南风,晴,13
2019/5/23 3:10,14℃,97%,99,1级,东南风,晴,15
2019/5/23 3:40,14℃,97%,94,2级,南风,晴,17
2019/5/23 4:10,14℃,97%,94,0级,无持续风向,晴,16
2019/5/23 4:40,14℃,97%,89,1级,西北风,晴,16
2019/5/23 20:10,24℃,42%,40,2级,东南风,晴,49
2019/5/23 20:40,22℃,49%,68,1级,东南风,晴,46
2019/5/23 21:10,20℃,69%,68,1级,东风,晴,41
2019/5/23 21:35,19℃,67%,84,0级,无持续风向,晴,43
2019/5/23 22:10,18℃,65%,84,1级,西风,晴,41
2019/5/23 22:40,18℃,69%,88,1级,南风,晴,38
2019/5/23 23:10,18℃,67%,88,2级,南风,多云,36
2019/5/22 1:10,12℃,95%,78,1级,东南风,多云,21
2019/5/22 1:40,12℃,98%,74,0级,无持续风向,多云,20
2019/5/22 2:10,12℃,98%,74,1级,东北风,多云,20
2019/5/22 3:05,12℃,99%,74,1级,北风,多云,18
2019/5/22 3:40,11℃,99%,74,1级,西南风,多云,20
2019/5/22 4:10,11℃,99%,74,1级,南风,多云,19
2019/5/22 4:40,11℃,99%,89,0级,无持续风向,多云,19
2019/5/22 20:10,22℃,56%,79,1级,东南风,晴,19
2019/5/22 20:35,21℃,65%,93,2级,南风,晴,19
2019/5/22 21:05,21℃,69%,93,1级,东南风,晴,18
2019/5/22 21:40,19℃,76%,93,0级,无持续风向,晴,19
2019/5/22 22:10,17℃,82%,93,0级,无持续风向,晴,18
2019/5/22 22:40,17℃,89%,95,0级,无持续风向,晴,18
2019/5/22 23:10,16℃,92%,95,1级,东南风,晴,18
2019/5/21 1:10,13℃,87%,64,1级,西风,多云,22
2019/5/21 1:40,13℃,94%,64,1级,东北风,多云,21
2019/5/21 2:10,12℃,95%,64,0级,无持续风向,多云,21
2019/5/21 2:40,13℃,97%,63,1级,东风,多云,18
2019/5/21 3:10,12℃,96%,63,1级,西南风,多云,20
2019/5/21 3:40,12℃,95%,68,0级,无持续风向,多云,20
2019/5/21 4:10,13℃,93%,68,1级,南风,多云,18
2019/5/21 4:40,13℃,96%,70,1级,东风,多云,19
2019/5/21 20:10,20℃,51%,60,2级,西风,阴,19
2019/5/21 20:40,19℃,53%,67,2级,西风,阴,19
2019/5/21 21:10,19℃,55%,67,1级,西南风,阴,18
2019/5/21 21:40,18℃,58%,75,1级,西风,阴,19
2019/5/21 22:10,18℃,63%,75,1级,西风,阴,18
2019/5/21 22:40,17℃,69%,83,1级,西风,阴,18
2019/5/21 23:10,15℃,85%,83,1级,西北风,多云,18
2019/5/20 1:10,22℃,81%,54,2级,西北风,多云,28
2019/5/20 1:40,22℃,84%,60,2级,西北风,多云,25
2019/5/20 2:10,23℃,60%,60,4级,北风,多云,25
2019/5/20 2:40,22℃,54%,56,3级,北风,多云,22
2019/5/20 3:10,21℃,50%,56,2级,东北风,多云,22
2019/5/20 3:40,21℃,55%,49,2级,北风,多云,24
2019/5/20 4:10,20℃,57%,49,2级,北风,多云,23
2019/5/20 4:40,20℃,51%,73,2级,北风,多云,23
2019/5/20 20:10,18℃,50%,54,2级,西风,阴,20
2019/5/20 20:40,17℃,59%,57,2级,西风,阴,21
2019/5/20 21:10,16℃,67%,57,1级,西北风,阴,21
2019/5/20 21:40,15℃,60%,56,1级,西风,阴,21
2019/5/20 22:10,16℃,58%,56,2级,西风,阴,20
2019/5/20 22:40,16℃,59%,60,1级,西风,阴,21
2019/5/20 23:10,16℃,66%,60,2级,西风,多云,20
2019/5/19 1:10,19℃,89%,24,2级,东北风,阴,24
2019/5/19 1:40,19℃,88%,23,2级,东北风,阴,20
2019/5/19 2:10,19℃,89%,23,2级,东北风,阴,23
2019/5/19 2:40,19℃,88%,19,2级,东风,阴,21
2019/5/19 3:10,19℃,89%,19,2级,东风,阴,20
2019/5/19 3:40,18℃,90%,19,2级,东风,阴,22
2019/5/19 4:10,18℃,91%,19,1级,东南风,阴,21
2019/5/19 4:40,18℃,94%,20,1级,东北风,阴,21
2019/5/19 20:10,24℃,70%,41,2级,西北风,晴,21
2019/5/19 20:40,23℃,79%,40,2级,西北风,晴,31
2019/5/19 21:10,22℃,85%,40,1级,西北风,晴,21
2019/5/19 21:40,22℃,87%,52,1级,北风,雨,21
2019/5/19 22:10,22℃,89%,52,1级,西北风,雨,20
2019/5/19 22:40,22℃,90%,56,1级,西北风,晴,20
2019/5/19 23:00,22℃,92%,56,1级,东北风,多云,20
2019/5/18 1:15,20℃,99%,36,1级,东北风,多云,0
2019/5/18 1:45,20℃,99%,35,2级,北风,多云,0
2019/5/18 2:15,19℃,99%,35,2级,北风,多云,0
2019/5/18 2:40,19℃,99%,29,2级,北风,多云,0
2019/5/18 3:10,19℃,99%,29,2级,北风,多云,0
2019/5/18 3:45,19℃,99%,30,2级,东北风,多云,0
2019/5/18 4:15,19℃,99%,30,2级,东北风,多云,0
2019/5/18 4:45,19℃,99%,35,3级,东北风,多云,0
2019/5/18 20:00,22℃,76%,38,3级,东北风,多云,26
2019/5/18 20:40,21℃,74%,27,3级,东北风,多云,23
2019/5/18 21:10,21℃,75%,27,2级,东风,多云,23
2019/5/18 21:40,20℃,76%,38,2级,东风,多云,22
2019/5/18 22:10,20℃,80%,38,2级,东风,多云,23
2019/5/18 22:40,19℃,82%,33,2级,东风,多云,23
2019/5/18 23:10,19℃,85%,33,2级,东风,阴,22
2019/5/17 1:15,21℃,99%,80,1级,东北风,多云,55
2019/5/17 1:45,20℃,99%,87,2级,东风,多云,55
2019/5/17 2:15,21℃,99%,87,1级,东北风,阴,33
2019/5/17 2:45,21℃,99%,85,1级,北风,阴,44
2019/5/17 3:15,20℃,99%,85,2级,东北风,阴,43
2019/5/17 3:45,20℃,99%,87,1级,东北风,阴,56
2019/5/17 4:15,20℃,99%,87,1级,东风,阴,34
2019/5/17 4:45,20℃,99%,90,1级,南风,阴,54
2019/5/17 20:10,22℃,96%,73,2级,东北风,多云,0
2019/5/17 20:45,24℃,86%,77,1级,东风,多云,0
2019/5/17 21:15,23℃,87%,77,1级,东北风,多云,0
2019/5/17 21:45,22℃,88%,82,2级,东北风,多云,0
2019/5/17 22:10,22℃,90%,82,1级,北风,多云,0
2019/5/17 22:45,21℃,95%,59,1级,北风,多云,0
2019/5/17 23:15,20℃,98%,59,2级,东北风,多云,0
2019/5/16 1:15,19℃,99%,79,1级,北风,多云,115
2019/5/16 1:45,19℃,99%,80,1级,北风,多云,137
2019/5/16 2:15,19℃,99%,80,1级,北风,多云,109
2019/5/16 2:45,19℃,99%,84,0级,无持续风向,多云,92
2019/5/16 3:15,19℃,99%,84,1级,北风,多云,96
2019/5/16 3:45,19℃,99%,84,1级,北风,多云,84
2019/5/16 4:15,19℃,99%,84,1级,西北风,多云,81
2019/5/16 4:45,19℃,99%,87,2级,北风,多云,76
2019/5/16 20:15,21℃,94%,61,0级,无持续风向,阴,39
2019/5/16 20:45,21℃,96%,65,0级,无持续风向,阴,37
2019/5/16 21:15,21℃,98%,65,1级,东北风,阴,37
2019/5/16 21:45,21℃,99%,67,1级,北风,阴,211
2019/5/16 22:15,21℃,99%,67,1级,北风,阴,36
2019/5/16 22:45,21℃,99%,73,1级,北风,阴,37
2019/5/16 23:15,21℃,99%,73,0级,无持续风向,多云,34
2019/5/15 1:15,19℃,97%,62,1级,东风,阴,101
2019/5/15 1:45,19℃,98%,69,1级,东风,雨,81
2019/5/15 2:15,18℃,99%,69,2级,东风,阴,69
2019/5/15 2:45,19℃,99%,77,1级,东北风,阴,50
2019/5/15 3:15,19℃,99%,77,2级,东北风,阴,58
2019/5/15 3:45,18℃,99%,80,2级,东风,雨,40
2019/5/15 4:15,18℃,99%,80,2级,东风,雨,52
2019/5/15 4:45,18℃,99%,80,2级,东风,雨,85
2019/5/15 20:15,20℃,99%,55,1级,东北风,阴,50
2019/5/15 20:45,20℃,99%,63,2级,东北风,阴,36
2019/5/15 21:15,20℃,99%,63,1级,东北风,阴,36
2019/5/15 21:45,19℃,99%,69,1级,东南风,阴,37
2019/5/15 22:15,19℃,99%,69,1级,西南风,阴,54
2019/5/15 22:45,19℃,99%,72,1级,西风,阴,48
2019/5/15 23:15,19℃,99%,72,1级,南风,多云,52
2019/5/14 1:15,19℃,94%,86,2级,东风,多云,34
2019/5/14 1:45,19℃,89%,84,2级,东风,多云,34
2019/5/14 2:15,19℃,88%,84,2级,东南风,多云,35
2019/5/14 2:45,18℃,90%,76,1级,东风,多云,35
2019/5/14 3:15,18℃,93%,76,1级,南风,多云,36
2019/5/14 3:45,17℃,97%,76,0级,无持续风向,多云,37
2019/5/14 4:15,16℃,98%,76,0级,无持续风向,多云,40
2019/5/14 4:45,16℃,99%,78,1级,东北风,多云,44
2019/5/14 20:15,20℃,91%,77,1级,东南风,阴,40
2019/5/14 20:45,20℃,90%,75,2级,东风,阴,41
2019/5/14 21:15,20℃,91%,75,2级,东南风,阴,43
2019/5/14 21:45,20℃,86%,75,2级,东风,阴,46
2019/5/14 22:15,20℃,82%,75,2级,东风,阴,39
2019/5/14 22:45,20℃,82%,65,1级,东风,阴,44
2019/5/14 23:15,20℃,81%,65,2级,东风,阴,42
2019/5/13 1:10,22℃,76%,73,1级,南风,多云,35
2019/5/13 2:10,21℃,80%,72,2级,西南风,多云,36
2019/5/13 3:10,21℃,83%,74,1级,西南风,多云,38
2019/5/13 4:10,20℃,86%,69,1级,西风,多云,43
2019/5/13 20:15,21℃,83%,71,1级,西北风,多云,40
2019/5/13 20:45,21℃,83%,82,2级,北风,多云,41
2019/5/13 21:15,21℃,76%,82,2级,北风,多云,41
2019/5/13 21:45,21℃,76%,84,2级,北风,多云,42
2019/5/13 22:15,21℃,77%,84,2级,北风,多云,46
2019/5/13 22:45,21℃,78%,84,2级,北风,多云,47
2019/5/13 23:15,20℃,81%,84,2级,东北风,多云,49
2019/5/12 1:10,17℃,98%,79,0级,无持续风向,多云,36
2019/5/12 2:10,16℃,99%,77,0级,无持续风向,多云,35
2019/5/12 3:10,16℃,99%,77,1级,北风,多云,38
2019/5/12 4:10,15℃,99%,76,0级,无持续风向,多云,45
2019/5/12 20:10,24℃,74%,81,1级,南风,阴,41
2019/5/12 21:10,23℃,79%,90,0级,无持续风向,阴,42
2019/5/12 22:10,21℃,84%,95,2级,西南风,阴,45
2019/5/12 23:10,23℃,69%,87,2级,西南风,多云,46
2019/5/11 1:10,15℃,97%,79,1级,南风,多云,42
2019/5/11 2:10,15℃,99%,83,1级,南风,多云,35
2019/5/11 3:10,15℃,99%,80,1级,东北风,多云,39
2019/5/11 4:10,14℃,99%,82,0级,无持续风向,多云,46
2019/5/11 20:10,21℃,72%,53,0级,无持续风向,多云,39
2019/5/11 21:10,20℃,80%,76,2级,东北风,多云,40
2019/5/11 22:10,20℃,73%,74,1级,东北风,多云,41
2019/5/11 23:10,18℃,83%,72,1级,西北风,多云,43
2019/5/10 1:15,16℃,92%,80,0级,无持续风向,多云,33
2019/5/10 1:45,15℃,94%,79,1级,南风,多云,35
2019/5/10 2:15,15℃,97%,79,1级,西南风,多云,36
2019/5/10 2:40,14℃,95%,85,1级,东南风,多云,40
2019/5/10 3:15,14℃,98%,85,0级,无持续风向,多云,40
2019/5/10 3:45,13℃,98%,92,1级,北风,多云,40
2019/5/10 4:15,13℃,99%,92,1级,东风,多云,33
2019/5/10 4:45,13℃,99%,93,0级,无持续风向,多云,33
2019/5/10 20:10,21℃,70%,69,1级,东南风,多云,34
2019/5/10 21:10,18℃,80%,74,1级,东南风,多云,35
2019/5/10 22:10,18℃,86%,82,1级,东北风,多云,38
2019/5/10 23:10,17℃,94%,73,1级,东北风,多云,41
2019/5/9 1:15,16℃,74%,69,1级,北风,多云,33
2019/5/9 1:45,15℃,81%,66,1级,西北风,多云,34
2019/5/9 2:15,14℃,86%,66,0级,无持续风向,多云,31
2019/5/9 2:45,13℃,86%,71,1级,西风,多云,32
2019/5/9 3:15,13℃,92%,71,1级,东北风,多云,31
2019/5/9 3:45,11℃,95%,76,1级,西风,多云,29
2019/5/9 4:15,12℃,98%,76,1级,西风,多云,30
2019/5/9 4:45,12℃,98%,98,0级,无持续风向,多云,30
2019/5/9 20:15,19℃,66%,71,1级,南风,阴,37
2019/5/9 20:45,19℃,65%,80,2级,南风,阴,38
2019/5/9 21:15,19℃,68%,80,1级,南风,阴,37
2019/5/9 21:45,19℃,70%,71,0级,无持续风向,阴,39
2019/5/9 22:15,18℃,82%,71,0级,无持续风向,阴,40
2019/5/9 22:45,18℃,87%,75,1级,东风,阴,42
2019/5/9 23:15,17℃,87%,75,0级,无持续风向,多云,44
2019/5/8 1:15,14℃,72%,74,1级,北风,多云,34
2019/5/8 1:45,14℃,74%,63,1级,北风,多云,34
2019/5/8 2:15,14℃,74%,63,1级,北风,多云,34
2019/5/8 2:45,14℃,77%,74,1级,东北风,多云,33
2019/5/8 3:15,14℃,73%,74,2级,东北风,多云,38
2019/5/8 3:35,14℃,69%,70,2级,东北风,多云,34
2019/5/8 3:50,14℃,63%,70,2级,东北风,多云,34
2019/5/8 4:30,14℃,79%,67,3级,北风,多云,33
2019/5/8 20:15,20℃,51%,63,1级,北风,多云,28
2019/5/8 20:45,19℃,52%,71,2级,西北风,多云,30
2019/5/8 21:15,19℃,60%,71,1级,东北风,多云,30
2019/5/8 21:45,19℃,58%,74,2级,北风,多云,33
2019/5/8 22:15,18℃,62%,74,1级,北风,多云,34
2019/5/8 22:45,18℃,63%,72,2级,北风,多云,38
2019/5/8 23:15,18℃,60%,72,2级,北风,多云,38
2019/5/7 20:15,16℃,53%,66,1级,东北风,阴,27
2019/5/7 20:45,15℃,56%,68,1级,东北风,阴,27
2019/5/7 21:15,15℃,65%,68,1级,北风,阴,26
2019/5/7 21:45,14℃,71%,71,1级,西北风,阴,28
2019/5/7 22:15,14℃,73%,71,1级,北风,阴,32
2019/5/7 22:45,14℃,76%,65,1级,北风,阴,35
2019/5/7 23:15,14℃,74%,65,1级,北风,多云,37
2019/4/29 1:10,13℃,99%,59,2级,北风,雨,55
2019/4/29 1:40,13℃,99%,58,2级,北风,雨,58
2019/4/29 2:10,13℃,99%,58,2级,北风,雨,43
2019/4/29 2:40,13℃,99%,54,2级,北风,雨,43
2019/4/29 3:10,13℃,99%,54,2级,东北风,雨,39
2019/4/29 3:40,13℃,99%,54,2级,北风,雨,208
2019/4/29 4:10,12℃,99%,54,2级,北风,雨,175
2019/4/29 4:40,12℃,99%,46,2级,北风,雨,263
2019/4/28 1:10,15℃,82%,71,2级,北风,多云,43
2019/4/28 1:40,14℃,81%,63,3级,北风,多云,54
2019/4/28 2:10,14℃,83%,63,2级,北风,阴,60
2019/4/28 2:40,14℃,84%,60,2级,北风,阴,53
2019/4/28 3:10,14℃,84%,60,2级,北风,阴,72
2019/4/28 3:40,14℃,85%,60,2级,北风,阴,50
2019/4/28 4:10,14℃,86%,60,2级,北风,阴,59
2019/4/28 4:40,14℃,87%,54,2级,北风,阴,42
2019/4/28 20:10,14℃,96%,53,2级,东北风,多云,69
2019/4/28 20:40,14℃,95%,51,2级,北风,多云,63
2019/4/28 21:10,14℃,94%,51,2级,东北风,多云,47
2019/4/28 21:40,14℃,94%,54,2级,东北风,多云,68
2019/4/28 22:10,14℃,94%,54,2级,东北风,多云,48
2019/4/28 22:40,14℃,94%,58,2级,东北风,多云,63
2019/4/28 23:10,13℃,96%,58,2级,东北风,阴,65
2019/4/27 1:10,11℃,75%,42,3级,东风,多云,73
2019/4/27 1:40,11℃,76%,38,3级,东风,多云,54
2019/4/27 2:15,11℃,75%,38,3级,东风,多云,65
2019/4/27 2:45,11℃,75%,32,2级,东风,多云,54
2019/4/27 3:10,11℃,72%,32,3级,东风,多云,48
2019/4/27 3:40,11℃,69%,32,2级,东风,多云,58
2019/4/27 4:15,11℃,67%,32,2级,东风,多云,62
2019/4/27 4:45,11℃,69%,34,2级,东风,多云,54
2019/4/27 20:10,18℃,63%,62,2级,北风,多云,64
2019/4/27 20:40,17℃,64%,64,2级,东风,多云,56
2019/4/27 21:10,17℃,62%,64,2级,东北风,多云,70
2019/4/27 21:40,17℃,63%,64,2级,东北风,多云,45
2019/4/27 22:10,17℃,62%,64,2级,东风,多云,49
2019/4/27 22:40,17℃,63%,65,2级,东风,多云,51
2019/4/27 23:10,17℃,65%,65,2级,东北风,多云,60
2019/4/26 1:15,14℃,94%,33,3级,东北风,多云,37
2019/4/26 1:40,13℃,96%,36,2级,东风,多云,48
2019/4/26 2:15,13℃,98%,36,2级,东风,多云,37
2019/4/26 2:45,13℃,98%,36,2级,东风,多云,37
2019/4/26 3:10,13℃,96%,36,3级,东风,多云,47
2019/4/26 3:45,13℃,91%,38,2级,东风,多云,39
2019/4/26 4:10,13℃,90%,38,3级,东北风,多云,38
2019/4/26 4:40,13℃,90%,36,3级,东风,多云,44
2019/4/26 20:10,12℃,77%,48,2级,东风,晴,81
2019/4/26 20:45,12℃,76%,46,2级,东风,晴,70
2019/4/26 21:10,12℃,75%,46,2级,东风,晴,78
2019/4/26 21:40,12℃,73%,51,2级,东风,晴,79
2019/4/26 22:10,12℃,72%,51,2级,东风,晴,58
2019/4/26 22:45,12℃,75%,51,2级,东风,晴,76
2019/4/26 23:10,12℃,75%,51,2级,东北风,多云,83
2019/4/25 1:15,17℃,99%,69,1级,东北风,阴,35
2019/4/25 1:45,18℃,99%,77,2级,东风,阴,54
2019/4/25 2:15,18℃,99%,77,2级,东北风,阴,48
2019/4/25 2:45,18℃,99%,82,2级,东风,阴,35
2019/4/25 3:15,18℃,99%,82,2级,东风,阴,34
2019/4/25 3:45,18℃,99%,85,2级,东风,阴,68
2019/4/25 4:15,18℃,99%,85,2级,东北风,阴,48
2019/4/25 4:45,18℃,99%,85,2级,东北风,阴,34
2019/4/25 20:10,16℃,89%,52,3级,东北风,多云,39
2019/4/25 20:40,15℃,94%,60,3级,东北风,多云,42
2019/4/25 21:05,14℃,93%,60,3级,东北风,多云,50
2019/4/25 21:45,14℃,92%,67,3级,东北风,多云,40
2019/4/25 22:10,14℃,91%,67,2级,东北风,多云,41
2019/4/25 22:40,14℃,92%,49,3级,东北风,多云,58
2019/4/25 23:15,14℃,92%,49,3级,东北风,多云,41
2019/4/24 1:15,19℃,99%,38,1级,北风,多云,53
2019/4/24 1:45,19℃,99%,38,1级,北风,多云,42
2019/4/24 2:15,19℃,99%,38,1级,东北风,多云,42
2019/4/24 2:45,19℃,99%,38,1级,西风,多云,54
2019/4/24 3:15,19℃,99%,38,1级,北风,多云,41
2019/4/24 3:45,19℃,99%,39,1级,西北风,多云,51
2019/4/24 4:15,19℃,99%,39,1级,北风,多云,53
2019/4/24 4:45,19℃,99%,38,1级,北风,多云,38
2019/4/24 20:15,19℃,97%,66,1级,南风,晴,41
2019/4/24 20:45,19℃,97%,67,1级,东风,晴,40
2019/4/24 21:15,18℃,99%,67,0级,无持续风向,晴,42
2019/4/24 21:45,19℃,99%,70,0级,无持续风向,晴,42
2019/4/24 22:15,18℃,99%,70,1级,东北风,晴,45
2019/4/24 22:45,18℃,99%,69,1级,东风,晴,45
2019/4/24 23:15,18℃,99%,69,1级,东北风,阴,60
2019/4/23 1:15,18℃,99%,63,1级,西北风,多云,41
2019/4/23 1:45,18℃,99%,65,2级,西北风,多云,79
2019/4/23 2:15,18℃,99%,65,2级,西北风,多云,40
2019/4/23 2:45,18℃,99%,67,1级,西北风,多云,41
2019/4/23 3:15,18℃,99%,67,2级,西北风,多云,58
2019/4/23 3:45,18℃,99%,63,2级,西北风,多云,40
2019/4/23 4:15,18℃,99%,63,1级,西北风,多云,39
2019/4/23 4:45,18℃,99%,59,1级,西风,多云,57
2019/4/23 20:00,21℃,79%,51,3级,北风,雨,47
2019/4/23 20:35,20℃,97%,53,1级,东北风,阴,42
2019/4/23 21:05,20℃,97%,53,1级,北风,阴,78
2019/4/23 21:40,20℃,97%,51,2级,北风,阴,44
2019/4/23 22:15,20℃,98%,51,1级,北风,阴,58
2019/4/23 22:45,19℃,98%,52,1级,东南风,阴,46
2019/4/23 23:15,19℃,99%,52,1级,南风,多云,57
2019/4/22 20:15,18℃,99%,53,2级,东北风,多云,45
2019/4/22 20:45,18℃,99%,54,1级,西北风,雨,44
2019/4/22 21:15,18℃,99%,54,1级,北风,多云,60
2019/4/22 21:45,18℃,99%,57,0级,无持续风向,多云,42
2019/4/22 22:15,18℃,99%,57,1级,西南风,多云,43
2019/4/22 22:45,18℃,99%,59,1级,西南风,多云,59
2019/4/22 23:15,18℃,99%,59,1级,南风,多云,42
2019/4/9 1:10,19℃,82%,109,4级,东风,阴,48
2019/4/9 1:40,18℃,83%,102,4级,东风,阴,33
2019/4/9 2:15,17℃,86%,102,3级,东风,阴,44
2019/4/9 2:40,17℃,87%,89,3级,东风,阴,44
2019/4/9 3:10,17℃,88%,89,3级,东风,阴,40
2019/4/9 3:40,17℃,88%,87,2级,东风,阴,45
2019/4/9 4:10,17℃,88%,87,3级,东风,阴,47
2019/4/9 4:40,17℃,87%,90,2级,东风,阴,67
2019/4/8 1:10,18℃,88%,115,2级,东风,多云,40
2019/4/8 1:40,17℃,90%,129,2级,东风,多云,44
2019/4/8 2:10,17℃,93%,129,2级,东风,多云,42
2019/4/8 2:40,17℃,94%,139,2级,东风,多云,44
2019/4/8 3:10,16℃,94%,139,2级,东风,多云,33
2019/4/8 3:40,16℃,95%,149,2级,东风,多云,47
2019/4/8 4:10,16℃,96%,149,1级,东风,多云,35
2019/4/8 4:40,16℃,98%,150,2级,东风,多云,46
2019/4/8 20:10,26℃,58%,57,2级,东南风,多云,78
2019/4/8 20:40,26℃,56%,69,2级,东风,多云,53
2019/4/8 21:10,26℃,54%,69,2级,东风,多云,45
2019/4/8 21:40,25℃,62%,74,3级,东风,多云,50
2019/4/8 22:10,24℃,68%,74,4级,东风,多云,39
2019/4/8 22:45,22℃,74%,98,4级,东风,多云,46
2019/4/8 23:10,22℃,76%,98,3级,东风,阴,39
2019/4/7 1:10,14℃,97%,63,0级,无持续风向,晴,48
2019/4/7 1:40,14℃,98%,67,2级,北风,晴,53
2019/4/7 2:10,13℃,97%,67,1级,北风,晴,47
2019/4/7 2:40,13℃,96%,69,2级,南风,晴,38
2019/4/7 3:10,13℃,97%,69,1级,南风,晴,41
2019/4/7 3:50,13℃,97%,68,1级,南风,晴,52
2019/4/7 4:20,19℃,86%,65,3级,北风,晴,63
2019/4/7 4:55,12℃,99%,65,1级,西南风,晴,37
2019/4/7 20:10,20℃,75%,88,1级,北风,晴,44
2019/4/7 20:40,20℃,79%,111,1级,东北风,晴,44
2019/4/7 21:10,19℃,80%,111,1级,东北风,晴,53
2019/4/7 21:40,20℃,77%,114,2级,东风,晴,42
2019/4/7 22:10,20℃,77%,114,2级,东风,晴,42
2019/4/7 22:40,20℃,80%,116,2级,东北风,晴,50
2019/4/7 23:10,19℃,83%,116,2级,东北风,多云,48
2019/4/6 1:10,13℃,89%,75,1级,东南风,晴,35
2019/4/6 1:40,13℃,93%,72,2级,南风,晴,49
2019/4/6 2:10,13℃,91%,72,1级,南风,晴,37
2019/4/6 2:40,13℃,92%,65,1级,南风,晴,40
2019/4/6 3:10,12℃,95%,65,2级,东南风,晴,39
2019/4/6 3:40,12℃,96%,63,2级,东南风,晴,65
2019/4/6 4:10,12℃,96%,63,2级,南风,晴,143
2019/4/6 4:40,12℃,97%,63,1级,东南风,晴,56
2019/4/6 20:10,21℃,67%,69,2级,东南风,晴,56
2019/4/6 20:40,20℃,70%,70,2级,南风,晴,64
2019/4/6 21:10,19℃,72%,70,2级,南风,晴,51
2019/4/6 21:40,19℃,72%,66,1级,南风,晴,61
2019/4/6 22:10,18℃,76%,66,1级,西风,晴,44
2019/4/6 22:40,18℃,79%,63,1级,西南风,晴,56
2019/4/6 23:10,16℃,84%,63,1级,东南风,晴,48
2019/4/5 1:10,10℃,94%,83,1级,南风,多云,67
2019/4/5 1:40,10℃,95%,83,2级,南风,多云,55
2019/4/5 2:15,10℃,93%,83,2级,西南风,多云,36
2019/4/5 2:40,10℃,94%,85,1级,南风,多云,59
2019/4/5 3:10,10℃,95%,85,1级,南风,多云,61
2019/4/5 3:40,9℃,96%,88,1级,南风,多云,35
2019/4/5 4:10,9℃,97%,88,0级,无持续风向,多云,51
2019/4/5 4:40,9℃,96%,87,1级,南风,多云,60
2019/4/5 20:10,18℃,68%,82,2级,南风,晴,52
2019/4/5 20:40,17℃,72%,77,2级,南风,晴,57
2019/4/5 21:10,17℃,75%,77,1级,南风,晴,60
2019/4/5 21:40,16℃,79%,80,2级,东南风,晴,43
2019/4/5 22:10,16℃,81%,80,1级,东南风,晴,41
2019/4/5 22:40,14℃,88%,75,2级,东南风,晴,55
2019/4/5 23:10,14℃,90%,75,2级,南风,晴,37
2019/4/4 1:00,11℃,91%,114,2级,东北风,阴,59
2019/4/4 2:00,10℃,91%,108,1级,东风,阴,70
2019/4/4 3:00,10℃,95%,103,2级,东风,阴,54
2019/4/4 4:00,10℃,92%,109,2级,东北风,阴,70
2019/4/4 20:10,13℃,65%,66,1级,南风,阴,39
2019/4/4 20:40,12℃,68%,80,1级,东南风,阴,67
2019/4/4 21:10,11℃,86%,80,1级,东南风,阴,88
2019/4/4 21:45,11℃,82%,82,1级,南风,阴,71
2019/4/4 22:10,11℃,83%,82,1级,南风,阴,39
2019/4/4 22:40,10℃,87%,89,2级,南风,阴,65
2019/4/4 23:15,10℃,93%,89,2级,南风,多云,57
2019/4/3 1:10,11℃,84%,39,2级,西风,多云,79
2019/4/3 1:40,11℃,88%,41,1级,西南风,多云,76
2019/4/3 2:10,11℃,88%,41,2级,西南风,多云,75
2019/4/3 2:40,11℃,86%,38,2级,西南风,多云,75
2019/4/3 3:10,11℃,85%,38,2级,西风,多云,77
2019/4/3 3:40,12℃,80%,38,2级,西北风,多云,75
2019/4/3 4:10,12℃,82%,38,2级,西北风,多云,74
2019/4/3 4:40,12℃,84%,57,1级,西北风,多云,78
2019/4/3 20:00,15℃,63%,90,1级,东南风,阴,74
2019/4/3 21:00,12℃,77%,104,1级,南风,阴,79
2019/4/3 22:00,12℃,91%,104,1级,东北风,阴,69
2019/4/3 22:40,14℃,71%,113,1级,东风,多云,55
2019/4/3 23:00,11℃,90%,113,1级,东北风,阴,55
2019/4/2 1:10,8℃,90%,82,1级,东风,多云,63
2019/4/2 1:40,8℃,86%,85,2级,东风,多云,54
2019/4/2 2:15,9℃,79%,85,1级,东南风,多云,71
2019/4/2 2:40,10℃,61%,81,2级,东南风,多云,45
2019/4/2 3:15,10℃,67%,81,1级,东南风,多云,45
2019/4/2 3:40,9℃,73%,78,1级,南风,多云,54
2019/4/2 4:10,10℃,65%,78,1级,东南风,多云,49
2019/4/2 4:40,9℃,78%,76,1级,东风,多云,82
2019/4/2 20:10,13℃,76%,72,2级,西风,阴,128
2019/4/2 20:40,12℃,78%,75,1级,西风,阴,88
2019/4/2 21:10,12℃,79%,75,2级,西风,阴,82
2019/4/2 21:40,12℃,81%,70,2级,西南风,阴,80
2019/4/2 22:10,12℃,79%,70,2级,西北风,阴,82
2019/4/2 22:40,12℃,79%,58,2级,西风,阴,85
2019/4/2 23:10,13℃,75%,58,1级,西北风,多云,80
2019/4/1 1:00,6℃,85%,71,0级,无持续风向,晴,63
2019/4/1 2:00,5℃,92%,76,1级,南风,晴,59
2019/4/1 3:00,4℃,94%,80,1级,南风,晴,35
2019/4/1 4:00,5℃,98%,81,1级,南风,晴,34
2019/4/1 20:10,15℃,37%,61,1级,东风,阴,41
2019/4/1 20:40,14℃,42%,69,2级,东南风,阴,59
2019/4/1 21:10,13℃,53%,69,1级,东南风,阴,54
2019/4/1 21:40,12℃,53%,72,1级,东南风,阴,58
2019/4/1 22:10,11℃,73%,72,1级,东北风,阴,46
2019/4/1 22:40,9℃,77%,84,1级,东风,阴,52
2019/4/1 23:10,9℃,73%,84,1级,东南风,多云,61
2019/3/31 1:10,10℃,38%,61,2级,东风,阴,55
2019/3/31 1:40,10℃,35%,54,2级,东风,阴,40
2019/3/31 2:10,10℃,37%,54,1级,东风,阴,37
2019/3/31 2:40,10℃,42%,54,2级,东风,阴,85
2019/3/31 3:10,9℃,45%,54,2级,东风,阴,62
2019/3/31 3:40,9℃,44%,58,2级,东风,阴,60
2019/3/31 4:10,9℃,47%,58,2级,东北风,阴,67
2019/3/31 4:40,9℃,46%,58,2级,东北风,阴,61
2019/3/31 20:10,11℃,48%,65,1级,东南风,阴,70
2019/3/31 20:40,10℃,65%,72,1级,东南风,阴,62
2019/3/31 21:10,9℃,66%,72,0级,无持续风向,阴,41
2019/3/31 21:40,8℃,79%,77,0级,无持续风向,阴,68
2019/3/31 22:10,8℃,86%,77,1级,东北风,阴,68
2019/3/31 22:40,7℃,88%,71,1级,北风,阴,63
2019/3/31 23:00,7℃,88%,71,1级,北风,晴,63
2019/3/30 1:15,11℃,99%,113,1级,北风,雾,66
2019/3/30 1:45,9℃,99%,118,1级,东风,雾,64
2019/3/30 2:15,9℃,99%,118,1级,东北风,雾,68
2019/3/30 2:40,9℃,99%,123,2级,北风,雾,68
2019/3/30 3:10,10℃,99%,123,2级,西北风,雾,66
2019/3/30 3:40,10℃,99%,124,1级,西北风,雾,67
2019/3/30 4:10,10℃,99%,124,2级,西北风,雾,51
2019/3/30 4:40,11℃,99%,125,2级,北风,多云,45
2019/3/30 20:10,13℃,43%,66,2级,东北风,阴,65
2019/3/30 20:40,13℃,43%,65,2级,东北风,阴,64
2019/3/30 21:10,13℃,44%,65,2级,东北风,阴,69
2019/3/30 21:40,12℃,41%,72,2级,东风,阴,60
2019/3/30 22:10,12℃,43%,72,2级,东北风,阴,68
2019/3/30 22:40,12℃,39%,67,3级,东北风,阴,46
2019/3/30 23:10,12℃,43%,67,2级,东北风,阴,68
2019/3/29 1:10,11℃,95%,185,2级,东风,多云,42
2019/3/29 1:40,11℃,97%,185,1级,东北风,多云,54
2019/3/29 2:10,11℃,98%,185,1级,东北风,多云,55
2019/3/29 2:40,10℃,99%,183,2级,东北风,多云,46
2019/3/29 3:10,10℃,99%,183,1级,东北风,多云,61
2019/3/29 3:40,10℃,98%,169,2级,北风,多云,44
2019/3/29 4:10,9℃,98%,169,2级,北风,多云,48
2019/3/29 4:40,9℃,98%,159,2级,东北风,多云,58
2019/3/29 20:10,15℃,85%,89,1级,南风,阴,69
2019/3/29 20:40,14℃,88%,87,1级,南风,阴,75
2019/3/29 21:10,13℃,91%,87,2级,东南风,阴,77
2019/3/29 21:40,13℃,94%,103,1级,南风,阴,73
2019/3/29 22:10,12℃,96%,103,1级,南风,阴,71
2019/3/29 22:40,12℃,97%,104,2级,南风,阴,69
2019/3/29 23:10,12℃,97%,104,1级,西南风,多云,81
2019/3/28 1:15,12℃,96%,59,1级,北风,多云,42
2019/3/28 1:40,12℃,97%,59,1级,北风,多云,41
2019/3/28 3:40,11℃,99%,55,1级,西南风,多云,42
2019/3/28 4:10,11℃,99%,55,0级,无持续风向,多云,42
2019/3/28 4:40,9℃,99%,58,1级,东南风,雾,42
2019/3/28 20:10,15℃,79%,83,1级,东风,多云,64
2019/3/28 20:40,13℃,88%,99,1级,西北风,多云,59
2019/3/28 21:10,14℃,86%,99,1级,北风,多云,48
2019/3/28 21:40,12℃,92%,129,1级,东南风,多云,51
2019/3/28 22:10,13℃,94%,129,1级,东南风,多云,60
2019/3/28 22:40,12℃,94%,168,1级,东风,多云,59
2019/3/28 23:10,12℃,96%,168,2级,东南风,多云,52
2019/3/27 1:15,11℃,78%,66,1级,东南风,多云,43
2019/3/27 1:40,12℃,66%,60,2级,东南风,多云,44
2019/3/27 2:10,12℃,65%,60,2级,东南风,多云,44
2019/3/27 2:45,12℃,64%,56,1级,西南风,多云,47
2019/3/27 3:10,12℃,60%,56,2级,南风,多云,42
2019/3/27 3:40,13℃,62%,56,2级,东南风,多云,46
2019/3/27 4:10,12℃,74%,56,1级,东北风,多云,42
2019/3/27 4:40,12℃,69%,52,1级,东南风,多云,41
2019/3/27 20:10,15℃,83%,71,1级,西南风,阴,61
2019/3/27 20:40,14℃,83%,65,0级,无持续风向,阴,49
2019/3/27 21:10,14℃,88%,65,1级,东南风,阴,53
2019/3/27 21:45,14℃,87%,61,0级,无持续风向,阴,50
2019/3/27 22:10,13℃,90%,61,0级,无持续风向,阴,46
2019/3/27 22:45,12℃,96%,58,2级,西风,阴,46
2019/3/27 23:10,13℃,93%,58,1级,西北风,多云,47
2019/3/26 1:10,9℃,98%,62,2级,南风,多云,36
2019/3/26 1:40,9℃,97%,63,2级,南风,多云,37
2019/3/26 2:10,9℃,96%,63,1级,西南风,多云,40
2019/3/26 2:45,8℃,98%,63,1级,南风,多云,36
2019/3/26 3:10,8℃,99%,63,0级,无持续风向,多云,46
2019/3/26 3:40,8℃,99%,61,1级,东北风,雾,41
2019/3/26 4:10,7℃,99%,61,1级,东风,多云,39
2019/3/26 4:40,7℃,99%,59,1级,东南风,雾,37
2019/3/26 20:10,17℃,45%,66,3级,东南风,晴,53
2019/3/26 20:40,17℃,48%,67,2级,东南风,晴,54
2019/3/26 21:10,16℃,48%,67,2级,东南风,晴,51
2019/3/26 21:40,15℃,50%,65,2级,东南风,晴,52
2019/3/26 22:10,14℃,56%,65,2级,东南风,晴,51
2019/3/26 22:40,14℃,57%,64,2级,东南风,晴,59
2019/3/26 23:10,13℃,59%,64,2级,东南风,多云,51
2019/3/25 1:10,12℃,58%,68,2级,西南风,多云,33
2019/3/25 1:40,12℃,57%,55,3级,西南风,多云,33
2019/3/25 2:10,11℃,60%,55,2级,西南风,多云,42
2019/3/25 2:40,11℃,63%,50,2级,西南风,多云,37
2019/3/25 3:10,11℃,66%,50,2级,西南风,多云,33
2019/3/25 3:40,10℃,69%,32,2级,西南风,多云,34
2019/3/25 4:10,9℃,74%,32,2级,南风,多云,45
2019/3/25 4:40,8℃,79%,30,1级,西风,多云,44
2019/3/25 20:10,14℃,74%,54,2级,南风,晴,50
2019/3/25 20:40,14℃,76%,56,2级,南风,晴,56
2019/3/25 21:15,13℃,77%,56,2级,南风,晴,56
2019/3/25 21:40,13℃,79%,61,2级,南风,晴,77
2019/3/25 22:10,12℃,81%,61,1级,东南风,晴,58
2019/3/25 22:40,12℃,83%,58,1级,东南风,晴,45
2019/3/25 23:10,11℃,85%,58,1级,南风,多云,43
2019/3/24 1:10,4℃,97%,96,1级,东风,多云,46
2019/3/24 1:40,4℃,98%,109,1级,东风,多云,36
2019/3/24 2:10,4℃,99%,109,0级,无持续风向,多云,45
2019/3/24 2:40,4℃,99%,103,0级,无持续风向,多云,34
2019/3/24 3:10,4℃,99%,103,0级,无持续风向,多云,40
2019/3/24 3:40,3℃,99%,100,1级,东北风,多云,34
2019/3/24 4:10,3℃,99%,100,1级,北风,雾,39
2019/3/24 4:40,3℃,99%,98,1级,东北风,雾,75
2019/3/24 20:10,13℃,58%,61,2级,东南风,阴,77
2019/3/24 20:40,13℃,57%,65,2级,东南风,阴,53
2019/3/24 21:10,13℃,59%,65,1级,东南风,阴,54
2019/3/24 21:40,12℃,62%,69,0级,无持续风向,阴,45
2019/3/24 22:10,12℃,64%,69,0级,无持续风向,阴,47
2019/3/24 22:40,12℃,63%,72,1级,南风,阴,47
2019/3/24 23:10,13℃,60%,72,2级,南风,多云,39
2019/3/23 1:10,7℃,79%,53,1级,西南风,多云,36
2019/3/23 1:45,7℃,83%,57,1级,西南风,多云,85
2019/3/23 2:10,6℃,84%,57,2级,西南风,多云,86
2019/3/23 2:45,6℃,85%,48,1级,南风,多云,50
2019/3/23 3:15,6℃,87%,48,1级,西南风,多云,40
2019/3/23 3:40,5℃,91%,35,1级,西风,多云,44
2019/3/23 4:15,4℃,97%,35,1级,南风,多云,37
2019/3/23 4:45,4℃,97%,33,1级,东南风,多云,39
2019/3/23 20:10,8℃,77%,61,1级,东北风,晴,78
2019/3/23 20:40,8℃,74%,71,0级,无持续风向,晴,48
2019/3/23 21:10,8℃,81%,71,1级,北风,晴,44
2019/3/23 21:40,6℃,89%,81,2级,南风,晴,45
2019/3/23 22:10,7℃,75%,81,1级,西南风,晴,43
2019/3/23 22:40,6℃,90%,86,0级,无持续风向,晴,40
2019/3/23 23:10,6℃,93%,86,0级,无持续风向,多云,40
2019/3/22 1:10,9℃,72%,42,2级,东北风,阴,84
2019/3/22 1:45,9℃,68%,36,2级,东风,阴,39
2019/3/22 2:10,9℃,68%,36,2级,东风,多云,41
2019/3/22 2:45,9℃,69%,39,2级,东北风,多云,45
2019/3/22 3:10,9℃,74%,39,2级,东北风,多云,82
2019/3/22 3:40,9℃,76%,46,3级,东北风,多云,38
2019/3/22 4:10,8℃,66%,46,3级,东风,多云,50
2019/3/22 4:40,8℃,67%,45,3级,东风,多云,39
2019/3/22 20:10,8℃,69%,47,1级,南风,阴,62
2019/3/22 20:40,8℃,69%,53,1级,南风,阴,43
2019/3/22 21:15,8℃,72%,53,2级,南风,阴,44
2019/3/22 21:45,8℃,75%,55,2级,西北风,阴,44
2019/3/22 22:10,8℃,71%,55,2级,西南风,阴,45
2019/3/22 22:45,8℃,76%,54,2级,西南风,阴,46
2019/3/22 23:10,8℃,77%,54,2级,西南风,多云,47
2019/3/21 1:10,13℃,99%,83,1级,东南风,多云,53
2019/3/21 1:45,13℃,99%,85,1级,东北风,雾,50
2019/3/21 2:10,13℃,99%,85,2级,东北风,雾,48
2019/3/21 2:45,13℃,99%,79,1级,东风,多云,48
2019/3/21 3:15,13℃,99%,79,1级,东北风,雾,49
2019/3/21 3:35,12℃,99%,82,1级,东南风,雾,48
2019/3/21 4:10,12℃,99%,82,0级,无持续风向,雾,48
2019/3/21 4:40,12℃,99%,87,1级,北风,雾,48
2019/3/21 20:10,11℃,67%,63,3级,东北风,阴,49
2019/3/21 20:40,10℃,80%,62,3级,东北风,雨,46
2019/3/21 21:10,10℃,86%,62,2级,北风,雨,44
2019/3/21 21:45,10℃,86%,64,2级,北风,雨,53
2019/3/21 22:10,9℃,88%,64,2级,东北风,雨,43
2019/3/21 22:40,9℃,89%,56,2级,东北风,阴,62
2019/3/21 23:15,9℃,88%,56,2级,东风,阴,43
2019/3/20 1:10,17℃,73%,64,3级,东南风,雨,39
2019/3/20 1:40,18℃,69%,63,3级,南风,阴,39
2019/3/20 2:10,18℃,68%,63,4级,南风,阴,38
2019/3/20 2:45,19℃,69%,58,5级,南风,阴,39
2019/3/20 3:10,19℃,69%,58,4级,南风,阴,38
2019/3/20 3:45,19℃,70%,60,4级,南风,阴,38
2019/3/20 4:10,19℃,71%,60,3级,南风,阴,38
2019/3/20 4:40,18℃,77%,54,3级,南风,阴,39
2019/3/20 20:10,16℃,93%,55,1级,南风,晴,52
2019/3/20 20:45,15℃,93%,61,1级,北风,晴,59
2019/3/20 21:10,15℃,95%,61,1级,北风,晴,55
2019/3/20 21:40,14℃,98%,65,0级,无持续风向,晴,52
2019/3/20 22:15,14℃,99%,65,2级,北风,晴,58
2019/3/20 22:40,15℃,98%,72,2级,北风,晴,53
2019/3/20 23:10,14℃,98%,72,2级,北风,多云,55
2019/3/19 1:15,8℃,99%,93,1级,南风,雾,39
2019/3/19 1:40,7℃,99%,83,1级,东风,雾,38
2019/3/19 2:15,6℃,99%,83,1级,东南风,雾,38
2019/3/19 2:40,6℃,99%,75,0级,无持续风向,雾,37
2019/3/19 3:10,6℃,99%,75,1级,东风,雾,37
2019/3/19 3:40,6℃,99%,69,1级,东南风,雨,36
2019/3/19 4:10,6℃,99%,69,1级,东南风,雨,37
2019/3/19 4:40,6℃,99%,65,1级,东南风,雾,36
2019/3/19 20:10,19℃,60%,55,3级,东南风,多云,48
2019/3/19 20:40,19℃,60%,61,3级,东南风,多云,46
2019/3/19 21:15,18℃,62%,61,3级,东南风,多云,45
2019/3/19 21:40,18℃,63%,67,3级,东南风,多云,45
2019/3/19 22:10,18℃,65%,67,3级,东南风,多云,44
2019/3/19 22:45,17℃,67%,64,3级,东南风,多云,44
2019/3/19 23:15,18℃,68%,64,4级,东南风,阴,43
2019/3/18 1:50,15℃,51%,100,2级,东风,阴,34
2019/3/18 2:45,14℃,60%,102,1级,东北风,阴,35
2019/3/18 3:45,13℃,66%,114,2级,南风,阴,35
2019/3/18 4:45,12℃,71%,123,2级,西南风,阴,34
2019/3/18 20:10,10℃,86%,58,2级,南风,晴,43
2019/3/18 20:45,10℃,90%,66,2级,南风,晴,45
2019/3/18 21:10,10℃,93%,66,2级,东南风,晴,44
2019/3/18 21:40,10℃,93%,73,2级,东南风,晴,44
2019/3/18 22:10,10℃,95%,73,2级,东南风,晴,42
2019/3/18 22:40,9℃,97%,84,2级,东南风,晴,42
2019/3/18 23:10,9℃,98%,84,2级,东南风,晴,41
2019/3/17 1:45,7℃,87%,87,0级,无持续风向,多云,33
2019/3/17 3:45,7℃,92%,83,1级,北风,多云,40
2019/3/17 4:45,6℃,94%,87,1级,西北风,多云,33
2019/3/17 20:45,16℃,41%,87,2级,东南风,阴,45
2019/3/17 22:45,15℃,45%,92,0级,无持续风向,阴,41
2019/3/16 1:45,5℃,97%,116,1级,东风,多云,32
2019/3/16 2:45,5℃,98%,103,1级,东北风,多云,31
2019/3/16 3:45,4℃,95%,97,1级,东南风,多云,29
2019/3/16 4:45,4℃,96%,87,1级,东北风,多云,32
2019/3/16 20:45,14℃,40%,86,2级,东南风,多云,50
2019/3/16 21:20,12℃,53%,92,2级,东南风,多云,50
2019/3/16 22:45,10℃,64%,93,0级,无持续风向,多云,40
2019/3/15 1:45,8℃,75%,88,2级,西风,多云,29
2019/3/15 2:45,8℃,74%,81,2级,西风,多云,32
2019/3/15 3:45,8℃,74%,67,2级,西风,多云,30
2019/3/15 4:45,8℃,79%,59,3级,西风,多云,30
2019/3/15 20:45,8℃,77%,80,2级,东北风,阴,40
2019/3/15 21:45,9℃,63%,96,0级,无持续风向,阴,38
2019/3/15 22:45,7℃,84%,102,1级,东风,阴,35
2019/3/14 1:50,10℃,67%,87,1级,西风,阴,31
2019/3/14 2:50,11℃,62%,85,2级,南风,阴,30
2019/3/14 3:50,10℃,69%,85,2级,西南风,阴,28
2019/3/14 4:50,10℃,72%,87,1级,西风,阴,30
2019/3/14 20:45,10℃,74%,74,0级,无持续风向,多云,39
2019/3/14 21:45,10℃,71%,79,2级,西风,多云,39
2019/3/14 22:45,9℃,83%,93,1级,西风,多云,36
2019/3/13 1:45,5℃,89%,80,1级,东风,晴,27
2019/3/13 2:45,4℃,91%,79,1级,东北风,晴,27
2019/3/13 3:45,4℃,94%,80,1级,东北风,晴,27
2019/3/13 4:45,3℃,96%,82,2级,东风,晴,28
2019/3/13 20:45,13℃,55%,92,2级,北风,阴,40
2019/3/13 21:50,12℃,59%,95,2级,东北风,阴,38
2019/3/13 22:50,12℃,59%,97,2级,东北风,阴,37
2019/3/12 1:50,6℃,81%,94,2级,西风,多云,33
2019/3/12 2:50,5℃,85%,95,1级,西风,多云,32
2019/3/12 3:50,5℃,74%,92,2级,西南风,多云,31
2019/3/12 4:50,6℃,72%,88,2级,西风,多云,30
2019/3/12 20:40,11℃,55%,88,1级,北风,晴,34
2019/3/12 21:45,9℃,66%,84,1级,东南风,晴,32
2019/3/12 22:45,7℃,70%,84,1级,东北风,晴,31
2019/3/11 1:35,7℃,91%,158,1级,无持续风向,多云,32
2019/3/11 2:35,8℃,83%,156,2级,无持续风向,多云,30
2019/3/11 3:35,8℃,86%,149,2级,无持续风向,多云,30
2019/3/11 4:35,7℃,92%,143,2级,无持续风向,多云,29
2019/3/11 20:45,9℃,73%,120,2级,西风,阴,38
2019/3/11 21:50,8℃,74%,115,2级,西风,阴,34
2019/3/11 22:50,8℃,75%,112,1级,西南风,阴,36
2019/3/10 1:35,8℃,80%,102,2级,无持续风向,多云,33
2019/3/10 2:35,7℃,86%,108,2级,无持续风向,多云,32
2019/3/10 3:35,6℃,93%,113,2级,无持续风向,多云,30
2019/3/10 4:35,5℃,96%,117,2级,无持续风向,多云,32
2019/3/10 20:35,8℃,84%,132,2级,无持续风向,晴,39
2019/3/10 21:35,8℃,86%,147,1级,无持续风向,晴,37
2019/3/10 22:35,7℃,91%,158,2级,无持续风向,晴,37
2019/3/10 23:30,7℃,90%,159,1级,无持续风向,多云,36
2019/3/9 1:35,8℃,77%,70,2级,无持续风向,多云,32
2019/3/9 2:35,8℃,77%,69,1级,无持续风向,多云,30
2019/3/9 3:35,7℃,81%,67,1级,无持续风向,多云,34
2019/3/9 4:35,7℃,82%,68,1级,无持续风向,多云,33
2019/3/9 20:35,10℃,67%,79,2级,无持续风向,多云,40
2019/3/9 21:35,10℃,71%,87,2级,无持续风向,多云,37
2019/3/9 22:35,10℃,72%,94,2级,无持续风向,多云,38
2019/3/9 23:25,10℃,68%,98,2级,无持续风向,多云,39
2019/3/8 1:35,2℃,91%,55,1级,无持续风向,多云,44
2019/3/8 2:35,3℃,88%,57,2级,无持续风向,多云,37
2019/3/8 3:35,3℃,83%,56,2级,无持续风向,多云,40
2019/3/8 4:35,3℃,76%,58,2级,无持续风向,多云,38
2019/3/8 20:35,9℃,61%,71,1级,无持续风向,多云,43
2019/3/8 21:35,9℃,69%,73,1级,无持续风向,多云,44
2019/3/8 22:35,8℃,72%,72,2级,无持续风向,多云,41
2019/3/8 23:25,8℃,78%,70,1级,无持续风向,多云,39
2019/3/7 1:35,7℃,61%,68,4级,无持续风向,多云,37
2019/3/7 2:35,6℃,67%,82,3级,无持续风向,多云,41
2019/3/7 3:35,5℃,61%,81,3级,无持续风向,多云,38
2019/3/7 4:35,4℃,68%,78,2级,无持续风向,多云,41
2019/3/7 20:35,7℃,59%,61,2级,无持续风向,多云,48
2019/3/7 21:35,6℃,69%,63,2级,无持续风向,多云,47
2019/3/7 22:35,5℃,71%,67,2级,无持续风向,多云,45
2019/3/7 23:25,5℃,72%,64,2级,无持续风向,多云,44
2019/3/6 20:35,11℃,51%,170,2级,无持续风向,多云,52
2019/3/6 21:35,10℃,54%,153,2级,无持续风向,多云,48
2019/3/6 22:35,9℃,57%,92,2级,无持续风向,多云,49
2019/3/6 23:25,8℃,55%,92,2级,无持续风向,多云,48
2019/3/5 1:35,9℃,68%,98,2级,无持续风向,阴,44
2019/3/5 2:35,8℃,71%,97,1级,无持续风向,阴,40
2019/3/5 3:35,7℃,80%,102,2级,无持续风向,阴,46
2019/3/5 4:35,8℃,78%,108,2级,无持续风向,阴,39
2019/3/4 1:35,1℃,99%,113,1级,无持续风向,晴,44
2019/3/4 2:35,1℃,99%,110,1级,无持续风向,晴,45
2019/3/4 3:35,0℃,99%,114,0级,无持续风向,晴,45
2019/3/4 4:35,0℃,99%,103,1级,无持续风向,雾,43
2019/3/4 20:35,9℃,77%,87,2级,无持续风向,阴,56
2019/3/4 21:35,10℃,72%,95,2级,无持续风向,阴,55
2019/3/4 22:35,10℃,68%,108,2级,无持续风向,阴,52
2019/3/4 23:25,9℃,70%,109,1级,无持续风向,阴,52
2019/3/3 1:35,5℃,87%,82,2级,无持续风向,阴,48
2019/3/3 2:35,5℃,83%,82,2级,无持续风向,阴,49
2019/3/3 3:35,5℃,83%,83,1级,无持续风向,阴,48
2019/3/3 4:35,5℃,86%,90,1级,无持续风向,阴,48
2019/3/3 20:35,6℃,84%,97,1级,无持续风向,多云,57
2019/3/3 21:35,6℃,89%,100,1级,无持续风向,多云,53
2019/3/3 22:35,4℃,97%,99,1级,无持续风向,多云,53
2019/3/3 23:25,3℃,97%,103,1级,无持续风向,晴,53
2019/3/2 1:35,6℃,93%,173,3级,无持续风向,多云,45
2019/3/2 2:35,6℃,94%,204,2级,无持续风向,阴,46
2019/3/2 3:35,6℃,91%,223,2级,无持续风向,阴,92
2019/3/2 4:35,6℃,94%,226,2级,无持续风向,阵雨,64
2019/3/2 20:35,6℃,75%,135,3级,无持续风向,阴,57
2019/3/2 21:35,6℃,77%,109,2级,无持续风向,阴,54
2019/3/2 22:35,6℃,79%,93,2级,无持续风向,阴,57
2019/3/2 23:25,6℃,80%,82,2级,无持续风向,阴,53
2019/3/1 1:35,6℃,92%,107,2级,无持续风向,阴,42
2019/3/1 2:35,6℃,92%,105,2级,无持续风向,阴,42
2019/3/1 3:25,6℃,91%,109,2级,无持续风向,阴,43
2019/3/1 4:20,6℃,91%,109,2级,无持续风向,阴,41
2019/3/1 20:35,7℃,75%,85,2级,无持续风向,阴,57
2019/3/1 21:35,7℃,79%,112,2级,无持续风向,阴,56
2019/3/1 22:35,6℃,84%,112,2级,无持续风向,阴,52
2019/3/1 23:25,6℃,86%,129,1级,无持续风向,多云,49
2019/2/28 1:35,5℃,99%,64,1级,无持续风向,阴,54
2019/2/28 2:35,5℃,99%,67,2级,无持续风向,阴,51
2019/2/28 3:35,5℃,98%,69,1级,无持续风向,阴,51
2019/2/28 4:10,5℃,99%,70,1级,无持续风向,阴,50
2019/2/28 20:35,7℃,86%,92,2级,无持续风向,阴,56
2019/2/28 21:30,6℃,90%,102,0级,无持续风向,阴,55
2019/2/28 22:35,6℃,93%,107,1级,无持续风向,阴,50
2019/2/28 23:25,6℃,95%,107,1级,无持续风向,阴,47
2019/2/27 1:35,5℃,94%,38,2级,无持续风向,多云,48
2019/2/27 2:35,5℃,94%,38,2级,无持续风向,阴,48
2019/2/27 3:35,5℃,96%,33,2级,无持续风向,阴,47
2019/2/27 4:35,4℃,94%,35,3级,无持续风向,阴,47
2019/2/27 20:35,5℃,96%,49,1级,无持续风向,阴,59
2019/2/27 21:35,5℃,96%,54,2级,无持续风向,阴,58
2019/2/27 22:35,5℃,97%,55,1级,无持续风向,阴,56
2019/2/27 23:25,5℃,98%,58,1级,无持续风向,阴,51
2019/2/26 1:35,4℃,89%,212,1级,无持续风向,多云,42
2019/2/26 2:35,3℃,92%,222,2级,无持续风向,多云,42
2019/2/26 3:35,4℃,82%,219,1级,无持续风向,多云,41
2019/2/26 4:35,4℃,83%,209,2级,无持续风向,多云,41
2019/2/26 20:35,5℃,98%,93,2级,无持续风向,阴,60
2019/2/26 21:35,5℃,98%,80,2级,无持续风向,阴,57
2019/2/26 22:35,5℃,94%,64,3级,无持续风向,阴,55
2019/2/26 23:25,5℃,93%,53,2级,无持续风向,多云,51
2019/2/25 1:35,1℃,98%,175,1级,无持续风向,多云,46
2019/2/25 2:35,0℃,97%,165,1级,无持续风向,多云,46
2019/2/25 3:35,0℃,98%,152,1级,无持续风向,多云,45
2019/2/25 4:35,0℃,99%,150,1级,无持续风向,多云,45
2019/2/25 20:35,6℃,78%,139,2级,无持续风向,阴,52
2019/2/25 21:35,5℃,83%,159,2级,无持续风向,阴,51
2019/2/25 22:35,5℃,84%,176,1级,无持续风向,多云,49
2019/2/25 23:25,5℃,82%,189,1级,无持续风向,多云,46
2019/2/24 1:35,-1℃,99%,147,0级,无持续风向,雾,53
2019/2/24 2:35,-1℃,99%,139,1级,无持续风向,雾,52
2019/2/24 3:35,-2℃,99%,130,0级,无持续风向,雾,51
2019/2/24 4:30,-2℃,99%,125,1级,无持续风向,雾,50
2019/2/24 20:35,4℃,82%,134,0级,无持续风向,多云,51
2019/2/24 21:40,2℃,93%,159,0级,无持续风向,多云,51
2019/2/24 22:35,2℃,91%,166,1级,无持续风向,多云,49
2019/2/24 23:25,1℃,95%,166,1级,无持续风向,多云,46
2019/2/23 1:35,0℃,99%,64,1级,无持续风向,阴,56
2019/2/23 2:35,0℃,99%,57,1级,无持续风向,阴,56
2019/2/23 3:35,0℃,99%,55,1级,无持续风向,阴,54
2019/2/23 4:35,0℃,99%,58,1级,无持续风向,阴,57
2019/2/23 20:35,4℃,94%,166,1级,无持续风向,晴,64
2019/2/23 21:35,2℃,96%,168,1级,无持续风向,晴,63
2019/2/23 22:30,1℃,98%,166,1级,无持续风向,晴,61
2019/2/23 23:25,1℃,99%,159,1级,无持续风向,晴,57
2019/2/22 1:35,0℃,99%,64,2级,无持续风向,雨夹雪,88
2019/2/22 2:35,0℃,99%,59,1级,无持续风向,雨夹雪,95
2019/2/22 3:35,0℃,99%,59,0级,无持续风向,雨夹雪,95
2019/2/22 4:35,0℃,99%,57,0级,无持续风向,雨夹雪,86
2019/2/22 20:35,1℃,95%,92,1级,无持续风向,晴,66
2019/2/22 21:35,0℃,98%,89,1级,无持续风向,晴,65
2019/2/22 22:35,0℃,99%,84,2级,无持续风向,晴,64
2019/2/22 23:25,0℃,99%,79,2级,无持续风向,阴,61
2019/2/21 1:35,4℃,92%,139,2级,无持续风向,多云,49
2019/2/21 2:35,4℃,93%,148,2级,无持续风向,多云,47
2019/2/21 3:35,4℃,93%,158,2级,无持续风向,多云,46
2019/2/21 4:35,4℃,93%,163,2级,无持续风向,多云,47
2019/2/21 20:35,0℃,99%,73,2级,无持续风向,阴,68
2019/2/21 21:35,0℃,99%,74,2级,无持续风向,阵雨,75
2019/2/21 22:35,1℃,99%,70,2级,无持续风向,阴,72
2019/2/21 23:25,1℃,99%,64,2级,无持续风向,阴,71
2019/2/20 1:35,2℃,88%,70,2级,无持续风向,多云,49
2019/2/20 2:35,2℃,87%,75,1级,无持续风向,多云,49
2019/2/20 3:35,2℃,87%,79,2级,无持续风向,多云,48
2019/2/20 4:35,2℃,87%,83,2级,无持续风向,多云,48
2019/2/20 20:35,3℃,93%,130,2级,无持续风向,阴,57
2019/2/20 21:35,3℃,93%,139,1级,无持续风向,阴,58
2019/2/20 22:35,3℃,93%,143,2级,无持续风向,阴,54
2019/2/20 23:25,3℃,94%,140,2级,无持续风向,多云,49
2019/2/19 1:35,1℃,99%,19,3级,无持续风向,阴,68
2019/2/19 2:35,1℃,99%,23,3级,无持续风向,多云,66
2019/2/19 3:35,1℃,98%,33,3级,无持续风向,多云,66
2019/2/19 4:35,1℃,95%,39,3级,无持续风向,多云,65
2019/2/19 20:35,3℃,83%,58,2级,无持续风向,多云,57
2019/2/19 21:35,3℃,84%,62,2级,无持续风向,多云,57
2019/2/19 22:35,3℃,86%,64,2级,无持续风向,多云,56
2019/2/19 23:25,2℃,87%,62,2级,无持续风向,多云,51
2019/2/18 1:35,2℃,68%,67,2级,无持续风向,阴,41
2019/2/18 2:35,2℃,73%,67,2级,无持续风向,阴,41
2019/2/18 3:35,2℃,71%,63,2级,无持续风向,阴,41
2019/2/18 4:35,1℃,85%,64,3级,无持续风向,阵雨,40
2019/2/18 20:35,2℃,99%,26,2级,无持续风向,阵雨,89
2019/2/18 21:35,2℃,99%,23,2级,无持续风向,阴,79
2019/2/18 22:35,2℃,99%,20,2级,无持续风向,阵雨,86
2019/2/18 23:25,2℃,99%,19,2级,无持续风向,阵雨,77
2019/2/17 1:35,1℃,78%,60,2级,无持续风向,多云,45
2019/2/17 2:35,1℃,78%,55,2级,无持续风向,多云,45
2019/2/17 3:35,1℃,77%,52,2级,无持续风向,多云,45
2019/2/17 4:35,1℃,74%,57,2级,无持续风向,多云,45
2019/2/17 20:35,3℃,68%,64,1级,无持续风向,阴,48
2019/2/17 21:35,3℃,65%,68,1级,无持续风向,阴,48
2019/2/17 22:35,3℃,74%,67,2级,无持续风向,阴,47
2019/2/17 23:25,3℃,73%,70,2级,无持续风向,阴,43
2019/2/16 1:35,3℃,96%,70,2级,无持续风向,多云,945
2019/2/16 2:35,2℃,94%,82,2级,无持续风向,多云,944
2019/2/16 3:35,2℃,93%,93,2级,无持续风向,多云,932
2019/2/16 4:35,2℃,94%,110,2级,无持续风向,多云,946
2019/2/16 20:35,2℃,74%,87,2级,无持续风向,阴,54
2019/2/16 21:35,2℃,77%,79,2级,无持续风向,阴,53
2019/2/16 22:35,2℃,74%,75,2级,无持续风向,阴,51
2019/2/16 23:25,2℃,72%,70,2级,无持续风向,多云,48
2019/2/15 20:35,3℃,97%,64,2级,无持续风向,阴,933
2019/2/15 21:35,3℃,95%,64,2级,无持续风向,阴,923
2019/2/15 22:35,3℃,95%,67,2级,无持续风向,阴,946
2019/2/15 23:25,3℃,94%,69,2级,无持续风向,多云,931
2019/2/14 1:35,2℃,99%,49,2级,无持续风向,阴,5176
2019/2/14 2:35,2℃,99%,45,2级,无持续风向,阵雨,5147
2019/2/14 3:35,2℃,99%,38,3级,无持续风向,阵雨,5122
2019/2/14 4:35,2℃,99%,33,3级,无持续风向,阵雨,5176
2019/2/13 1:35,1℃,99%,59,2级,无持续风向,阴,5071
2019/2/13 2:35,1℃,99%,58,2级,无持续风向,雾,5111
2019/2/13 3:35,1℃,99%,52,2级,无持续风向,阴,5120
2019/2/13 4:35,1℃,99%,43,2级,无持续风向,雾,5090
2019/2/13 20:35,3℃,97%,60,3级,无持续风向,阵雨,5320
2019/2/13 21:35,3℃,97%,58,3级,无持续风向,阵雨,5319
2019/2/13 22:35,2℃,99%,46,3级,无持续风向,阵雨,5187
2019/2/13 23:25,2℃,99%,50,3级,无持续风向,阵雨,5158
2019/2/12 1:35,1℃,87%,69,2级,无持续风向,多云,5876
2019/2/12 2:35,1℃,88%,70,2级,无持续风向,多云,5113
2019/2/12 3:35,1℃,89%,69,2级,无持续风向,多云,5104
2019/2/12 4:35,0℃,92%,65,2级,无持续风向,多云,5139
2019/2/12 20:35,1℃,98%,70,1级,无持续风向,阴,5333
2019/2/12 21:35,1℃,98%,73,2级,无持续风向,阴,5357
2019/2/12 22:35,1℃,98%,68,3级,无持续风向,阴,5279
2019/2/12 23:25,1℃,99%,69,2级,无持续风向,阴,5142
2019/2/11 1:35,-1℃,91%,59,1级,无持续风向,多云,5130
2019/2/11 2:35,-1℃,92%,62,1级,无持续风向,多云,5140
2019/2/11 3:35,-1℃,93%,64,1级,无持续风向,多云,5155
2019/2/11 4:35,-1℃,94%,65,1级,无持续风向,多云,5162
2019/2/11 20:35,2℃,82%,65,2级,无持续风向,晴,5965
2019/2/11 21:35,2℃,82%,68,2级,无持续风向,晴,5260
2019/2/11 22:35,2℃,83%,73,2级,无持续风向,晴,4762
2019/2/11 23:25,1℃,84%,74,2级,无持续风向,多云,6129
2019/2/10 1:35,-1℃,87%,63,2级,无持续风向,阴,6238
2019/2/10 2:35,0℃,89%,58,2级,无持续风向,阴,6227
2019/2/10 3:35,0℃,88%,55,2级,无持续风向,阴,4735
2019/2/10 4:35,0℃,88%,53,3级,无持续风向,阴,4700
2019/2/10 20:35,0℃,90%,68,2级,无持续风向,阴,5312
2019/2/10 21:35,0℃,90%,68,2级,无持续风向,阴,5325
2019/2/10 22:35,0℃,89%,68,2级,无持续风向,阴,5323
2019/2/10 23:25,-1℃,89%,64,2级,无持续风向,多云,5220
2019/2/9 1:35,-1℃,96%,45,2级,无持续风向,阴,6184
2019/2/9 2:35,-1℃,96%,52,2级,无持续风向,阴,4963
2019/2/9 3:35,-1℃,96%,49,2级,无持续风向,阴,5486
2019/2/9 4:35,-1℃,96%,50,2级,无持续风向,阴,5201
2019/2/9 20:35,-1℃,84%,87,2级,无持续风向,阴,5027
2019/2/9 21:35,-1℃,85%,89,2级,无持续风向,阴,5419
2019/2/9 22:35,-1℃,86%,82,2级,无持续风向,阴,4732
2019/2/9 23:25,-1℃,86%,77,2级,无持续风向,阴,4653
2019/2/8 1:35,-1℃,98%,30,4级,无持续风向,阵雪,4561
2019/2/8 2:35,-1℃,97%,29,4级,无持续风向,雨夹雪,5969
2019/2/8 3:35,-1℃,95%,23,4级,无持续风向,雨夹雪,4407
2019/2/8 4:35,-1℃,92%,23,3级,无持续风向,阴,5012
2019/2/8 20:35,-1℃,99%,26,2级,无持续风向,雨夹雪,5174
2019/2/8 21:35,-1℃,99%,26,2级,无持续风向,雨夹雪,6234
2019/2/8 22:35,-1℃,98%,26,2级,无持续风向,雨夹雪,6221
2019/2/8 23:25,-1℃,96%,32,2级,无持续风向,阴,5785
2019/2/7 1:35,7℃,98%,95,4级,无持续风向,阵雨,6402
2019/2/7 2:35,5℃,98%,128,4级,无持续风向,阵雨,5006
2019/2/7 3:35,5℃,99%,125,3级,无持续风向,阵雨,6461
2019/2/7 4:35,6℃,99%,160,4级,无持续风向,阵雨,4618
2019/2/7 20:35,2℃,75%,58,4级,无持续风向,阴,6473
2019/2/7 21:35,1℃,84%,52,4级,无持续风向,阵雪,5651
2019/2/7 22:35,0℃,89%,49,4级,无持续风向,阴,6490
2019/2/7 23:25,0℃,97%,36,3级,无持续风向,阵雪,6383
2019/2/6 1:35,2℃,99%,172,1级,无持续风向,雾,6464
2019/2/6 2:35,1℃,99%,158,1级,无持续风向,雾,5384
2019/2/6 3:35,1℃,99%,147,1级,无持续风向,雾,5037
2019/2/6 4:30,1℃,99%,139,1级,无持续风向,晴,4516
2019/2/6 20:35,11℃,93%,118,2级,无持续风向,阴,5126
2019/2/6 21:35,10℃,98%,133,3级,无持续风向,阵雨,4853
2019/2/6 22:35,10℃,99%,125,3级,无持续风向,阵雨,4636
2019/2/6 23:25,9℃,98%,124,2级,无持续风向,阵雨,6336
2019/2/5 1:30,1℃,92%,137,0级,无持续风向,多云,5569
2019/2/5 2:35,0℃,95%,139,1级,无持续风向,多云,6469
2019/2/5 3:35,0℃,95%,140,1级,无持续风向,多云,6445
2019/2/5 4:35,0℃,97%,147,1级,无持续风向,多云,5242
2019/2/5 20:35,6℃,88%,158,1级,无持续风向,晴,6405
2019/2/5 21:30,6℃,93%,163,1级,无持续风向,晴,5509
2019/2/5 22:35,5℃,97%,182,1级,无持续风向,晴,6446
2019/2/5 23:25,4℃,98%,193,1级,无持续风向,晴,4966
2019/2/4 1:35,0℃,99%,186,2级,无持续风向,雾,4941
2019/2/4 2:35,0℃,99%,173,1级,无持续风向,雾,6445
2019/2/4 3:35,-1℃,99%,162,1级,无持续风向,雾,4514
2019/2/4 4:35,-2℃,99%,155,1级,无持续风向,雾,5017
2019/2/4 20:35,7℃,57%,120,2级,无持续风向,多云,6370
2019/2/4 21:35,7℃,57%,117,2级,无持续风向,多云,4613
2019/2/4 22:30,6℃,63%,124,1级,无持续风向,多云,5647
2019/2/4 23:25,4℃,79%,132,1级,无持续风向,多云,4829
2019/2/3 1:30,7℃,99%,64,2级,无持续风向,阴,4519
2019/2/3 2:35,6℃,98%,58,2级,无持续风向,阴,6204
2019/2/3 3:35,6℃,98%,60,2级,无持续风向,阴,4639
2019/2/3 4:35,6℃,98%,67,2级,无持续风向,阴,5716
2019/2/3 20:35,2℃,97%,192,1级,无持续风向,晴,6435
2019/2/3 21:25,2℃,99%,188,2级,无持续风向,晴,4472
2019/2/3 22:35,2℃,99%,189,2级,无持续风向,晴,6442
2019/2/3 23:25,1℃,99%,190,1级,无持续风向,晴,6440
2019/2/2 1:30,4℃,84%,149,2级,无持续风向,多云,4552
2019/2/2 2:15,4℃,84%,124,2级,无持续风向,多云,5059
2019/2/2 3:30,4℃,82%,104,2级,无持续风向,多云,5167
2019/2/2 4:35,5℃,83%,92,2级,无持续风向,多云,4627
2019/2/2 20:35,8℃,87%,59,2级,无持续风向,阴,5967
2019/2/2 21:30,7℃,90%,59,2级,无持续风向,阴,6389
2019/2/2 22:35,7℃,93%,64,2级,无持续风向,阴,4987
2019/2/2 23:20,7℃,96%,60,2级,无持续风向,阴,4886
2019/2/1 1:30,0℃,91%,60,2级,无持续风向,多云,5517
2019/2/1 2:30,0℃,90%,67,2级,无持续风向,多云,6397
2019/2/1 3:30,0℃,91%,68,2级,无持续风向,多云,6409
2019/2/1 4:35,0℃,93%,72,1级,无持续风向,多云,6261
2019/2/1 20:35,2℃,88%,85,2级,无持续风向,晴,6341
2019/2/1 21:35,3℃,87%,92,3级,无持续风向,晴,6353
2019/2/1 22:40,3℃,85%,100,2级,无持续风向,晴,6364
2019/2/1 23:20,3℃,85%,132,3级,无持续风向,多云,6353
2019/1/31 1:30,0℃,99%,20,2级,无持续风向,阵雨,4546
2019/1/31 2:35,0℃,99%,21,2级,无持续风向,阵雨,5255
2019/1/31 3:35,0℃,99%,19,2级,无持续风向,阴,4783
2019/1/31 4:25,0℃,99%,17,2级,无持续风向,阵雨,5450
2019/1/31 20:30,0℃,89%,58,2级,无持续风向,阴,6312
2019/1/31 21:35,0℃,88%,58,2级,无持续风向,阴,4715
2019/1/31 22:35,0℃,90%,58,2级,无持续风向,阴,4690
2019/1/31 23:25,0℃,90%,57,2级,无持续风向,多云,4528
2019/1/30 1:35,5℃,99%,155,2级,无持续风向,多云,5845
2019/1/30 2:30,5℃,99%,156,1级,无持续风向,多云,5555
2019/1/30 3:30,5℃,99%,149,1级,无持续风向,多云,5854
2019/1/30 4:25,5℃,99%,149,1级,无持续风向,多云,5860
2019/1/30 21:20,3℃,98%,32,3级,无持续风向,阵雨,6162
2019/1/30 22:20,6℃,98%,20,2级,无持续风向,阵雨,5908
2019/1/30 23:10,4℃,98%,20,4级,无持续风向,阵雨,6409
2019/1/29 1:00,4℃,97%,142,2级,无持续风向,阴,5251
2019/1/29 2:00,4℃,96%,140,1级,无持续风向,阴,5404
2019/1/29 3:00,4℃,96%,145,2级,无持续风向,阴,5787
2019/1/29 4:00,4℃,97%,148,2级,无持续风向,阴,5058
2019/1/29 20:30,5℃,94%,155,1级,无持续风向,阵雨,5844
2019/1/29 21:35,5℃,96%,148,1级,无持续风向,阴,5536
2019/1/29 22:35,5℃,98%,150,1级,无持续风向,阵雨,5323
2019/1/29 23:15,5℃,99%,149,1级,无持续风向,雾,5206
2019/1/28 1:20,6℃,64%,145,1级,无持续风向,阴,5791
2019/1/28 2:20,5℃,72%,168,1级,无持续风向,多云,5228
2019/1/28 3:35,5℃,73%,185,1级,无持续风向,多云,5828
2019/1/28 4:35,5℃,70%,192,1级,无持续风向,多云,5380
2019/1/28 20:35,4℃,96%,160,1级,无持续风向,阴,5128
2019/1/28 21:10,4℃,96%,166,1级,无持续风向,阴,5040
2019/1/28 22:00,4℃,96%,166,1级,无持续风向,阵雨,5383
2019/1/28 23:00,4℃,97%,159,2级,无持续风向,阴,5239
2019/1/27 1:30,-2℃,85%,56,2级,无持续风向,晴,5219
2019/1/27 2:30,-1℃,78%,57,1级,无持续风向,晴,5616
2019/1/27 3:35,-2℃,79%,57,1级,无持续风向,晴,5464
2019/1/27 4:15,-2℃,85%,56,1级,无持续风向,晴,5831
2019/1/27 20:35,7℃,56%,87,2级,无持续风向,阴,5821
2019/1/27 21:35,6℃,63%,90,2级,无持续风向,阴,5447
2019/1/27 22:20,7℃,60%,92,1级,无持续风向,阴,5844
2019/1/27 23:20,6℃,67%,95,2级,无持续风向,多云,5268
2019/1/26 1:30,0℃,69%,73,2级,无持续风向,多云,5735
2019/1/26 2:35,0℃,69%,64,2级,无持续风向,多云,5818
2019/1/26 3:25,0℃,69%,55,2级,无持续风向,多云,5840
2019/1/26 4:30,0℃,78%,49,2级,无持续风向,多云,5843
2019/1/26 20:25,0℃,68%,61,1级,无持续风向,晴,5837
2019/1/26 21:35,0℃,73%,58,1级,无持续风向,晴,5070
2019/1/26 22:30,-1℃,77%,56,1级,无持续风向,晴,5868
2019/1/26 23:05,-1℃,81%,59,2级,无持续风向,晴,5834
2019/1/25 1:30,5℃,66%,147,2级,无持续风向,多云,5104
2019/1/25 2:35,5℃,68%,149,2级,无持续风向,多云,5821
2019/1/25 3:35,5℃,65%,153,2级,无持续风向,多云,5826
2019/1/25 4:30,5℃,69%,162,2级,无持续风向,多云,5700
2019/1/25 20:35,5℃,82%,176,4级,无持续风向,多云,5849
2019/1/25 21:35,4℃,64%,162,3级,无持续风向,多云,5860
2019/1/25 22:35,3℃,63%,113,3级,无持续风向,多云,5832
2019/1/25 23:20,2℃,64%,87,2级,无持续风向,多云,5060
2019/1/24 1:35,0℃,93%,120,1级,无持续风向,晴,5444
2019/1/24 2:20,0℃,84%,122,0级,无持续风向,晴,5808
2019/1/24 3:30,-1℃,94%,129,1级,无持续风向,晴,5806
2019/1/24 4:35,-2℃,96%,124,1级,无持续风向,晴,5130
2019/1/24 20:25,5℃,61%,113,1级,无持续风向,晴,5157
2019/1/24 20:50,5℃,63%,142,2级,无持续风向,晴,5828
2019/1/24 23:20,2℃,82%,143,1级,无持续风向,多云,5820
2019/1/23 1:35,-1℃,94%,170,1级,无持续风向,晴,5786
2019/1/23 2:35,-2℃,96%,166,1级,无持续风向,晴,5813
2019/1/23 3:35,-2℃,96%,163,1级,无持续风向,晴,5818
2019/1/23 4:35,-2℃,97%,170,1级,无持续风向,晴,5815
2019/1/23 20:35,3℃,80%,113,1级,无持续风向,晴,5826
2019/1/23 21:25,2℃,86%,123,1级,无持续风向,晴,5452
2019/1/23 22:20,2℃,73%,139,0级,无持续风向,晴,5847
2019/1/23 23:25,0℃,91%,128,1级,无持续风向,晴,5806
2019/1/22 1:20,1℃,63%,102,2级,无持续风向,晴,5811
2019/1/22 2:20,0℃,70%,97,1级,无持续风向,晴,5820
2019/1/22 3:20,-1℃,73%,92,3级,无持续风向,晴,5667
2019/1/22 4:20,-1℃,73%,84,2级,无持续风向,晴,5104
2019/1/22 20:20,2℃,54%,106,1级,无持续风向,晴,5084
2019/1/22 21:35,0℃,84%,115,1级,无持续风向,晴,5073
2019/1/22 22:35,0℃,87%,137,0级,无持续风向,晴,5837
2019/1/22 23:05,0℃,91%,155,0级,无持续风向,晴,5819
2019/1/21 20:20,1℃,70%,85,2级,无持续风向,晴,5835
2019/1/21 21:20,1℃,75%,102,1级,无持续风向,晴,5846
2019/1/21 22:20,0℃,81%,107,1级,无持续风向,晴,5861
2019/1/21 23:10,0℃,65%,109,1级,无持续风向,晴,5069
2019/1/16 1:35,-1℃,65%,57,2级,无持续风向,多云,5769
2019/1/16 2:35,-2℃,68%,61,2级,无持续风向,多云,5629
2019/1/16 3:35,-3℃,68%,58,2级,无持续风向,多云,5787
2019/1/16 4:35,-3℃,68%,54,2级,无持续风向,多云,5765
2019/1/15 1:35,3℃,96%,212,1级,无持续风向,阴,5755
2019/1/15 2:35,3℃,97%,220,2级,无持续风向,阴,5769
2019/1/15 3:35,3℃,97%,225,2级,无持续风向,阴,5124
2019/1/15 4:35,3℃,97%,227,2级,无持续风向,阴,5755
2019/1/15 20:35,2℃,55%,159,3级,无持续风向,阴,5536
2019/1/15 21:35,1℃,58%,152,3级,无持续风向,阴,5802
2019/1/15 22:35,0℃,61%,85,3级,无持续风向,阴,5773
2019/1/15 23:25,0℃,60%,65,2级,无持续风向,多云,5270
2019/1/14 1:35,1℃,99%,175,2级,无持续风向,多云,5744
2019/1/14 2:35,1℃,99%,166,2级,无持续风向,雾,5745
2019/1/14 3:35,1℃,99%,175,2级,无持续风向,雾,5752
2019/1/14 4:35,1℃,99%,175,2级,无持续风向,雾,5778
2019/1/14 20:35,4℃,93%,198,2级,无持续风向,阴,5263
2019/1/14 21:35,4℃,93%,199,2级,无持续风向,阴,5321
2019/1/14 22:35,3℃,93%,198,2级,无持续风向,阴,5755
2019/1/14 23:25,3℃,94%,198,3级,无持续风向,阴,5666
2019/1/13 1:35,1℃,99%,153,0级,无持续风向,多云,5682
2019/1/13 2:35,0℃,99%,143,1级,无持续风向,多云,5749
2019/1/13 3:35,1℃,99%,140,2级,无持续风向,多云,5743
2019/1/13 4:35,0℃,99%,139,1级,无持续风向,多云,5146
2019/1/13 20:35,2℃,95%,160,2级,无持续风向,晴,5229
2019/1/13 21:35,2℃,94%,172,2级,无持续风向,晴,5783
2019/1/13 22:35,1℃,96%,179,2级,无持续风向,晴,5139
2019/1/13 23:25,2℃,98%,185,1级,无持续风向,多云,5154
2019/1/12 1:35,0℃,99%,62,2级,无持续风向,雾,5301
2019/1/12 2:35,0℃,99%,67,1级,无持续风向,雾,5208
2019/1/12 3:35,-1℃,99%,68,0级,无持续风向,雾,5714
2019/1/12 4:35,-1℃,99%,73,0级,无持续风向,雾,5730
2019/1/12 20:35,1℃,98%,158,2级,无持续风向,多云,5738
2019/1/12 21:35,1℃,98%,149,1级,无持续风向,多云,5743
2019/1/12 22:35,0℃,99%,150,1级,无持续风向,多云,5710
2019/1/12 23:25,0℃,99%,153,1级,无持续风向,多云,5724
2019/1/11 20:35,2℃,98%,39,2级,无持续风向,多云,5160
2019/1/11 21:35,2℃,98%,39,1级,无持续风向,多云,5747
2019/1/11 22:35,2℃,99%,46,1级,无持续风向,多云,5571
2019/1/11 23:25,2℃,99%,53,1级,无持续风向,多云,5722
2019/1/10 1:35,0℃,99%,40,1级,无持续风向,阴,6143
2019/1/10 2:35,0℃,99%,39,1级,无持续风向,阴,4836
2019/1/10 3:35,0℃,99%,39,1级,无持续风向,阴,4767
2019/1/10 4:35,0℃,99%,43,1级,无持续风向,雾,4893
2019/1/9 1:35,0℃,99%,118,2级,无持续风向,雨夹雪,1199
2019/1/9 2:35,0℃,99%,110,2级,无持续风向,雨夹雪,1189
2019/1/9 3:35,0℃,99%,94,3级,无持续风向,雨夹雪,1203
2019/1/9 4:35,0℃,99%,72,3级,无持续风向,雨夹雪,1212
2019/1/9 20:35,0℃,99%,46,2级,无持续风向,雨夹雪,1201
2019/1/9 21:35,0℃,99%,43,2级,无持续风向,阴,1145
2019/1/9 22:35,0℃,99%,42,2级,无持续风向,阴,1107
2019/1/9 23:25,0℃,99%,36,1级,无持续风向,阴,1108
2019/1/8 1:35,2℃,99%,73,2级,无持续风向,雨夹雪,1169
2019/1/8 2:35,2℃,99%,72,2级,无持续风向,雾,1170
2019/1/8 3:35,2℃,99%,75,3级,无持续风向,雾,1165
2019/1/8 4:40,2℃,99%,88,2级,无持续风向,雾,1163
2019/1/8 20:35,3℃,92%,163,2级,无持续风向,多云,1256
2019/1/8 21:35,3℃,93%,180,0级,无持续风向,多云,1223
2019/1/8 22:35,2℃,95%,179,1级,无持续风向,多云,1176
2019/1/8 23:25,2℃,90%,188,2级,无持续风向,雨夹雪,1168
2019/1/7 1:35,2℃,90%,94,2级,无持续风向,多云,1158
2019/1/7 2:35,2℃,90%,94,2级,无持续风向,多云,1147
2019/1/7 3:35,2℃,93%,97,2级,无持续风向,多云,1147
2019/1/7 4:35,2℃,94%,94,2级,无持续风向,多云,1155
2019/1/7 20:35,2℃,99%,62,2级,无持续风向,阴,1274
2019/1/7 21:35,2℃,99%,70,2级,无持续风向,雾,1223
2019/1/7 22:35,2℃,99%,74,2级,无持续风向,雾,1163
2019/1/7 23:25,2℃,99%,78,2级,无持续风向,雾,1150
2019/1/6 1:20,1℃,96%,190,2级,无持续风向,多云,1165
2019/1/6 2:20,1℃,99%,178,3级,无持续风向,多云,1181
2019/1/6 3:35,1℃,97%,150,1级,无持续风向,多云,1156
2019/1/6 4:35,1℃,97%,147,2级,无持续风向,多云,1182
2019/1/6 20:35,2℃,89%,125,1级,无持续风向,晴,1237
2019/1/6 21:35,2℃,90%,119,2级,无持续风向,晴,1209
2019/1/6 22:35,2℃,92%,113,1级,无持续风向,晴,1153
2019/1/6 23:25,2℃,91%,102,1级,无持续风向,多云,1160
2019/1/5 1:35,2℃,99%,112,3级,无持续风向,阴,1213
2019/1/5 2:35,2℃,99%,112,2级,无持续风向,阴,1196
2019/1/5 3:35,2℃,99%,105,2级,无持续风向,雨夹雪,1188
2019/1/5 4:35,2℃,99%,95,2级,无持续风向,雾,1195
2019/1/5 20:45,1℃,99%,144,1级,无持续风向,雾,1264
2019/1/5 21:35,1℃,98%,156,2级,无持续风向,多云,1239
2019/1/5 22:35,1℃,98%,168,2级,无持续风向,多云,1172
2019/1/5 23:25,1℃,98%,179,2级,无持续风向,多云,1165
2019/1/4 1:00,4℃,98%,140,1级,无持续风向,阵雨,1201
2019/1/4 2:00,4℃,98%,135,0级,无持续风向,阵雨,1200
2019/1/4 3:00,4℃,99%,130,1级,无持续风向,阵雨,1215
2019/1/4 4:00,3℃,99%,128,1级,无持续风向,阵雨,1244
2019/1/4 20:35,3℃,98%,123,2级,无持续风向,多云,1323
2019/1/4 21:35,3℃,98%,117,2级,无持续风向,多云,1283
2019/1/4 22:35,2℃,98%,117,2级,无持续风向,多云,1226
2019/1/4 23:25,2℃,99%,128,2级,无持续风向,阴,1220
2019/1/3 1:35,1℃,69%,119,1级,无持续风向,晴,1136
2019/1/3 2:35,1℃,69%,124,1级,无持续风向,晴,1145
2019/1/3 3:35,1℃,69%,123,1级,无持续风向,晴,1141
2019/1/3 4:35,1℃,71%,127,1级,无持续风向,晴,1136
2019/1/3 20:35,5℃,81%,173,2级,无持续风向,多云,1221
2019/1/3 21:30,5℃,84%,169,2级,无持续风向,多云,1230
2019/1/3 22:00,5℃,84%,153,2级,无持续风向,多云,1215
2019/1/3 23:00,4℃,93%,149,2级,无持续风向,阵雨,1146
2019/1/2 1:00,0℃,58%,97,2级,无持续风向,多云,1119
2019/1/2 2:00,0℃,62%,89,1级,无持续风向,多云,1106
2019/1/2 3:00,0℃,65%,87,2级,无持续风向,多云,1059
2019/1/2 4:00,0℃,66%,90,2级,无持续风向,多云,1100
2019/1/2 20:35,2℃,65%,114,2级,无持续风向,多云,1239
2019/1/2 21:35,2℃,63%,117,1级,无持续风向,多云,1196
2019/1/2 22:35,2℃,65%,117,0级,无持续风向,多云,1146
2019/1/2 23:25,2℃,70%,120,1级,无持续风向,晴,1147
2019/1/1 1:35,0℃,79%,60,2级,无持续风向,多云,1059
2019/1/1 2:35,0℃,82%,67,0级,无持续风向,多云,1127
2019/1/1 3:35,0℃,79%,72,2级,无持续风向,多云,1070
2019/1/1 4:35,0℃,76%,73,1级,无持续风向,多云,1094
2019/1/1 20:10,0℃,77%,78,2级,无持续风向,晴,1194
2019/1/1 21:00,0℃,67%,89,2级,无持续风向,晴,1179
2019/1/1 22:00,0℃,66%,105,2级,无持续风向,晴,1179
2019/1/1 23:00,0℃,62%,105,2级,无持续风向,多云,1122
2018/12/31 1:35,-4℃,92%,54,1级,东北风,多云,1121
2018/12/31 2:35,-3℃,93%,50,1级,东北风,晴,1087
2018/12/31 3:35,-3℃,92%,52,1级,东北风,晴,1040
2018/12/31 4:35,-4℃,90%,50,1级,东北风,晴,1087
2018/12/31 20:40,0℃,77%,53,1级,西北风,多云,1160
2018/12/31 21:35,0℃,76%,54,1级,北风,多云,1150
2018/12/31 22:35,0℃,78%,53,1级,北风,多云,1084
2018/12/31 23:25,0℃,76%,57,2级,北风,多云,1066
2018/12/30 1:35,-1℃,45%,54,2级,东北风,阵雪,1103
2018/12/30 2:35,-1℃,48%,52,2级,东北风,阴,1057
2018/12/30 3:35,-1℃,48%,52,2级,东风,阵雪,1082
2018/12/30 4:35,-1℃,49%,52,2级,东北风,阵雪,1120
2018/12/30 20:35,-2℃,91%,65,1级,东北风,阴,1171
2018/12/30 21:35,-2℃,90%,68,1级,东北风,阴,1168
2018/12/30 22:35,-2℃,89%,67,1级,东风,阴,1070
2018/12/30 23:25,-3℃,90%,64,0级,风,多云,1135
2018/12/29 1:35,-3℃,47%,54,2级,东北风,晴,1122
2018/12/29 2:35,-4℃,41%,56,2级,东北风,晴,1143
2018/12/29 3:35,-4℃,42%,59,2级,东北风,晴,1100
2018/12/29 4:35,-4℃,45%,59,1级,东北风,阵雪,1140
2018/12/29 20:35,0℃,43%,64,2级,东北风,阵雪,1217
2018/12/29 21:35,-1℃,43%,59,1级,北风,阵雪,1162
2018/12/29 22:35,-1℃,45%,62,2级,东北风,阵雪,1140
2018/12/29 23:25,0℃,46%,61,2级,北风,阵雪,1098
2018/12/28 1:35,0℃,85%,31,3级,东北风,多云,1145
2018/12/28 2:35,0℃,84%,35,3级,东北风,多云,1207
2018/12/28 3:35,0℃,83%,40,2级,东北风,多云,1152
2018/12/28 4:35,0℃,77%,42,3级,东北风,多云,1148
2018/12/28 20:35,-2℃,41%,43,3级,东北风,晴,1249
2018/12/28 21:35,-2℃,45%,45,3级,北风,晴,1182
2018/12/28 22:35,-2℃,46%,50,2级,北风,晴,1117
2018/12/28 23:25,-3℃,46%,51,2级,东北风,晴,1137
2018/12/27 1:35,3℃,92%,19,2级,东北风,雨夹雪,1198
2018/12/27 2:35,3℃,92%,20,2级,东北风,雨夹雪,1177
2018/12/27 3:35,3℃,92%,17,2级,东北风,雨夹雪,1195
2018/12/27 4:35,3℃,92%,16,2级,东风,雨夹雪,1224
2018/12/27 20:35,2℃,79%,44,3级,东北风,阴,1290
2018/12/27 21:35,2℃,82%,42,3级,东北风,阴,1235
2018/12/27 22:35,2℃,82%,35,2级,东北风,阴,1203
2018/12/27 23:25,1℃,83%,36,2级,东北风,多云,1178
2018/12/26 1:35,7℃,94%,53,1级,北风,阴,1173
2018/12/26 2:35,7℃,94%,43,1级,北风,阴,1198
2018/12/26 3:35,7℃,95%,38,2级,北风,阴,1181
2018/12/26 4:35,6℃,95%,32,2级,东北风,阵雨,1161
2018/12/26 4:50,6℃,95%,32,2级,东北风,阵雨,1161
2018/12/26 20:35,5℃,93%,32,2级,东北风,阵雨,1355
2018/12/26 21:35,4℃,92%,18,2级,东北风,阵雨,1336
2018/12/26 22:35,4℃,92%,18,2级,东北风,阴,1292
2018/12/26 23:25,4℃,91%,16,2级,东北风,阴,1207
2018/12/25 1:35,7℃,92%,68,2级,东北风,阵雨,1122
2018/12/25 2:35,6℃,94%,67,0级,风,阵雨,1158
2018/12/25 3:35,6℃,94%,68,1级,东北风,阵雨,1151
2018/12/25 4:35,6℃,94%,65,1级,北风,阵雨,1142
2018/12/25 20:35,7℃,94%,83,1级,东北风,阵雨,1331
2018/12/25 21:35,7℃,94%,77,1级,东北风,阵雨,1286
2018/12/25 22:35,7℃,93%,70,1级,北风,阴,1177
2018/12/25 23:25,7℃,93%,68,2级,西北风,阵雨,1179
2018/12/24 1:35,6℃,66%,124,1级,东北风,晴,1125
2018/12/24 2:05,6℃,64%,114,1级,东北风,晴,1128
2018/12/24 3:35,5℃,67%,105,1级,东风,晴,1167
2018/12/24 4:35,3℃,78%,99,1级,东北风,晴,1137
2018/12/24 20:35,8℃,75%,73,3级,东风,阴,1203
2018/12/24 21:20,8℃,74%,73,2级,东风,多云,1267
2018/12/24 22:20,5℃,91%,73,3级,南风,多云,1217
2018/12/24 23:25,8℃,79%,72,1级,东风,多云,1166
2018/12/23 1:35,7℃,91%,129,1级,东北风,阴,1234
2018/12/23 2:35,6℃,92%,137,1级,东北风,阴,1229
2018/12/23 3:35,7℃,89%,148,1级,西北风,阴,1216
2018/12/23 4:35,6℃,88%,143,2级,西北风,阴,1212
2018/12/23 20:35,6℃,84%,212,1级,东风,晴,1248
2018/12/23 21:40,7℃,64%,222,2级,东风,多云,1221
2018/12/23 22:35,6℃,64%,223,1级,北风,晴,1156
2018/12/23 23:25,5℃,73%,165,1级,北风,晴,1196
2018/12/22 1:35,9℃,94%,68,2级,东北风,阵雨,1098
2018/12/22 2:35,9℃,95%,62,2级,东北风,阵雨,1156
2018/12/22 3:35,9℃,95%,58,1级,北风,阴,1115
2018/12/22 4:35,9℃,95%,60,2级,东北风,阵雨,1161
2018/12/22 20:35,8℃,96%,107,2级,东北风,阵雨,1287
2018/12/22 21:35,8℃,96%,99,2级,北风,阵雨,1293
2018/12/22 22:35,8℃,95%,99,2级,东北风,阵雨,1282
2018/12/22 23:25,7℃,93%,104,2级,北风,阴,1208
2018/12/21 1:35,8℃,96%,74,1级,北风,多云,1107
2018/12/21 2:35,9℃,95%,79,1级,东北风,多云,1108
2018/12/21 3:35,9℃,96%,83,0级,风,多云,1096
2018/12/21 4:35,9℃,95%,83,1级,北风,多云,1097
2018/12/21 20:35,10℃,89%,92,2级,东北风,阴,1247
2018/12/21 21:35,10℃,90%,77,2级,东北风,阴,1189
2018/12/21 22:30,10℃,91%,67,1级,东北风,阴,1134
2018/12/21 23:25,10℃,91%,63,2级,东北风,阴,1129
2018/12/20 1:35,8℃,97%,82,0级,风,阵雨,1097
2018/12/20 2:35,7℃,98%,74,1级,东风,阵雨,1081
2018/12/20 3:35,7℃,98%,70,0级,风,阵雨,1107
2018/12/20 4:35,7℃,98%,70,1级,东风,阵雨,1058
2018/12/20 20:35,10℃,91%,59,2级,东风,多云,1219
2018/12/20 21:35,9℃,92%,57,1级,东风,多云,1147
2018/12/20 22:35,8℃,94%,67,1级,东风,多云,1072
2018/12/20 23:25,7℃,96%,68,1级,东北风,多云,1074
2018/12/19 2:35,8℃,69%,87,1级,东北风,多云,1075
2018/12/19 4:35,7℃,76%,75,1级,东风,多云,1085
2018/12/19 20:35,8℃,95%,99,1级,西风,阵雨,1192
2018/12/19 21:35,8℃,96%,103,1级,西南风,阵雨,1168
2018/12/19 22:35,8℃,96%,98,1级,西北风,阵雨,1080
2018/12/19 23:25,8℃,97%,92,0级,风,阵雨,1106
2018/12/18 2:35,0℃,94%,124,0级,风,晴,1054
2018/12/18 4:35,0℃,95%,120,0级,风,晴,1061
2018/12/18 21:35,9℃,67%,107,2级,南风,晴,1174
2018/12/18 23:05,9℃,70%,102,2级,东南风,多云,1117
2018/12/17 2:35,0℃,89%,140,0级,风,晴,1077
2018/12/17 4:35,0℃,94%,140,0级,风,晴,1088
2018/12/17 21:35,4℃,87%,133,2级,东南风,晴,1145
2018/12/17 23:05,3℃,88%,135,1级,东南风,晴,1071
2018/12/16 2:35,2℃,82%,109,1级,西风,多云,1128
2018/12/16 4:35,0℃,90%,109,1级,西南风,多云,1075
2018/12/16 21:35,2℃,88%,119,1级,西风,晴,1143
2018/12/16 23:05,1℃,91%,145,1级,西风,晴,1067
2018/12/15 2:35,4℃,78%,70,2级,东北风,晴,1112
2018/12/15 4:35,4℃,83%,72,1级,东北风,晴,1126
2018/12/15 21:35,5℃,82%,90,2级,西风,阴,1184
2018/12/15 23:05,4℃,81%,97,1级,西风,多云,1077
2018/12/14 2:35,-3℃,88%,115,0级,风,晴,1084
2018/12/14 4:35,-3℃,87%,119,0级,风,晴,1119
2018/12/14 21:35,4℃,74%,83,1级,东北风,多云,1183
2018/12/14 23:05,4℃,70%,84,2级,东北风,晴,1131
2018/12/13 2:35,-3℃,94%,200,0级,风,晴,1152
2018/12/13 4:35,-4℃,94%,192,0级,风,晴,1122
2018/12/13 21:35,1℃,65%,142,2级,东北风,晴,1202
2018/12/13 23:05,1℃,63%,139,1级,东风,晴,1145
2018/12/12 2:35,0℃,82%,205,1级,西北风,多云,1174
2018/12/12 4:35,0℃,83%,203,2级,西北风,多云,1151
2018/12/12 21:35,-2℃,92%,198,0级,风,晴,1202
2018/12/12 23:05,-2℃,93%,201,0级,风,晴,1119
2018/12/11 2:35,1℃,97%,45,2级,西北风,雨夹雪,1078
2018/12/11 4:35,2℃,97%,54,2级,西风,雨夹雪,1133
2018/12/11 21:35,1℃,74%,170,2级,北风,多云,1254
2018/12/11 23:05,0℃,80%,189,2级,西北风,多云,1128
2018/12/10 2:35,0℃,96%,55,1级,东北风,雨夹雪,1045
2018/12/10 4:35,0℃,96%,62,1级,东北风,雨夹雪,1034
2018/12/10 21:35,4℃,96%,29,1级,北风,阵雨,1222
2018/12/10 23:05,3℃,97%,29,2级,西北风,雨夹雪,1154
2018/12/9 1:55,0℃,57%,55,2级,东北风,阴,1070
2018/12/9 4:30,0℃,54%,54,3级,东风,阴,1059
2018/12/9 21:35,0℃,94%,54,1级,东北风,雨夹雪,1119
2018/12/9 23:05,0℃,95%,54,1级,北风,雨夹雪,995
2018/12/8 2:05,0℃,67%,35,2级,东北风,阴,1025
2018/12/8 4:35,0℃,64%,36,2级,东北风,阴,1031
2018/12/8 21:20,1℃,53%,54,3级,东北风,阴,1100
2018/12/8 23:00,0℃,53%,52,2级,东北风,阴,1016
2018/12/7 2:35,4℃,88%,93,2级,东北风,阴,1069
2018/12/7 4:35,3℃,81%,97,3级,东北风,阴,1089
2018/12/7 21:35,1℃,70%,41,2级,东北风,阴,1130
2018/12/7 23:05,0℃,69%,39,2级,东北风,阴,1045
2018/12/6 2:35,6℃,94%,16,2级,东北风,阵雨,981
2018/12/6 4:35,6℃,91%,18,3级,北风,阴,987
2018/12/6 21:35,4℃,87%,53,3级,东北风,阵雨,1146
2018/12/6 23:05,4℃,89%,58,1级,东北风,雨夹雪,1041
2018/12/5 2:35,7℃,77%,55,2级,东风,多云,1053
2018/12/5 4:35,7℃,78%,56,2级,东风,多云,1038
2018/12/5 21:35,6℃,95%,26,2级,东北风,阵雨,1350
2018/12/5 23:05,6℃,95%,16,3级,东北风,阵雨,1226
2018/12/4 2:35,10℃,92%,25,3级,西北风,阴,1107
2018/12/4 4:35,10℃,93%,28,2级,北风,阵雨,1099
2018/12/4 21:35,8℃,75%,64,2级,东北风,多云,1160
2018/12/4 23:05,8℃,77%,60,2级,东风,多云,1082
2018/12/3 2:35,13℃,94%,152,1级,西北风,阴,1007
2018/12/3 4:35,13℃,96%,142,1级,西南风,阴,1055
2018/12/3 21:35,12℃,96%,67,3级,西北风,阵雨,1246
2018/12/3 23:05,11℃,94%,55,3级,西北风,阵雨,1152
2018/12/2 2:35,12℃,90%,160,2级,南风,多云,1041
2018/12/2 4:35,12℃,91%,168,2级,东南风,多云,1053
2018/12/2 21:35,13℃,95%,199,0级,风,阴,1069
2018/12/2 23:05,13℃,94%,200,1级,西北风,阴,1033
2018/12/1 2:35,11℃,91%,235,2级,西北风,多云,825
2018/12/1 4:35,11℃,91%,246,1级,西北风,多云,827
2018/12/1 21:35,13℃,82%,158,1级,东南风,多云,1084
2018/12/1 23:05,13℃,85%,158,2级,东南风,多云,1011
2018/11/30 2:35,9℃,94%,169,1级,东风,阴,818
2018/11/30 4:35,9℃,94%,172,2级,东北风,阴,810
2018/11/30 21:45,10℃,91%,234,1级,北风,阴,890
2018/11/30 23:05,10℃,91%,230,2级,西北风,多云,883
2018/11/29 2:35,7℃,94%,144,1级,东北风,多云,1005
2018/11/29 4:35,6℃,96%,139,1级,东风,多云,989
2018/11/29 21:35,10℃,88%,219,1级,东北风,多云,879
2018/11/28 2:35,7℃,96%,153,0级,风,多云,1018
2018/11/28 4:35,6℃,97%,149,1级,西北风,多云,1013
2018/11/28 21:35,9℃,92%,153,0级,风,晴,1090
2018/11/28 23:05,9℃,91%,147,1级,东北风,多云,1072
2018/11/27 2:35,7℃,97%,176,0级,风,雾,1058
2018/11/27 4:35,5℃,97%,185,0级,风,雾,1051
2018/11/27 21:35,9℃,93%,147,0级,风,晴,1109
2018/11/27 23:05,8℃,94%,147,1级,西风,多云,1006
2018/11/26 4:05,5℃,96%,148,0级,风,晴,1022
2018/11/26 4:35,5℃,96%,148,1级,北风,晴,1033
2018/11/26 21:35,8℃,90%,133,1级,东南风,晴,1109
2018/11/26 23:05,7℃,92%,133,1级,东风,多云,993
2018/11/25 2:35,6℃,94%,125,1级,西南风,多云,1026
2018/11/25 4:35,6℃,95%,124,1级,西风,多云,1049
2018/11/25 21:35,8℃,89%,135,1级,北风,多云,1067
2018/11/25 23:05,7℃,92%,145,0级,风,晴,1059
2018/11/24 2:35,6℃,92%,88,1级,西南风,多云,1065
2018/11/24 4:35,5℃,94%,97,1级,西南风,多云,1096
2018/11/24 21:35,9℃,86%,122,1级,西北风,阴,1098
2018/11/24 23:05,8℃,91%,128,0级,风,多云,1026
2018/11/23 2:35,7℃,80%,98,0级,风,晴,1071
2018/11/23 4:35,5℃,90%,114,1级,东风,晴,1064
2018/11/23 21:35,11℃,74%,85,2级,东南风,晴,1137
2018/11/23 23:05,11℃,73%,88,2级,南风,多云,1066
2018/11/22 2:35,8℃,74%,169,2级,北风,多云,987
2018/11/22 4:35,4℃,87%,160,1级,西风,多云,1035
2018/11/22 23:05,9℃,60%,90,2级,东南风,晴,1128
2018/11/21 2:35,11℃,91%,107,1级,北风,阴,1040
2018/11/21 4:35,11℃,88%,132,1级,西北风,阴,1010
2018/11/21 21:35,10℃,79%,213,2级,西北风,多云,1103
2018/11/21 23:05,10℃,81%,207,2级,西北风,多云,1007
2018/11/20 2:35,7℃,92%,68,2级,东风,多云,1031
2018/11/20 4:35,7℃,94%,95,0级,风,多云,1009
2018/11/20 21:35,12℃,80%,72,1级,东南风,阴,1149
2018/11/20 23:05,12℃,86%,78,1级,西北风,阴,1051
2018/11/19 2:35,8℃,82%,42,2级,西北风,多云,1081
2018/11/19 4:35,8℃,78%,39,2级,北风,多云,1073
2018/11/19 21:35,8℃,89%,78,1级,东风,多云,1083
2018/11/19 23:05,6℃,94%,69,1级,东风,多云,1040
2018/11/18 2:35,7℃,95%,38,2级,东北风,阵雨,1089
2018/11/18 4:35,7℃,96%,43,2级,东北风,阵雨,1105
2018/11/18 21:35,8℃,91%,53,1级,西北风,阴,1162
2018/11/18 23:05,8℃,90%,58,1级,西风,多云,1104
2018/11/17 2:35,9℃,76%,50,2级,东北风,多云,1070
2018/11/17 4:35,9℃,74%,30,2级,东北风,多云,1048
2018/11/17 21:35,8℃,95%,32,2级,东北风,阵雨,1233
2018/11/17 23:05,8℃,95%,29,2级,北风,阵雨,1213
2018/11/16 2:35,11℃,94%,39,2级,北风,阵雨,1088
2018/11/16 4:35,11℃,94%,45,1级,北风,阵雨,1095
2018/11/16 21:35,10℃,82%,67,2级,东风,多云,1178
2018/11/16 23:05,10℃,80%,65,2级,东北风,多云,1078
2018/11/15 2:35,13℃,80%,67,1级,东北风,阴,1051
2018/11/15 4:35,13℃,84%,79,2级,东北风,阴,1047
2018/11/15 21:35,12℃,93%,39,2级,东北风,阵雨,1197
2018/11/15 23:05,11℃,95%,36,2级,东北风,阵雨,1080
2018/11/14 2:35,11℃,72%,63,2级,东风,多云,1104
2018/11/14 4:35,12℃,74%,68,1级,东风,多云,1025
2018/11/14 21:35,13℃,81%,60,1级,东风,阴,1100
2018/11/14 23:05,13℃,82%,62,1级,东北风,阴,1056
2018/11/13 2:35,9℃,93%,53,0级,风,多云,1014
2018/11/13 4:35,8℃,95%,62,1级,东北风,多云,1006
2018/11/13 21:35,11℃,73%,69,1级,东风,阴,1158
2018/11/13 23:05,12℃,70%,65,2级,东风,多云,1099
2018/11/12 2:35,10℃,91%,53,1级,西北风,多云,1027
2018/11/12 4:35,9℃,96%,62,1级,东北风,多云,1065
2018/11/12 21:35,14℃,72%,53,2级,东北风,阴,1103
2018/11/12 23:05,13℃,76%,51,2级,东北风,多云,1028
2018/11/11 2:35,13℃,90%,93,2级,北风,阴,1021
2018/11/11 4:35,12℃,91%,88,1级,西风,阴,1065
2018/11/11 21:35,12℃,84%,52,2级,东北风,阴,1130
2018/11/11 23:05,12℃,85%,49,1级,北风,多云,1026
2018/11/10 2:35,8℃,91%,50,0级,风,多云,1056
2018/11/10 4:35,8℃,93%,55,1级,东风,多云,1049
2018/11/10 21:35,13℃,93%,97,1级,西南风,多云,1122
2018/11/10 23:05,13℃,91%,103,1级,东北风,多云,1032
2018/11/9 2:35,4℃,96%,51,0级,风,晴,1101
2018/11/9 4:35,3℃,97%,51,0级,风,晴,1052
2018/11/9 21:35,8℃,88%,61,1级,东南风,晴,1116
2018/11/9 23:05,8℃,92%,58,2级,东南风,多云,1055
2018/11/8 2:35,8℃,93%,12,2级,西北风,阴,1175
2018/11/8 4:35,8℃,95%,11,2级,西风,阵雨,1151
2018/11/8 21:35,6℃,93%,52,1级,西南风,晴,1171
2018/11/8 23:05,5℃,94%,50,1级,南风,晴,1115
2018/11/7 2:35,9℃,94%,15,3级,北风,阴,1023
2018/11/7 4:35,9℃,95%,15,4级,西北风,阴,865
2018/11/7 21:35,9℃,95%,17,2级,西北风,阴,1242
2018/11/7 23:05,9℃,96%,16,2级,西北风,阵雨,1073
2018/11/6 2:35,15℃,89%,58,2级,东风,阴,898
2018/11/6 4:35,14℃,95%,53,2级,东北风,阴,907
2018/11/6 21:35,9℃,92%,14,3级,东北风,阴,1094
2018/11/6 23:05,9℃,93%,15,3级,北风,阴,1102
2018/11/5 2:30,17℃,86%,70,1级,东风,多云,982
2018/11/5 4:35,18℃,83%,70,2级,东北风,多云,983
2018/11/5 21:35,16℃,85%,58,2级,东风,阴,1009
2018/11/5 23:00,16℃,85%,60,2级,东北风,阴,952
2018/11/4 2:35,12℃,96%,73,1级,东风,多云,910
2018/11/4 4:20,13℃,96%,77,1级,东风,多云,945
2018/11/4 21:35,20℃,74%,67,2级,东风,多云,1050
2018/11/4 23:05,19℃,78%,73,1级,东北风,多云,933
2018/11/3 2:30,13℃,73%,54,2级,东风,多云,936
2018/11/3 4:20,12℃,79%,58,1级,东风,多云,927
2018/11/3 21:20,16℃,85%,62,2级,东风,晴,1079
2018/11/3 23:00,15℃,90%,68,2级,东风,晴,932
2018/11/2 2:35,12℃,68%,72,2级,东风,晴,948
2018/11/2 4:30,11℃,69%,68,2级,东风,晴,987
2018/11/2 21:35,14℃,64%,55,2级,东风,晴,1023
2018/11/2 23:05,14℃,66%,54,1级,东风,多云,960
2018/11/1 2:35,10℃,76%,65,1级,东风,晴,949
2018/11/1 4:35,9℃,83%,68,1级,东风,晴,965
2018/11/1 21:20,13℃,62%,74,1级,东风,多云,1056
2018/11/1 23:00,12℃,64%,70,1级,东风,多云,949
2018/10/31 2:35,11℃,86%,55,0级,风,多云,967
2018/10/31 4:30,10℃,92%,58,1级,东南风,多云,991
2018/10/31 21:30,15℃,61%,67,2级,东风,晴,1065
2018/10/31 23:00,13℃,68%,67,1级,东风,晴,974
2018/10/30 2:35,9℃,79%,101,1级,西南风,晴,989
2018/10/30 4:35,8℃,85%,82,1级,西风,晴,976
2018/10/30 21:35,17℃,59%,103,2级,东北风,阴,1039
2018/10/30 23:10,16℃,68%,105,2级,东北风,多云,947
2018/10/29 2:35,9℃,77%,75,1级,西风,晴,992
2018/10/29 4:35,9℃,76%,61,1级,西南风,晴,1004
2018/10/29 21:35,12℃,65%,116,1级,东北风,晴,1044
2018/10/29 23:05,11℃,74%,117,1级,东风,晴,994
2018/10/28 2:35,6℃,83%,66,1级,西风,晴,1016
2018/10/28 4:35,6℃,83%,60,1级,西南风,晴,1026
2018/10/28 21:25,12℃,57%,69,1级,西风,晴,1105
2018/10/28 23:00,11℃,64%,66,1级,西风,晴,982
2018/10/27 2:30,7℃,86%,75,1级,东南风,晴,986
2018/10/27 4:30,6℃,84%,73,1级,南风,晴,949
2018/10/27 21:35,9℃,75%,78,1级,西风,晴,1109
2018/10/27 23:05,8℃,73%,78,1级,西风,晴,986
2018/10/26 2:35,17℃,92%,78,2级,西北风,阴,1045
2018/10/26 4:35,16℃,86%,57,2级,西北风,阴,1075
2018/10/26 21:30,9℃,72%,86,1级,西北风,晴,1129
2018/10/26 23:05,8℃,78%,93,1级,西北风,晴,996
2018/10/25 2:30,16℃,85%,112,1级,南风,多云,972
2018/10/25 4:30,16℃,89%,127,1级,东风,阵雨,991
2018/10/25 21:30,17℃,96%,99,1级,西风,阴,1182
2018/10/25 23:05,17℃,96%,105,1级,西风,阴,1062
2018/10/24 2:40,15℃,91%,89,1级,南风,多云,994
2018/10/24 4:35,13℃,94%,89,1级,北风,多云,1015
2018/10/24 21:35,17℃,72%,81,1级,东南风,晴,1103
2018/10/24 23:05,16℃,77%,81,2级,东风,多云,1021
2018/10/23 2:40,11℃,97%,57,1级,西风,多云,1030
2018/10/23 4:40,10℃,97%,60,1级,西南风,多云,994
2018/10/23 21:35,16℃,84%,77,0级,风,多云,1097
2018/10/23 23:05,15℃,88%,75,1级,东南风,多云,993
2018/10/22 2:40,15℃,93%,42,1级,东北风,阵雨,1037
2018/10/22 4:40,14℃,95%,52,2级,北风,阵雨,1113
2018/10/22 21:40,13℃,94%,58,1级,西北风,阴,1102
2018/10/22 23:10,12℃,96%,59,0级,风,多云,1065
2018/10/21 2:40,16℃,73%,58,2级,东风,阴,1016
2018/10/21 4:40,16℃,76%,59,2级,东风,阴,1040
2018/10/21 21:35,16℃,94%,57,1级,西风,阴,1087
2018/10/21 23:10,16℃,94%,59,1级,西风,阵雨,990
2018/10/20 2:40,14℃,66%,55,2级,东风,阴,1008
2018/10/20 4:45,14℃,72%,53,1级,东风,阴,995
2018/10/20 21:40,17℃,70%,67,1级,东北风,阴,1095
2018/10/20 23:05,16℃,72%,65,1级,东风,阴,1016
2018/10/19 2:40,12℃,66%,53,1级,东风,多云,1056
2018/10/19 4:35,12℃,67%,53,2级,东风,多云,1025
2018/10/19 21:40,15℃,57%,55,2级,东风,阴,1132
2018/10/19 23:10,15℃,59%,52,2级,东北风,阴,1008
2018/10/18 2:40,14℃,83%,53,2级,东北风,多云,1058
2018/10/18 4:35,13℃,77%,53,2级,东北风,多云,1072
2018/10/18 21:40,14℃,54%,53,3级,东风,阴,1109
2018/10/18 23:10,14℃,55%,53,2级,东风,多云,1026
2018/10/17 2:40,12℃,96%,53,1级,西风,多云,1055
2018/10/17 4:40,12℃,96%,53,1级,西南风,多云,1065
2018/10/17 21:40,14℃,74%,53,1级,东北风,晴,1138
2018/10/17 23:10,16℃,75%,53,3级,东北风,多云,1034
2018/10/16 2:40,13℃,95%,36,0级,风,多云,1048
2018/10/16 4:40,12℃,95%,43,1级,西北风,多云,1050
2018/10/16 21:35,14℃,92%,53,1级,西北风,多云,1102
2018/10/16 23:10,13℃,93%,53,1级,东北风,多云,1066
2018/10/15 2:40,16℃,85%,59,1级,东北风,多云,1090
2018/10/15 4:35,16℃,83%,65,2级,东风,多云,1042
2018/10/15 21:35,14℃,90%,36,1级,东风,阵雨,1133
2018/10/15 23:10,14℃,94%,28,1级,北风,阵雨,1088
2018/10/14 2:40,16℃,68%,63,2级,东北风,阴,1088
2018/10/14 4:40,15℃,74%,66,0级,风,阴,1013
2018/10/14 21:40,16℃,90%,72,1级,东风,阴,1141
2018/10/14 23:10,17℃,83%,77,1级,东风,多云,1048
2018/10/13 2:40,10℃,75%,63,1级,北风,晴,1122
2018/10/13 4:40,9℃,82%,58,1级,东北风,晴,1083
2018/10/13 21:35,18℃,60%,62,2级,东风,阴,1156
2018/10/13 23:10,17℃,63%,59,1级,东风,阴,1070
2018/10/12 2:40,10℃,83%,69,0级,风,多云,1028
2018/10/12 4:40,10℃,84%,68,1级,西风,多云,1098
2018/10/12 21:40,12℃,60%,66,1级,东风,晴,1244
2018/10/12 23:05,10℃,71%,65,0级,风,晴,1101
2018/10/11 2:40,7℃,80%,50,0级,风,晴,1160
2018/10/11 4:45,6℃,87%,53,0级,风,晴,1110
2018/10/11 21:40,11℃,72%,76,1级,东风,晴,1173
2018/10/11 23:10,11℃,72%,80,1级,东北风,多云,1094
2018/10/10 2:40,16℃,68%,71,2级,东北风,多云,1159
2018/10/10 4:40,14℃,65%,68,2级,东北风,多云,1148
2018/10/10 21:40,12℃,54%,59,1级,东风,晴,1251
2018/10/10 23:15,13℃,49%,60,2级,东风,晴,1120
2018/10/9 2:30,19℃,93%,82,1级,西南风,阴,1119
2018/10/9 4:30,18℃,92%,85,1级,西南风,多云,1143
2018/10/9 21:40,19℃,49%,119,4级,北风,阴,1260
2018/10/9 23:10,18℃,53%,104,3级,北风,多云,1148
2018/10/8 21:30,20℃,82%,86,1级,东风,阴,1227
2018/10/8 23:00,20℃,84%,79,1级,东南风,阴,1168
2018/10/6 2:45,13℃,91%,77,1级,西南风,晴,1132
2018/10/6 4:45,12℃,94%,80,0级,风,晴,1168
2018/10/5 2:40,13℃,85%,61,2级,北风,晴,1139
2018/10/5 4:40,13℃,89%,63,1级,北风,晴,1160
2018/10/5 21:40,16℃,80%,75,0级,风,晴,1245
2018/10/5 23:15,15℃,84%,79,1级,西风,晴,1130
2018/10/4 2:30,15℃,84%,58,1级,东南风,晴,1124
2018/10/4 4:30,14℃,88%,56,1级,东风,晴,1157
2018/10/4 21:45,17℃,65%,72,1级,东北风,晴,1232
2018/10/4 23:15,15℃,78%,68,1级,北风,晴,1193
2018/10/3 2:30,14℃,85%,87,1级,南风,阴,1129
2018/10/3 4:30,13℃,89%,79,1级,西南风,阴,1152
2018/10/3 21:30,17℃,75%,77,1级,东风,晴,1250
2018/10/3 23:00,16℃,77%,71,1级,东风,晴,1271
2018/10/2 2:30,14℃,84%,69,1级,西南风,晴,1189
2018/10/2 4:30,14℃,86%,58,1级,西南风,晴,1175
2018/10/2 21:30,17℃,75%,76,1级,南风,晴,1236
2018/10/2 23:00,16℃,80%,80,1级,南风,晴,1246
2018/10/1 2:30,15℃,73%,73,0级,风,晴,1258
2018/10/1 4:45,13℃,85%,94,1级,西南风,晴,1187
2018/10/1 23:00,14℃,80%,67,1级,西南风,多云,1292
2018/9/30 2:15,15℃,92%,91,0级,风,晴,1227
2018/9/30 4:30,14℃,94%,89,1级,南风,多云,1182
2018/9/30 21:25,22℃,39%,62,2级,北风,晴,1315
2018/9/30 23:20,21℃,37%,67,2级,南风,晴,1234
2018/9/29 2:15,16℃,95%,87,1级,西北风,多云,1198
2018/9/29 4:25,16℃,96%,64,0级,风,多云,1212
2018/9/29 21:45,17℃,83%,83,1级,西风,晴,1350
2018/9/29 23:20,16℃,88%,89,1级,西北风,晴,1196
2018/9/28 2:30,20℃,86%,46,1级,西风,多云,1211
2018/9/28 4:30,19℃,90%,48,1级,西南风,多云,1266
2018/9/28 21:35,18℃,92%,68,0级,风,多云,1342
2018/9/28 22:25,18℃,93%,72,1级,西北风,多云,1235
2018/9/27 2:00,17℃,80%,28,1级,北风,多云,1240
2018/9/27 4:20,16℃,93%,26,1级,西南风,晴,1244
2018/9/27 21:20,22℃,65%,57,2级,东北风,多云,1324
2018/9/27 23:00,21℃,84%,57,1级,东南风,阴,1258
2018/9/26 2:20,19℃,80%,31,2级,东北风,阴,1322
2018/9/26 4:25,19℃,80%,38,2级,东北风,阴,1255
2018/9/26 21:45,20℃,72%,48,2级,东北风,晴,1377
2018/9/26 23:05,19℃,73%,42,2级,东北风,多云,1253
2018/9/25 2:45,20℃,72%,62,2级,东风,多云,1233
2018/9/25 4:45,20℃,73%,62,2级,东风,多云,1202
2018/9/25 21:30,19℃,85%,37,2级,东风,阵雨,1351
2018/9/25 23:10,19℃,83%,28,2级,东北风,阴,1274
2018/9/24 2:45,17℃,94%,70,1级,东北风,晴,1307
2018/9/24 4:45,16℃,94%,66,1级,东风,晴,1256
2018/9/24 21:40,23℃,61%,62,3级,东风,多云,1420
2018/9/24 23:15,22℃,68%,62,3级,东风,多云,1286
2018/9/23 2:30,20℃,93%,75,1级,南风,阴,1294
2018/9/23 4:30,19℃,93%,79,1级,西南风,阴,1319
2018/9/23 21:40,19℃,87%,70,1级,北风,晴,1374
2018/9/23 23:10,18℃,90%,69,1级,东北风,晴,1238
2018/9/22 2:30,21℃,97%,60,1级,南风,多云,1291
2018/9/22 4:30,20℃,97%,60,1级,西南风,阴,1292
2018/9/22 21:30,21℃,92%,56,1级,西南风,阴,1437
2018/9/22 23:00,21℃,92%,56,1级,西南风,阴,1374
2018/9/21 2:45,21℃,91%,45,2级,西北风,阴,1343
2018/9/21 4:30,20℃,95%,53,2级,西北风,阵雨,1360
2018/9/21 21:00,21℃,92%,53,1级,东北风,多云,1416
2018/9/21 23:00,22℃,96%,63,1级,南风,多云,1360
2018/9/20 2:30,25℃,97%,33,1级,西风,多云,1310
2018/9/20 4:30,25℃,98%,28,1级,西北风,阴,1390
2018/9/20 21:30,21℃,95%,38,1级,西风,阴,1433
2018/9/20 23:10,21℃,90%,39,1级,西北风,阴,1319
2018/9/19 2:30,24℃,97%,62,1级,南风,阴,1296
2018/9/19 4:30,24℃,97%,35,1级,南风,阴,1268
2018/9/19 21:30,26℃,93%,43,1级,东南风,多云,1438
2018/9/19 23:00,26℃,96%,39,1级,南风,多云,1407
2018/9/18 2:30,23℃,97%,30,1级,东北风,多云,1298
2018/9/18 4:30,23℃,97%,39,1级,东风,阴,1365
2018/9/18 21:30,26℃,93%,57,1级,东南风,多云,1322
2018/9/18 23:00,26℃,94%,56,1级,南风,多云,1377
2018/9/17 2:35,22℃,97%,30,2级,北风,阵雨,1513
2018/9/17 4:35,22℃,96%,22,1级,东北风,阵雨,1414
2018/9/17 21:30,23℃,96%,33,2级,东北风,阴,1457
2018/9/17 23:00,23℃,96%,33,2级,东风,阴,1398
2018/9/16 2:30,24℃,91%,42,1级,西风,多云,1283
2018/9/16 4:30,23℃,91%,51,2级,东风,晴,1294
2018/9/16 21:05,22℃,93%,52,2级,东北风,多云,1385
2018/9/16 23:00,23℃,95%,42,2级,西风,阵雨,1398
2018/9/15 2:30,22℃,96%,59,1级,西南风,多云,1283
2018/9/15 4:30,22℃,96%,59,1级,南风,晴,1284
2018/9/15 21:25,26℃,74%,59,2级,东北风,多云,1423
2018/9/15 22:50,25℃,76%,54,2级,东北风,多云,1370
2018/9/14 2:30,22℃,96%,36,1级,东南风,多云,1325
2018/9/14 4:30,22℃,97%,41,1级,西南风,多云,1347
2018/9/14 21:30,24℃,92%,51,1级,南风,晴,1409
2018/9/14 23:00,23℃,95%,51,1级,西南风,晴,1377
2018/9/13 2:30,22℃,95%,26,1级,东南风,阴,1381
2018/9/13 4:30,22℃,96%,28,2级,东北风,阴,1397
2018/9/13 21:30,22℃,94%,36,1级,东风,多云,1430
2018/9/13 23:00,22℃,95%,33,1级,西南风,多云,1471
2018/9/12 2:30,21℃,92%,65,1级,东风,多云,1346
2018/9/12 4:30,20℃,94%,68,1级,东南风,阴,1373
2018/9/12 20:55,22℃,92%,42,2级,东北风,阴,1524
2018/9/12 23:00,23℃,94%,40,1级,东风,阴,1500
2018/9/11 2:30,20℃,85%,53,1级,东北风,晴,1353
2018/9/11 4:30,20℃,88%,50,1级,东风,晴,1369
2018/9/11 21:30,22℃,85%,70,1级,东风,阴,1441
2018/9/11 23:00,22℃,90%,67,1级,东风,阴,1433
2018/9/10 2:40,20℃,83%,56,1级,东南风,阴,1329
2018/9/10 4:30,20℃,84%,53,1级,东南风,阴,1325
2018/9/10 21:30,21℃,78%,54,1级,东风,晴,1469
2018/9/10 23:00,21℃,81%,53,1级,东北风,晴,1391
2018/9/9 2:40,18℃,91%,59,1级,西南风,晴,1405
2018/9/9 4:30,18℃,92%,60,1级,西南风,晴,1361
2018/9/9 21:35,22℃,60%,60,2级,东风,晴,1493
2018/9/9 23:15,21℃,65%,58,2级,东北风,多云,1483
2018/9/8 2:30,19℃,90%,58,1级,西南风,晴,1439
2018/9/8 4:30,18℃,96%,60,1级,西风,晴,1345
2018/9/8 21:30,20℃,80%,73,1级,南风,晴,1556
2018/9/8 23:00,20℃,84%,68,1级,东南风,晴,1460
2018/9/7 2:30,23℃,96%,59,1级,西南风,阴,1455
2018/9/7 4:40,23℃,85%,52,2级,西北风,阴,1415
2018/9/7 21:30,21℃,84%,70,1级,西南风,多云,1569
2018/9/7 23:00,20℃,85%,70,1级,西风,多云,1451
2018/9/6 2:30,23℃,87%,61,1级,东风,多云,1428
2018/9/6 4:30,23℃,90%,62,1级,东南风,阴,1447
2018/9/6 21:45,22℃,94%,57,1级,西风,阴,1550
2018/9/6 23:15,22℃,95%,54,1级,西南风,阴,1552
2018/9/5 2:30,23℃,92%,74,1级,东南风,晴,1463
2018/9/5 4:30,22℃,92%,68,1级,南风,多云,1459
2018/9/5 21:30,26℃,74%,55,1级,东北风,多云,1562
2018/9/5 22:35,25℃,61%,54,1级,东风,多云,1497
2018/9/4 2:40,25℃,81%,64,1级,西北风,晴,1454
2018/9/4 4:30,23℃,93%,65,1级,西风,晴,1445
2018/9/4 21:30,24℃,78%,70,3级,南风,晴,1557
2018/9/4 23:00,24℃,78%,71,3级,南风,晴,1502
2018/9/3 2:30,27℃,96%,24,1级,西南风,多云,1610
2018/9/3 4:30,26℃,96%,23,1级,西南风,多云,1577
2018/9/3 21:30,27℃,86%,72,1级,西风,多云,1586
2018/9/3 23:00,26℃,87%,72,2级,西风,多云,1524
2018/9/2 2:30,26℃,95%,32,1级,东风,晴,1579
2018/9/2 4:40,25℃,91%,37,2级,东风,多云,1622
2018/9/2 21:30,27℃,92%,32,1级,西南风,多云,1700
2018/9/2 23:00,27℃,95%,32,1级,南风,多云,1633
2018/9/1 2:35,26℃,93%,41,1级,东南风,阴,1580
2018/9/1 4:30,25℃,96%,44,1级,东风,多云,1637
2018/9/1 21:40,26℃,89%,42,2级,东风,多云,1733
2018/9/1 23:00,26℃,95%,39,1级,东风,多云,1673
2018/8/31 2:45,28℃,84%,54,0级,风,多云,1500
2018/8/31 4:45,27℃,88%,56,1级,东南风,多云,1460
2018/8/31 21:40,26℃,89%,34,2级,东南风,阴,1715
2018/8/31 23:15,26℃,91%,37,1级,东北风,阴,1697
2018/8/30 2:45,27℃,85%,59,1级,东风,晴,1482
2018/8/30 4:45,27℃,89%,59,1级,东南风,晴,1489
2018/8/30 21:45,30℃,76%,66,2级,东南风,多云,1593
2018/8/30 23:10,29℃,80%,65,1级,东南风,多云,1597
2018/8/29 2:45,27℃,88%,54,1级,东风,晴,1499
2018/8/29 4:45,26℃,91%,51,1级,东风,晴,1534
2018/8/29 21:40,29℃,76%,67,2级,东风,晴,1603
2018/8/29 23:10,28℃,80%,63,2级,东风,晴,1577
2018/8/28 2:35,26℃,92%,40,2级,东北风,晴,1444
2018/8/28 4:45,26℃,94%,45,1级,东北风,晴,1497
2018/8/28 21:45,29℃,79%,62,1级,东风,晴,1601
2018/8/28 23:15,29℃,81%,55,2级,东风,晴,1539
2018/8/27 2:40,26℃,85%,45,1级,东北风,多云,1501
2018/8/27 4:30,24℃,96%,45,1级,南风,阴,1545
2018/8/27 21:45,27℃,87%,45,2级,东北风,多云,1564
2018/8/27 23:15,26℃,89%,42,2级,东北风,晴,1599
2018/8/26 2:40,24℃,84%,45,2级,东北风,多云,1516
2018/8/26 4:30,24℃,80%,45,2级,东北风,多云,1508
2018/8/26 21:45,26℃,84%,45,2级,东北风,多云,1567
2018/8/26 23:15,26℃,85%,45,2级,东北风,多云,1553
2018/8/25 2:40,23℃,83%,56,1级,东北风,晴,1572
2018/8/25 4:45,23℃,84%,59,2级,东北风,晴,1605
2018/8/25 21:40,27℃,72%,45,2级,东风,多云,1606
2018/8/25 23:15,26℃,76%,45,2级,东风,多云,1649
2018/8/24 2:15,21℃,94%,55,1级,西风,晴,1585
2018/8/24 4:25,22℃,86%,55,1级,西北风,晴,1547
2018/8/24 21:40,25℃,67%,54,2级,东北风,晴,1704
2018/8/24 23:10,24℃,74%,58,1级,东北风,晴,1687
2018/8/23 2:30,24℃,92%,30,1级,西风,多云,1561
2018/8/23 4:30,24℃,94%,34,1级,西风,多云,1592
2018/8/23 21:45,23℃,86%,55,1级,西风,晴,1705
2018/8/23 23:15,22℃,90%,55,1级,西南风,晴,1625
2018/8/22 2:30,25℃,94%,22,1级,东北风,阴,1580
2018/8/22 4:30,25℃,95%,26,1级,东北风,阴,1583
2018/8/22 21:30,26℃,88%,44,1级,东南风,阴,1754
2018/8/22 23:00,25℃,92%,44,1级,南风,阴,1732
2018/8/21 2:30,25℃,95%,23,1级,西风,多云,1572
2018/8/21 4:30,25℃,95%,30,1级,西风,多云,1615
2018/8/21 21:30,26℃,87%,47,1级,东北风,多云,1682
2018/8/21 23:00,26℃,91%,38,2级,东北风,多云,1702
2018/8/20 2:45,25℃,86%,25,2级,西北风,多云,1621
2018/8/20 4:45,25℃,85%,25,1级,西北风,多云,1614
2018/8/20 21:30,25℃,91%,32,1级,西风,多云,1737
2018/8/20 23:00,25℃,94%,31,1级,西南风,多云,1783
2018/8/19 2:40,25℃,89%,25,3级,南风,多云,1548
2018/8/19 4:45,25℃,91%,25,3级,东南风,多云,1617
2018/8/19 21:45,27℃,94%,25,1级,东南风,多云,1709
2018/8/19 23:15,26℃,95%,25,0级,风,多云,1700
2018/8/18 2:30,25℃,94%,15,4级,东风,阵雨,1881
2018/8/18 4:30,25℃,94%,19,3级,南风,阴,1898
2018/8/18 21:45,26℃,84%,25,2级,南风,阴,1671
2018/8/18 23:15,26℃,84%,25,3级,南风,多云,1641
2018/8/17 2:45,26℃,88%,33,3级,北风,多云,2040
2018/8/17 4:45,25℃,96%,26,2级,北风,阵雨,1885
2018/8/17 21:45,25℃,98%,19,4级,东南风,阵雨,2103
2018/8/17 23:10,25℃,98%,17,2级,东南风,阵雨,2037
2018/8/16 2:30,27℃,92%,42,1级,西南风,阴,1700
2018/8/16 4:30,27℃,95%,42,1级,东北风,阴,1674
2018/8/16 21:45,25℃,93%,18,2级,西北风,阵雨,2148
2018/8/16 23:15,26℃,91%,27,3级,北风,阵雨,2096
2018/8/15 2:30,28℃,93%,39,1级,东风,晴,72
2018/8/15 4:30,27℃,95%,35,1级,东风,晴,342
2018/8/15 21:30,30℃,86%,42,2级,南风,阴,1852
2018/8/15 23:00,29℃,88%,42,2级,东风,阴,1836
2018/8/14 2:30,26℃,96%,32,1级,东南风,多云,2408
2018/8/14 4:30,26℃,97%,32,1级,东风,晴,2376
2018/8/14 21:30,29℃,85%,52,1级,东风,晴,236
2018/8/14 23:00,29℃,89%,53,1级,东风,晴,490
2018/8/13 2:30,26℃,95%,26,2级,东北风,阴,140
2018/8/13 4:30,26℃,96%,22,2级,东北风,阴,137
2018/8/13 21:30,27℃,95%,27,1级,南风,多云,2403
2018/8/13 23:00,27℃,95%,28,1级,东南风,多云,2319
2018/8/12 2:30,27℃,89%,54,1级,东风,晴,62
2018/8/12 4:30,27℃,89%,53,1级,东风,晴,88
2018/8/12 21:30,28℃,86%,56,1级,东风,多云,247
2018/8/12 23:00,27℃,93%,56,2级,东北风,多云,154
2018/8/11 2:30,27℃,91%,83,1级,东南风,多云,250
2018/8/11 4:30,26℃,93%,82,1级,东南风,晴,243
2018/8/11 21:30,29℃,83%,64,1级,东风,晴,126
2018/8/11 23:00,29℃,84%,55,2级,东风,晴,176
2018/8/10 2:30,26℃,91%,74,1级,东南风,晴,2677
2018/8/10 4:30,26℃,93%,82,1级,西南风,晴,2614
2018/8/10 21:30,29℃,82%,70,1级,东南风,晴,244
2018/8/10 23:00,28℃,86%,77,1级,南风,晴,271
2018/8/9 21:30,30℃,82%,67,1级,东南风,晴,2776
2018/8/9 23:00,29℃,87%,69,1级,南风,晴,2708
