,uptime,temperature,humidity,aqi,winp,wind,weather,rtu2
0,2019/12/1 1:57,5,99,45,3,7,0,0.0
1,2019/12/1 2:53,5,98,52,2,7,0,0.0
2,2019/12/1 3:52,5,98,58,2,7,0,0.0
3,2019/11/30 1:10,7,80,44,2,5,3,0.0
4,2019/11/30 1:54,7,81,46,2,5,3,0.0
5,2019/11/30 2:59,7,85,47,2,5,3,0.0
6,2019/11/30 4:01,6,86,51,2,3,3,0.0
7,2019/11/30 4:56,6,87,51,2,3,3,0.0
8,2019/11/30 20:50,5,99,58,2,7,0,0.0
9,2019/11/30 21:35,5,99,59,2,7,1,0.0
10,2019/11/30 22:59,5,99,59,3,7,0,0.0
11,2019/11/29 21:04,8,68,47,2,0,4,0.0
12,2019/11/29 22:06,8,69,42,2,0,4,0.0
13,2019/11/29 22:59,8,74,42,2,5,3,0.0
14,2019/11/28 2:02,4,90,98,1,3,1,0.0
15,2019/11/28 3:08,4,83,78,2,3,1,0.0
16,2019/11/28 4:04,3,74,53,3,5,1,0.0
17,2019/11/27 2:03,5,99,29,3,5,0,0.0
18,2019/11/27 3:02,5,99,30,3,5,0,0.0
19,2019/11/27 4:00,4,99,29,2,5,0,0.0
20,2019/11/27 4:56,3,97,25,4,5,0,0.0
21,2019/11/27 21:04,3,93,78,2,7,1,0.0
22,2019/11/27 22:10,4,90,82,2,7,1,0.0
23,2019/11/27 23:03,4,91,84,2,1,1,0.0
24,2019/11/26 20:02,6,95,32,2,3,0,0.0
25,2019/11/26 21:08,6,95,30,2,5,0,0.0
26,2019/11/26 22:07,5,97,29,2,5,0,0.0
27,2019/11/26 23:04,5,98,28,2,5,0,0.0
28,2019/10/13 1:05,17,98,65,2,3,1,0.0
29,2019/10/13 2:05,17,98,79,2,3,1,0.0
30,2019/10/13 3:05,17,97,92,2,3,1,0.0
31,2019/10/13 4:05,17,97,100,1,5,1,0.0
32,2019/10/12 1:15,18,90,93,2,3,3,0.0
33,2019/10/12 2:15,18,93,97,1,7,3,0.0
34,2019/10/12 3:15,18,94,100,2,7,3,0.0
35,2019/10/12 4:15,17,96,98,2,7,3,0.0
36,2019/10/12 20:05,18,99,51,1,7,1,0.0
37,2019/10/12 21:10,18,99,48,1,7,1,0.0
38,2019/10/12 22:05,18,95,50,2,3,1,0.0
39,2019/10/12 23:05,17,96,52,2,3,1,0.0
40,2019/10/11 1:15,18,88,48,2,7,3,0.0
41,2019/10/11 2:10,18,89,48,2,7,3,0.0
42,2019/10/11 3:15,18,91,38,2,7,3,0.0
43,2019/10/11 4:15,18,91,38,1,7,3,0.0
44,2019/10/11 20:15,19,83,63,1,7,4,0.0
45,2019/10/11 21:15,18,87,65,2,7,4,0.0
46,2019/10/11 22:15,19,87,84,2,3,4,0.0
47,2019/10/11 23:15,18,88,92,2,7,3,0.0
48,2019/10/10 1:10,19,86,82,2,4,3,0.0
49,2019/10/10 2:15,19,88,77,1,4,3,0.0
50,2019/10/10 3:15,19,88,79,2,4,3,0.0
51,2019/10/10 4:15,19,91,79,1,6,3,0.0
52,2019/10/10 20:15,19,86,73,1,1,4,0.0
53,2019/10/10 21:15,19,87,67,2,1,4,0.0
54,2019/10/10 22:15,19,84,65,2,7,4,0.0
55,2019/10/10 23:15,18,87,58,2,7,3,0.0
56,2019/10/9 1:15,14,99,49,1,2,3,0.0
57,2019/10/9 2:15,14,99,52,0,8,3,0.0
58,2019/10/9 3:15,14,99,52,0,8,3,0.0
59,2019/10/9 4:15,13,99,54,1,4,2,0.0
60,2019/10/9 20:15,19,84,64,2,0,4,0.0
61,2019/10/9 21:15,19,80,71,2,0,4,0.0
62,2019/10/9 22:15,20,82,75,2,4,4,0.0
63,2019/10/9 23:15,19,84,75,2,4,3,0.0
64,2019/10/8 20:15,15,94,56,2,6,1,0.0
65,2019/10/8 21:15,14,95,59,1,6,1,0.0
66,2019/10/8 22:15,14,97,57,0,8,1,0.0
67,2019/10/8 23:15,14,97,52,0,8,3,0.0
68,2019/9/25 1:05,18,85,97,0,8,3,0.0
69,2019/9/25 2:05,18,86,97,1,3,3,0.0
70,2019/9/25 3:05,18,90,101,1,7,3,0.0
71,2019/9/25 4:05,18,92,108,1,0,3,0.0
72,2019/9/25 20:15,21,74,64,1,7,1,2.0
73,2019/9/25 21:15,21,81,74,1,3,1,2.0
74,2019/9/24 1:15,14,95,78,1,5,3,0.0
76,2019/9/24 3:05,14,96,91,1,3,3,0.0
80,2019/9/24 22:15,19,90,81,1,5,3,0.0
81,2019/9/24 23:15,19,82,80,1,3,3,0.0
82,2019/9/23 1:05,17,84,71,2,3,4,0.0
83,2019/9/23 2:05,17,80,68,2,3,4,0.0
84,2019/9/23 3:05,17,78,68,1,5,4,0.0
85,2019/9/23 4:05,15,80,53,1,5,4,0.0
88,2019/9/23 22:15,15,93,77,1,5,4,0.0
89,2019/9/23 23:15,14,90,81,1,7,3,0.0
90,2019/9/22 1:05,17,89,31,2,3,4,0.0
91,2019/9/22 2:05,16,93,33,2,3,4,0.0
92,2019/9/22 3:05,16,93,38,1,7,4,0.0
96,2019/9/22 22:05,19,67,70,1,3,4,0.0
97,2019/9/22 23:05,20,62,68,1,7,4,0.0
104,2019/9/21 22:05,20,75,55,2,3,4,0.0
105,2019/9/21 23:05,19,80,51,2,5,4,0.0
108,2019/9/20 22:15,17,77,53,1,3,4,0.0
109,2019/9/20 23:15,17,81,48,2,3,4,0.0
112,2019/9/19 22:15,19,66,51,2,5,4,0.0
113,2019/9/19 23:15,18,76,55,2,5,4,0.0
121,2019/9/18 23:15,21,87,62,3,5,4,0.0
126,2019/9/17 20:15,22,86,79,2,3,1,0.0
127,2019/9/17 21:15,22,88,76,2,3,1,0.0
135,2019/9/16 21:15,20,79,52,2,5,3,0.0
144,2019/9/15 22:15,23,71,40,2,3,4,0.0
210,2019/9/5 1:15,20,99,40,0,8,3,0.0
211,2019/9/5 2:15,20,99,35,2,3,3,0.0
212,2019/9/5 3:15,20,99,37,1,5,3,0.0
213,2019/9/5 4:15,20,97,39,1,3,3,0.0
214,2019/9/5 20:15,22,93,41,1,5,4,0.0
215,2019/9/5 21:15,22,96,49,1,5,4,0.0
216,2019/9/5 22:15,21,98,51,1,5,4,0.0
217,2019/9/5 23:15,21,98,44,1,5,3,0.0
218,2019/9/4 1:15,21,97,15,1,5,3,0.0
219,2019/9/4 2:15,21,97,15,2,5,3,0.0
220,2019/9/4 3:15,20,96,15,2,3,3,0.0
221,2019/9/4 4:15,20,93,16,2,5,3,0.0
222,2019/9/4 20:15,22,91,36,1,5,4,0.0
223,2019/9/4 21:15,21,92,48,1,3,4,0.0
224,2019/9/4 22:15,21,93,54,1,5,4,0.0
225,2019/9/4 23:15,20,98,53,1,3,3,0.0
226,2019/9/3 1:00,22,92,40,1,3,1,0.0
227,2019/9/3 2:10,21,96,46,2,7,1,0.0
229,2019/9/3 4:00,21,95,36,1,3,1,0.0
230,2019/9/3 20:15,22,90,20,2,5,3,0.0
231,2019/9/3 21:15,21,95,20,2,0,3,0.0
232,2019/9/3 22:15,21,96,19,2,5,3,0.0
233,2019/9/3 23:15,21,96,19,2,0,3,0.0
234,2019/9/2 1:15,20,98,39,2,5,3,0.0
239,2019/9/2 21:10,22,84,51,0,8,1,0.0
240,2019/9/2 22:10,22,91,51,1,1,1,0.0
241,2019/9/2 23:10,22,92,51,1,1,1,0.0
249,2019/9/1 23:15,20,96,34,2,5,3,0.0
266,2019/8/29 1:15,22,98,41,2,2,3,0.0
267,2019/8/29 2:15,22,98,34,1,2,3,0.0
268,2019/8/29 3:10,22,99,35,1,1,3,0.0
277,2019/8/28 20:15,23,95,40,1,2,1,0.0
278,2019/8/28 21:15,23,96,50,2,6,1,0.0
279,2019/8/28 22:15,23,94,51,1,2,1,0.0
280,2019/8/28 23:15,23,95,51,0,8,3,0.0
289,2019/8/26 1:15,26,94,35,2,5,3,0.0
290,2019/8/26 2:10,26,95,29,2,5,3,0.0
297,2019/8/25 1:10,24,68,57,2,5,3,0.0
298,2019/8/25 2:10,24,74,54,2,5,3,0.0
299,2019/8/25 3:10,24,78,59,2,5,3,0.0
300,2019/8/25 4:15,24,82,65,2,5,3,0.0
304,2019/8/25 23:15,27,88,54,3,5,3,0.0
308,2019/8/24 4:15,23,85,65,1,5,3,0.0
312,2019/8/24 23:10,25,61,52,2,5,3,0.0
321,2019/8/22 1:15,25,86,54,2,5,4,0.0
327,2019/8/22 22:15,26,85,72,2,5,3,0.0
329,2019/8/21 1:15,25,89,70,1,5,4,0.0
330,2019/8/21 2:15,24,90,71,2,5,4,0.0
331,2019/8/21 3:15,24,92,68,1,0,4,0.0
341,2019/7/6 1:15,26,95,52,2,2,3,0.0
342,2019/7/6 2:15,25,96,48,1,4,3,0.0
343,2019/7/6 3:15,25,93,45,2,2,3,0.0
344,2019/7/6 4:10,25,97,45,1,2,3,0.0
345,2019/7/5 1:15,24,97,61,1,0,3,0.0
346,2019/7/5 2:15,23,96,66,0,8,3,0.0
347,2019/7/5 3:15,23,96,66,1,1,3,0.0
348,2019/7/5 4:15,23,98,69,1,3,3,0.0
349,2019/7/5 20:15,27,88,58,2,4,4,0.0
350,2019/7/5 21:15,26,90,57,2,2,4,0.0
351,2019/7/5 22:15,26,94,56,1,4,4,0.0
352,2019/7/5 23:15,26,95,57,2,4,3,0.0
353,2019/7/4 1:15,23,99,67,0,8,3,0.0
354,2019/7/4 2:15,23,99,72,1,5,1,0.0
355,2019/7/4 3:15,23,99,73,1,5,1,0.0
356,2019/7/4 4:15,23,99,75,1,5,1,0.0
357,2019/7/4 20:15,26,77,65,1,0,1,0.0
358,2019/7/4 21:15,25,83,61,1,5,1,0.0
359,2019/7/4 22:15,24,92,62,0,8,1,0.0
360,2019/7/4 23:15,24,94,61,0,8,3,0.0
361,2019/7/3 1:15,24,82,44,2,5,3,0.0
362,2019/7/3 2:15,23,84,51,2,5,3,0.0
363,2019/7/3 3:15,23,88,51,2,5,3,0.0
364,2019/7/3 4:15,23,89,55,2,3,3,0.0
365,2019/7/3 20:15,27,75,67,2,0,3,0.0
366,2019/7/3 21:15,27,77,58,1,0,3,0.0
367,2019/7/3 22:15,24,92,61,1,6,3,0.0
368,2019/7/3 23:15,24,93,65,1,3,3,0.0
369,2019/7/2 1:15,24,92,63,1,0,4,0.0
370,2019/7/2 2:15,23,98,64,1,3,3,0.0
371,2019/7/2 3:15,23,99,58,1,5,3,0.0
372,2019/7/2 4:15,23,99,59,1,5,3,0.0
373,2019/7/2 20:15,27,74,74,1,0,3,0.0
374,2019/7/2 21:15,26,80,58,1,4,3,0.0
375,2019/7/2 22:15,25,79,51,1,0,3,0.0
376,2019/7/2 23:15,25,77,45,2,4,3,0.0
377,2019/7/1 1:15,25,95,51,1,1,3,0.0
378,2019/7/1 2:15,25,95,39,1,4,3,0.0
379,2019/7/1 3:15,25,94,45,1,7,3,0.0
380,2019/7/1 4:15,25,96,52,2,1,3,0.0
381,2019/7/1 20:15,28,65,74,2,5,3,0.0
382,2019/7/1 21:15,27,81,72,2,5,3,0.0
383,2019/7/1 22:15,27,83,63,1,4,3,0.0
384,2019/7/1 23:15,27,85,59,2,5,4,0.0
385,2019/6/30 1:15,24,99,34,1,2,3,0.0
386,2019/6/30 2:15,24,99,34,1,2,3,0.0
387,2019/6/30 3:15,24,99,28,1,6,3,0.0
388,2019/6/30 4:15,24,99,28,2,2,3,0.0
389,2019/6/30 20:15,28,84,34,1,6,3,0.0
390,2019/6/30 21:15,27,87,34,1,1,3,0.0
391,2019/6/30 22:15,26,91,30,2,1,3,0.0
392,2019/6/30 23:15,26,85,39,2,1,3,0.0
393,2019/6/29 1:15,24,99,29,3,7,3,0.0
394,2019/6/29 2:15,24,99,29,2,7,0,0.0
395,2019/6/29 3:15,24,99,28,2,7,0,0.0
396,2019/6/29 4:15,24,99,30,2,7,0,0.0
397,2019/6/29 20:15,25,98,35,1,2,1,0.0
398,2019/6/29 21:15,25,98,37,0,8,1,0.0
399,2019/6/29 22:15,25,99,30,0,8,1,0.0
400,2019/6/29 23:15,24,99,26,2,2,3,0.0
401,2019/6/28 1:15,25,86,66,2,0,4,0.0
402,2019/6/28 2:15,25,86,64,2,0,4,0.0
403,2019/6/28 20:15,29,90,70,2,4,1,0.0
404,2019/6/28 21:15,29,93,68,1,6,1,0.0
405,2019/6/28 22:15,28,99,68,3,6,0,0.0
406,2019/6/28 23:15,25,99,69,3,1,3,0.0
407,2019/6/27 1:10,23,94,57,2,0,3,0.0
408,2019/6/27 2:10,22,98,59,2,5,3,0.0
409,2019/6/27 3:10,22,98,60,2,0,3,0.0
410,2019/6/27 4:10,22,99,60,1,0,3,0.0
411,2019/6/27 22:15,25,90,68,1,4,4,0.0
412,2019/6/27 23:15,24,95,75,1,0,4,0.0
413,2019/6/26 1:10,22,96,49,1,5,3,0.0
414,2019/6/26 2:10,21,99,49,1,5,3,0.0
415,2019/6/26 3:10,21,99,50,1,5,3,0.0
416,2019/6/26 4:10,21,99,50,1,5,3,0.0
417,2019/6/26 20:10,27,74,49,1,4,1,0.0
418,2019/6/26 21:10,25,82,54,2,5,1,0.0
419,2019/6/26 22:10,25,86,58,2,0,1,0.0
420,2019/6/26 23:10,24,90,60,2,5,3,0.0
421,2019/6/25 1:00,22,79,50,2,0,3,0.0
422,2019/6/25 2:10,22,83,47,1,3,3,0.0
423,2019/6/25 3:10,21,85,54,1,5,3,0.0
424,2019/6/25 4:10,20,93,55,2,3,3,0.0
425,2019/6/25 20:10,25,78,52,1,4,3,0.0
426,2019/6/25 21:10,24,85,54,2,0,3,0.0
427,2019/6/25 22:10,24,86,57,2,4,3,0.0
428,2019/6/25 23:10,23,89,54,1,4,3,0.0
429,2019/6/24 1:10,20,97,59,0,8,3,0.0
430,2019/6/24 2:10,20,99,59,0,8,3,0.0
431,2019/6/24 3:10,19,99,58,0,8,3,0.0
432,2019/6/24 4:10,19,99,60,0,8,3,0.0
433,2019/6/24 20:10,24,78,51,1,5,1,0.0
434,2019/6/24 21:10,24,83,56,2,0,1,0.0
435,2019/6/24 22:05,23,84,61,1,5,1,0.0
436,2019/6/24 23:10,23,82,59,2,0,3,0.0
437,2019/6/23 1:10,20,99,84,1,3,3,0.0
438,2019/6/23 2:10,19,99,82,1,3,3,0.0
439,2019/6/23 3:10,19,99,77,2,3,3,0.0
440,2019/6/23 4:10,19,99,72,1,5,3,0.0
441,2019/6/23 20:10,25,69,48,2,0,1,0.0
442,2019/6/23 21:10,22,80,52,1,0,1,0.0
443,2019/6/23 22:10,21,91,56,1,0,1,0.0
444,2019/6/23 23:10,22,81,59,1,4,3,0.0
445,2019/6/22 1:00,23,95,64,1,5,3,0.0
446,2019/6/22 2:00,23,95,62,3,5,3,0.0
447,2019/6/22 3:00,23,92,57,3,5,3,0.0
448,2019/6/22 4:00,23,90,59,3,0,3,0.0
449,2019/6/22 20:10,23,88,63,1,4,3,0.0
450,2019/6/22 21:10,22,96,64,1,3,3,0.0
451,2019/6/22 22:10,21,98,69,0,8,3,0.0
452,2019/6/22 23:10,20,99,77,1,6,3,0.0
453,2019/6/21 1:15,20,99,25,2,5,0,0.0
454,2019/6/21 2:15,20,99,25,2,3,0,0.0
455,2019/6/21 3:15,20,99,23,2,5,0,0.0
456,2019/6/21 4:15,20,99,22,2,5,0,0.0
457,2019/6/21 20:10,25,92,53,1,0,3,0.0
458,2019/6/21 21:10,24,95,59,1,2,3,0.0
459,2019/6/21 22:10,24,96,60,1,5,3,0.0
460,2019/6/21 23:00,24,92,57,2,0,3,0.0
461,2019/6/20 1:15,23,99,24,2,4,1,0.0
462,2019/6/20 2:15,23,99,27,1,4,0,0.0
463,2019/6/20 3:10,23,99,31,2,0,0,0.0
464,2019/6/20 4:15,23,99,37,2,5,0,0.0
465,2019/6/20 20:15,20,99,26,2,0,1,0.0
466,2019/6/20 21:15,20,99,25,3,0,1,0.0
467,2019/6/20 22:15,20,99,26,2,5,1,0.0
468,2019/6/20 23:15,20,99,26,3,0,0,0.0
469,2019/6/19 1:10,21,99,28,0,8,2,0.0
470,2019/6/19 2:10,21,99,26,1,3,2,0.0
471,2019/6/19 3:10,21,99,24,0,8,2,0.0
472,2019/6/19 4:15,21,99,26,1,5,2,0.0
473,2019/6/19 20:15,24,97,32,1,2,1,0.0
474,2019/6/19 21:15,24,99,30,1,2,1,0.0
475,2019/6/19 22:15,23,98,22,1,4,1,0.0
476,2019/6/19 23:15,23,99,18,2,4,1,0.0
477,2019/6/18 1:10,21,99,23,2,4,0,0.0
478,2019/6/18 2:10,21,99,22,1,4,0,0.0
479,2019/6/18 3:10,21,99,22,2,2,0,0.0
480,2019/6/18 4:00,21,99,23,1,2,1,0.0
481,2019/6/18 20:10,23,99,30,1,4,3,0.0
482,2019/6/18 21:15,23,99,33,1,0,3,0.0
483,2019/6/18 22:10,22,99,42,2,2,3,0.0
484,2019/6/18 23:10,22,99,42,1,6,3,0.0
485,2019/6/17 1:10,25,77,62,2,2,3,0.0
486,2019/6/17 2:10,24,84,57,1,3,3,0.0
487,2019/6/17 3:10,23,90,52,1,6,3,0.0
488,2019/6/17 4:10,24,85,57,3,6,3,0.0
489,2019/6/17 20:10,21,99,27,2,4,0,0.0
490,2019/6/17 20:45,21,99,26,2,4,0,0.0
491,2019/6/17 22:00,21,99,24,2,4,0,0.0
492,2019/6/17 23:10,21,99,28,2,4,0,0.0
493,2019/6/16 1:10,23,82,64,2,2,3,0.0
494,2019/6/16 2:10,25,72,69,1,4,3,0.0
495,2019/6/16 3:10,24,83,65,1,3,3,0.0
496,2019/6/16 4:10,23,90,68,1,3,3,0.0
497,2019/6/16 20:10,27,60,73,2,4,1,0.0
498,2019/6/16 21:10,27,65,80,1,4,1,0.0
499,2019/6/16 22:10,26,69,63,2,4,1,0.0
500,2019/6/16 23:10,25,74,58,1,4,3,0.0
501,2019/6/15 1:10,19,94,53,2,2,4,0.0
502,2019/6/15 2:10,20,87,51,1,2,4,0.0
503,2019/6/15 3:10,19,90,51,1,1,4,0.0
504,2019/6/15 4:10,18,97,54,0,8,4,0.0
505,2019/6/15 20:10,25,73,94,2,2,1,0.0
506,2019/6/15 21:10,25,77,67,1,0,1,0.0
507,2019/6/15 22:10,24,78,71,2,4,1,0.0
508,2019/6/15 23:10,23,88,65,0,8,3,0.0
509,2019/6/14 1:10,17,99,51,1,6,4,0.0
510,2019/6/14 2:10,18,99,52,1,2,4,0.0
511,2019/6/14 3:10,17,99,49,2,6,4,0.0
512,2019/6/14 4:10,17,98,49,1,2,4,0.0
513,2019/6/14 20:10,24,73,77,1,2,4,0.0
514,2019/6/14 21:10,22,81,53,2,2,4,0.0
515,2019/6/14 22:10,22,79,53,1,2,4,0.0
516,2019/6/14 23:10,21,85,52,1,2,4,0.0
517,2019/6/13 1:10,22,80,42,1,5,1,0.0
518,2019/6/13 2:10,22,76,53,2,5,1,0.0
519,2019/6/13 3:10,22,82,56,2,5,1,0.0
520,2019/6/13 4:10,22,81,54,2,5,1,0.0
521,2019/6/13 20:10,22,68,44,2,4,4,0.0
522,2019/6/13 21:10,20,82,51,2,0,4,0.0
523,2019/6/13 22:10,19,87,51,1,4,4,0.0
524,2019/6/13 23:10,18,96,52,0,8,4,0.0
525,2019/6/12 21:10,24,76,75,1,4,4,0.0
526,2019/6/12 22:10,24,71,59,2,4,4,0.0
527,2019/6/12 23:10,24,66,48,2,0,4,0.0
528,2019/6/2 1:10,18,97,68,1,5,3,0.0
529,2019/6/2 2:10,18,98,68,1,0,3,0.0
530,2019/6/2 3:10,18,99,75,1,4,3,0.0
531,2019/6/2 4:10,18,99,75,1,5,3,0.0
532,2019/6/1 1:10,19,99,75,1,3,3,0.0
533,2019/6/1 2:10,19,99,75,1,5,3,0.0
534,2019/6/1 3:10,18,99,64,1,2,3,0.0
535,2019/6/1 4:10,18,99,69,1,7,3,0.0
536,2019/6/1 20:05,23,69,106,2,4,3,0.0
537,2019/6/1 21:10,23,68,98,2,4,3,0.0
538,2019/6/1 22:10,21,77,67,0,8,3,0.0
539,2019/6/1 23:10,19,87,68,2,4,3,0.0
540,2019/5/31 1:10,18,99,52,1,2,3,0.0
541,2019/5/31 1:40,18,99,54,0,8,3,0.0
542,2019/5/31 2:10,18,99,54,0,8,3,0.0
543,2019/5/31 2:40,18,99,58,0,8,3,0.0
544,2019/5/31 3:05,18,99,58,1,3,2,0.0
545,2019/5/31 3:40,18,99,55,1,3,3,0.0
546,2019/5/31 4:10,18,99,55,0,8,3,0.0
547,2019/5/31 4:40,18,99,55,0,8,3,0.0
548,2019/5/31 20:10,22,77,49,1,6,1,0.0
549,2019/5/31 21:10,21,87,53,0,8,1,0.0
550,2019/5/31 22:10,20,86,62,1,4,1,0.0
551,2019/5/31 23:10,19,97,62,0,8,3,0.0
552,2019/5/30 1:10,19,75,70,2,1,1,0.0
553,2019/5/30 1:40,20,70,68,2,7,1,0.0
554,2019/5/30 2:10,20,69,68,1,7,3,0.0
555,2019/5/30 2:40,20,71,57,1,7,3,0.0
556,2019/5/30 3:10,20,72,57,1,7,3,0.0
557,2019/5/30 3:40,20,74,57,1,3,3,0.0
558,2019/5/30 4:10,19,80,57,1,1,3,0.0
559,2019/5/30 4:40,19,81,56,1,1,3,0.0
560,2019/5/30 20:10,19,99,48,0,8,0,0.0
561,2019/5/30 20:40,18,99,53,2,2,0,0.0
562,2019/5/30 21:10,18,99,53,1,4,0,0.0
563,2019/5/30 21:40,18,99,52,1,5,0,0.0
564,2019/5/30 22:10,18,99,52,2,5,0,0.0
565,2019/5/30 22:40,18,99,50,0,8,0,0.0
566,2019/5/30 23:10,18,99,50,1,3,0,0.0
567,2019/5/29 1:10,18,83,33,1,5,1,0.0
568,2019/5/29 1:40,18,85,38,1,5,1,0.0
569,2019/5/29 2:10,17,84,38,1,3,3,0.0
570,2019/5/29 2:40,16,90,32,1,3,3,0.0
571,2019/5/29 3:10,17,82,32,1,5,3,0.0
572,2019/5/29 3:40,17,85,32,1,5,3,0.0
573,2019/5/29 4:10,17,83,32,2,5,3,0.0
574,2019/5/29 4:40,17,82,33,1,3,3,0.0
575,2019/5/29 20:10,23,43,53,2,4,3,0.0
576,2019/5/29 20:40,22,45,52,1,4,3,0.0
577,2019/5/29 21:10,22,51,52,1,4,3,0.0
578,2019/5/29 21:40,21,60,56,1,2,3,0.0
579,2019/5/29 22:10,21,59,56,1,6,3,0.0
580,2019/5/29 22:40,21,63,57,1,1,3,0.0
581,2019/5/29 23:10,21,67,57,1,1,1,0.0
582,2019/5/28 1:10,19,72,37,2,0,3,0.0
583,2019/5/28 1:40,19,72,32,3,0,3,0.0
584,2019/5/28 2:10,18,71,32,3,0,3,0.0
585,2019/5/28 2:40,18,70,31,2,5,3,0.0
586,2019/5/28 3:10,18,67,31,2,5,3,0.0
587,2019/5/28 3:40,18,63,29,2,0,3,0.0
588,2019/5/28 4:10,17,62,29,2,0,3,0.0
589,2019/5/28 4:40,17,67,28,1,0,3,0.0
590,2019/5/28 20:10,21,66,36,1,3,1,0.0
591,2019/5/28 20:40,20,65,46,2,3,1,0.0
592,2019/5/28 21:10,20,58,46,2,5,1,0.0
593,2019/5/28 21:40,20,57,55,3,5,1,0.0
594,2019/5/28 22:10,20,56,55,2,5,1,0.0
595,2019/5/28 22:40,20,59,61,2,5,1,0.0
596,2019/5/28 23:05,19,63,61,2,5,1,0.0
597,2019/5/27 1:10,21,99,28,1,6,3,0.0
598,2019/5/27 1:20,21,99,25,1,2,3,0.0
599,2019/5/27 2:05,20,99,25,1,2,3,0.0
600,2019/5/27 2:40,21,99,25,1,1,2,0.0
601,2019/5/27 3:10,21,99,25,1,6,3,0.0
602,2019/5/27 3:40,20,99,27,1,2,2,0.0
603,2019/5/27 4:10,20,99,27,1,1,3,0.0
604,2019/5/27 4:40,21,99,29,2,1,3,0.0
605,2019/5/27 20:10,23,64,73,3,0,4,0.0
606,2019/5/27 20:40,23,66,58,3,0,4,0.0
607,2019/5/27 21:10,22,66,58,3,5,4,0.0
608,2019/5/27 21:40,22,64,52,3,5,4,0.0
609,2019/5/27 22:10,21,67,52,3,5,4,0.0
610,2019/5/27 22:40,21,66,61,3,5,4,0.0
611,2019/5/27 23:10,20,77,61,3,0,3,0.0
612,2019/5/26 1:10,23,93,19,4,2,1,0.0
613,2019/5/26 1:40,22,93,19,3,4,1,0.0
614,2019/5/26 2:10,22,96,19,2,4,0,0.0
615,2019/5/26 2:40,21,99,18,2,4,0,0.0
616,2019/5/26 3:10,21,99,18,2,4,0,0.0
617,2019/5/26 3:40,21,99,20,2,2,0,0.0
618,2019/5/26 4:10,21,99,20,2,4,0,0.0
619,2019/5/26 4:40,21,99,20,2,4,0,0.0
620,2019/5/26 20:10,23,95,28,2,2,4,0.0
621,2019/5/26 20:40,22,96,29,2,2,4,0.0
622,2019/5/26 21:10,22,97,29,2,2,4,0.0
623,2019/5/26 21:30,22,96,29,2,2,4,0.0
624,2019/5/26 22:10,22,98,29,1,4,4,0.0
625,2019/5/26 22:40,22,99,24,1,2,4,0.0
626,2019/5/26 23:10,21,99,24,2,2,3,0.0
627,2019/5/25 1:10,25,68,75,1,1,1,0.0
628,2019/5/25 1:40,24,72,64,2,4,1,0.0
629,2019/5/25 2:10,24,72,64,2,2,1,0.0
630,2019/5/25 2:40,25,71,62,2,2,1,0.0
631,2019/5/25 3:10,25,73,62,2,2,1,0.0
632,2019/5/25 3:40,25,75,57,2,4,1,0.0
633,2019/5/25 4:10,25,76,57,1,4,1,0.0
634,2019/5/25 4:40,25,76,54,2,4,1,0.0
635,2019/5/25 20:10,23,93,22,2,4,1,0.0
636,2019/5/25 20:40,23,93,19,2,4,1,0.0
637,2019/5/25 21:10,23,93,19,2,4,1,0.0
638,2019/5/25 21:40,23,94,18,3,4,1,0.0
639,2019/5/25 22:10,23,94,18,2,4,1,0.0
640,2019/5/25 22:40,23,93,18,3,4,1,0.0
641,2019/5/25 23:10,23,93,18,3,4,1,0.0
642,2019/5/24 1:10,17,90,81,1,3,3,0.0
643,2019/5/24 2:10,16,91,85,1,6,3,0.0
644,2019/5/24 2:40,16,91,98,0,8,3,0.0
645,2019/5/24 3:10,16,95,98,0,8,3,0.0
646,2019/5/24 3:40,16,97,108,1,5,3,0.0
647,2019/5/24 4:10,16,96,108,0,8,3,0.0
648,2019/5/24 4:40,15,97,124,1,5,3,0.0
649,2019/5/24 20:05,28,59,54,2,2,1,0.0
650,2019/5/24 20:40,28,61,58,2,2,1,0.0
651,2019/5/24 21:10,27,64,58,2,2,1,0.0
652,2019/5/24 21:40,27,65,67,2,2,1,0.0
653,2019/5/24 22:10,26,66,67,2,2,1,0.0
654,2019/5/24 22:40,26,65,68,2,2,1,0.0
655,2019/5/24 23:10,26,64,68,2,2,1,0.0
656,2019/5/23 1:10,16,96,97,1,2,4,0.0
657,2019/5/23 1:40,15,97,96,0,8,4,0.0
658,2019/5/23 2:10,15,99,96,1,1,4,0.0
659,2019/5/23 2:40,15,97,99,1,2,4,0.0
660,2019/5/23 3:10,14,97,99,1,4,4,0.0
661,2019/5/23 3:40,14,97,94,2,2,4,0.0
662,2019/5/23 4:10,14,97,94,0,8,4,0.0
663,2019/5/23 4:40,14,97,89,1,7,4,0.0
664,2019/5/23 20:10,24,42,40,2,4,4,0.0
665,2019/5/23 20:40,22,49,68,1,4,4,0.0
666,2019/5/23 21:10,20,69,68,1,0,4,0.0
667,2019/5/23 21:35,19,67,84,0,8,4,0.0
668,2019/5/23 22:10,18,65,84,1,1,4,0.0
669,2019/5/23 22:40,18,69,88,1,2,4,0.0
670,2019/5/23 23:10,18,67,88,2,2,3,0.0
671,2019/5/22 1:10,12,95,78,1,4,3,0.0
672,2019/5/22 1:40,12,98,74,0,8,3,0.0
673,2019/5/22 2:10,12,98,74,1,5,3,0.0
674,2019/5/22 3:05,12,99,74,1,3,3,0.0
675,2019/5/22 3:40,11,99,74,1,6,3,0.0
676,2019/5/22 4:10,11,99,74,1,2,3,0.0
677,2019/5/22 4:40,11,99,89,0,8,3,0.0
678,2019/5/22 20:10,22,56,79,1,4,4,0.0
679,2019/5/22 20:35,21,65,93,2,2,4,0.0
680,2019/5/22 21:05,21,69,93,1,4,4,0.0
681,2019/5/22 21:40,19,76,93,0,8,4,0.0
682,2019/5/22 22:10,17,82,93,0,8,4,0.0
683,2019/5/22 22:40,17,89,95,0,8,4,0.0
684,2019/5/22 23:10,16,92,95,1,4,4,0.0
685,2019/5/21 1:10,13,87,64,1,1,3,0.0
686,2019/5/21 1:40,13,94,64,1,5,3,0.0
687,2019/5/21 2:10,12,95,64,0,8,3,0.0
688,2019/5/21 2:40,13,97,63,1,0,3,0.0
689,2019/5/21 3:10,12,96,63,1,6,3,0.0
690,2019/5/21 3:40,12,95,68,0,8,3,0.0
691,2019/5/21 4:10,13,93,68,1,2,3,0.0
692,2019/5/21 4:40,13,96,70,1,0,3,0.0
693,2019/5/21 20:10,20,51,60,2,1,1,0.0
694,2019/5/21 20:40,19,53,67,2,1,1,0.0
695,2019/5/21 21:10,19,55,67,1,6,1,0.0
696,2019/5/21 21:40,18,58,75,1,1,1,0.0
697,2019/5/21 22:10,18,63,75,1,1,1,0.0
698,2019/5/21 22:40,17,69,83,1,1,1,0.0
699,2019/5/21 23:10,15,85,83,1,7,3,0.0
700,2019/5/20 1:10,22,81,54,2,7,3,0.0
701,2019/5/20 1:40,22,84,60,2,7,3,0.0
702,2019/5/20 2:10,23,60,60,4,3,3,0.0
703,2019/5/20 2:40,22,54,56,3,3,3,0.0
704,2019/5/20 3:10,21,50,56,2,5,3,0.0
705,2019/5/20 3:40,21,55,49,2,3,3,0.0
706,2019/5/20 4:10,20,57,49,2,3,3,0.0
707,2019/5/20 4:40,20,51,73,2,3,3,0.0
708,2019/5/20 20:10,18,50,54,2,1,1,0.0
709,2019/5/20 20:40,17,59,57,2,1,1,0.0
710,2019/5/20 21:10,16,67,57,1,7,1,0.0
711,2019/5/20 21:40,15,60,56,1,1,1,0.0
712,2019/5/20 22:10,16,58,56,2,1,1,0.0
713,2019/5/20 22:40,16,59,60,1,1,1,0.0
714,2019/5/20 23:10,16,66,60,2,1,3,0.0
715,2019/5/19 1:10,19,89,24,2,5,1,0.0
716,2019/5/19 1:40,19,88,23,2,5,1,0.0
717,2019/5/19 2:10,19,89,23,2,5,1,0.0
718,2019/5/19 2:40,19,88,19,2,0,1,0.0
719,2019/5/19 3:10,19,89,19,2,0,1,0.0
720,2019/5/19 3:40,18,90,19,2,0,1,0.0
721,2019/5/19 4:10,18,91,19,1,4,1,0.0
722,2019/5/19 4:40,18,94,20,1,5,1,0.0
723,2019/5/19 20:10,24,70,41,2,7,4,0.0
724,2019/5/19 20:40,23,79,40,2,7,4,0.0
725,2019/5/19 21:10,22,85,40,1,7,4,0.0
726,2019/5/19 21:40,22,87,52,1,3,0,0.0
727,2019/5/19 22:10,22,89,52,1,7,0,0.0
728,2019/5/19 22:40,22,90,56,1,7,4,0.0
729,2019/5/19 23:00,22,92,56,1,5,3,0.0
738,2019/5/18 20:00,22,76,38,3,5,3,0.0
739,2019/5/18 20:40,21,74,27,3,5,3,0.0
740,2019/5/18 21:10,21,75,27,2,0,3,0.0
741,2019/5/18 21:40,20,76,38,2,0,3,0.0
742,2019/5/18 22:10,20,80,38,2,0,3,0.0
743,2019/5/18 22:40,19,82,33,2,0,3,0.0
744,2019/5/18 23:10,19,85,33,2,0,1,0.0
745,2019/5/17 1:15,21,99,80,1,5,3,0.0
746,2019/5/17 1:45,20,99,87,2,0,3,0.0
747,2019/5/17 2:15,21,99,87,1,5,1,0.0
748,2019/5/17 2:45,21,99,85,1,3,1,0.0
749,2019/5/17 3:15,20,99,85,2,5,1,0.0
750,2019/5/17 3:45,20,99,87,1,5,1,0.0
751,2019/5/17 4:15,20,99,87,1,0,1,0.0
752,2019/5/17 4:45,20,99,90,1,2,1,0.0
760,2019/5/16 1:15,19,99,79,1,3,3,0.0
761,2019/5/16 1:45,19,99,80,1,3,3,0.0
762,2019/5/16 2:15,19,99,80,1,3,3,0.0
763,2019/5/16 2:45,19,99,84,0,8,3,0.0
764,2019/5/16 3:15,19,99,84,1,3,3,0.0
765,2019/5/16 3:45,19,99,84,1,3,3,0.0
766,2019/5/16 4:15,19,99,84,1,7,3,0.0
767,2019/5/16 4:45,19,99,87,2,3,3,0.0
768,2019/5/16 20:15,21,94,61,0,8,1,0.0
769,2019/5/16 20:45,21,96,65,0,8,1,0.0
770,2019/5/16 21:15,21,98,65,1,5,1,0.0
771,2019/5/16 21:45,21,99,67,1,3,1,0.0
772,2019/5/16 22:15,21,99,67,1,3,1,0.0
773,2019/5/16 22:45,21,99,73,1,3,1,0.0
774,2019/5/16 23:15,21,99,73,0,8,3,0.0
775,2019/5/15 1:15,19,97,62,1,0,1,0.0
776,2019/5/15 1:45,19,98,69,1,0,0,0.0
777,2019/5/15 2:15,18,99,69,2,0,1,0.0
778,2019/5/15 2:45,19,99,77,1,5,1,0.0
779,2019/5/15 3:15,19,99,77,2,5,1,0.0
780,2019/5/15 3:45,18,99,80,2,0,0,0.0
781,2019/5/15 4:15,18,99,80,2,0,0,0.0
782,2019/5/15 4:45,18,99,80,2,0,0,0.0
783,2019/5/15 20:15,20,99,55,1,5,1,0.0
784,2019/5/15 20:45,20,99,63,2,5,1,0.0
785,2019/5/15 21:15,20,99,63,1,5,1,0.0
786,2019/5/15 21:45,19,99,69,1,4,1,0.0
787,2019/5/15 22:15,19,99,69,1,6,1,0.0
788,2019/5/15 22:45,19,99,72,1,1,1,0.0
789,2019/5/15 23:15,19,99,72,1,2,3,0.0
790,2019/5/14 1:15,19,94,86,2,0,3,0.0
791,2019/5/14 1:45,19,89,84,2,0,3,0.0
792,2019/5/14 2:15,19,88,84,2,4,3,0.0
793,2019/5/14 2:45,18,90,76,1,0,3,0.0
794,2019/5/14 3:15,18,93,76,1,2,3,0.0
795,2019/5/14 3:45,17,97,76,0,8,3,0.0
796,2019/5/14 4:15,16,98,76,0,8,3,0.0
797,2019/5/14 4:45,16,99,78,1,5,3,0.0
798,2019/5/14 20:15,20,91,77,1,4,1,0.0
799,2019/5/14 20:45,20,90,75,2,0,1,0.0
800,2019/5/14 21:15,20,91,75,2,4,1,0.0
801,2019/5/14 21:45,20,86,75,2,0,1,0.0
802,2019/5/14 22:15,20,82,75,2,0,1,0.0
803,2019/5/14 22:45,20,82,65,1,0,1,0.0
804,2019/5/14 23:15,20,81,65,2,0,1,0.0
805,2019/5/13 1:10,22,76,73,1,2,3,0.0
806,2019/5/13 2:10,21,80,72,2,6,3,0.0
807,2019/5/13 3:10,21,83,74,1,6,3,0.0
808,2019/5/13 4:10,20,86,69,1,1,3,0.0
809,2019/5/13 20:15,21,83,71,1,7,3,0.0
810,2019/5/13 20:45,21,83,82,2,3,3,0.0
811,2019/5/13 21:15,21,76,82,2,3,3,0.0
812,2019/5/13 21:45,21,76,84,2,3,3,0.0
813,2019/5/13 22:15,21,77,84,2,3,3,0.0
814,2019/5/13 22:45,21,78,84,2,3,3,0.0
815,2019/5/13 23:15,20,81,84,2,5,3,0.0
816,2019/5/12 1:10,17,98,79,0,8,3,0.0
817,2019/5/12 2:10,16,99,77,0,8,3,0.0
818,2019/5/12 3:10,16,99,77,1,3,3,0.0
819,2019/5/12 4:10,15,99,76,0,8,3,0.0
820,2019/5/12 20:10,24,74,81,1,2,1,0.0
821,2019/5/12 21:10,23,79,90,0,8,1,0.0
822,2019/5/12 22:10,21,84,95,2,6,1,0.0
823,2019/5/12 23:10,23,69,87,2,6,3,0.0
824,2019/5/11 1:10,15,97,79,1,2,3,0.0
825,2019/5/11 2:10,15,99,83,1,2,3,0.0
826,2019/5/11 3:10,15,99,80,1,5,3,0.0
827,2019/5/11 4:10,14,99,82,0,8,3,0.0
828,2019/5/11 20:10,21,72,53,0,8,3,0.0
829,2019/5/11 21:10,20,80,76,2,5,3,0.0
830,2019/5/11 22:10,20,73,74,1,5,3,0.0
831,2019/5/11 23:10,18,83,72,1,7,3,0.0
832,2019/5/10 1:15,16,92,80,0,8,3,0.0
833,2019/5/10 1:45,15,94,79,1,2,3,0.0
834,2019/5/10 2:15,15,97,79,1,6,3,0.0
835,2019/5/10 2:40,14,95,85,1,4,3,0.0
836,2019/5/10 3:15,14,98,85,0,8,3,0.0
837,2019/5/10 3:45,13,98,92,1,3,3,0.0
838,2019/5/10 4:15,13,99,92,1,0,3,0.0
839,2019/5/10 4:45,13,99,93,0,8,3,0.0
840,2019/5/10 20:10,21,70,69,1,4,3,0.0
841,2019/5/10 21:10,18,80,74,1,4,3,0.0
842,2019/5/10 22:10,18,86,82,1,5,3,0.0
843,2019/5/10 23:10,17,94,73,1,5,3,0.0
844,2019/5/9 1:15,16,74,69,1,3,3,0.0
845,2019/5/9 1:45,15,81,66,1,7,3,0.0
846,2019/5/9 2:15,14,86,66,0,8,3,0.0
847,2019/5/9 2:45,13,86,71,1,1,3,0.0
848,2019/5/9 3:15,13,92,71,1,5,3,0.0
849,2019/5/9 3:45,11,95,76,1,1,3,0.0
850,2019/5/9 4:15,12,98,76,1,1,3,0.0
851,2019/5/9 4:45,12,98,98,0,8,3,0.0
852,2019/5/9 20:15,19,66,71,1,2,1,0.0
853,2019/5/9 20:45,19,65,80,2,2,1,0.0
854,2019/5/9 21:15,19,68,80,1,2,1,0.0
855,2019/5/9 21:45,19,70,71,0,8,1,0.0
856,2019/5/9 22:15,18,82,71,0,8,1,0.0
857,2019/5/9 22:45,18,87,75,1,0,1,0.0
858,2019/5/9 23:15,17,87,75,0,8,3,0.0
859,2019/5/8 1:15,14,72,74,1,3,3,0.0
860,2019/5/8 1:45,14,74,63,1,3,3,0.0
861,2019/5/8 2:15,14,74,63,1,3,3,0.0
862,2019/5/8 2:45,14,77,74,1,5,3,0.0
863,2019/5/8 3:15,14,73,74,2,5,3,0.0
864,2019/5/8 3:35,14,69,70,2,5,3,0.0
865,2019/5/8 3:50,14,63,70,2,5,3,0.0
866,2019/5/8 4:30,14,79,67,3,3,3,0.0
867,2019/5/8 20:15,20,51,63,1,3,3,0.0
868,2019/5/8 20:45,19,52,71,2,7,3,0.0
869,2019/5/8 21:15,19,60,71,1,5,3,0.0
870,2019/5/8 21:45,19,58,74,2,3,3,0.0
871,2019/5/8 22:15,18,62,74,1,3,3,0.0
872,2019/5/8 22:45,18,63,72,2,3,3,0.0
873,2019/5/8 23:15,18,60,72,2,3,3,0.0
874,2019/5/7 20:15,16,53,66,1,5,1,0.0
875,2019/5/7 20:45,15,56,68,1,5,1,0.0
876,2019/5/7 21:15,15,65,68,1,3,1,0.0
877,2019/5/7 21:45,14,71,71,1,7,1,0.0
878,2019/5/7 22:15,14,73,71,1,3,1,0.0
879,2019/5/7 22:45,14,76,65,1,3,1,0.0
880,2019/5/7 23:15,14,74,65,1,3,3,0.0
881,2019/4/29 1:10,13,99,59,2,3,0,0.0
882,2019/4/29 1:40,13,99,58,2,3,0,0.0
883,2019/4/29 2:10,13,99,58,2,3,0,0.0
884,2019/4/29 2:40,13,99,54,2,3,0,0.0
885,2019/4/29 3:10,13,99,54,2,5,0,0.0
886,2019/4/29 3:40,13,99,54,2,3,0,0.0
887,2019/4/29 4:10,12,99,54,2,3,0,0.0
888,2019/4/29 4:40,12,99,46,2,3,0,0.0
889,2019/4/28 1:10,15,82,71,2,3,3,0.0
890,2019/4/28 1:40,14,81,63,3,3,3,0.0
891,2019/4/28 2:10,14,83,63,2,3,1,0.0
892,2019/4/28 2:40,14,84,60,2,3,1,0.0
893,2019/4/28 3:10,14,84,60,2,3,1,0.0
894,2019/4/28 3:40,14,85,60,2,3,1,0.0
895,2019/4/28 4:10,14,86,60,2,3,1,0.0
896,2019/4/28 4:40,14,87,54,2,3,1,0.0
897,2019/4/28 20:10,14,96,53,2,5,3,0.0
898,2019/4/28 20:40,14,95,51,2,3,3,0.0
899,2019/4/28 21:10,14,94,51,2,5,3,0.0
900,2019/4/28 21:40,14,94,54,2,5,3,0.0
901,2019/4/28 22:10,14,94,54,2,5,3,0.0
902,2019/4/28 22:40,14,94,58,2,5,3,0.0
903,2019/4/28 23:10,13,96,58,2,5,1,0.0
904,2019/4/27 1:10,11,75,42,3,0,3,0.0
905,2019/4/27 1:40,11,76,38,3,0,3,0.0
906,2019/4/27 2:15,11,75,38,3,0,3,0.0
907,2019/4/27 2:45,11,75,32,2,0,3,0.0
908,2019/4/27 3:10,11,72,32,3,0,3,0.0
909,2019/4/27 3:40,11,69,32,2,0,3,0.0
910,2019/4/27 4:15,11,67,32,2,0,3,0.0
911,2019/4/27 4:45,11,69,34,2,0,3,0.0
912,2019/4/27 20:10,18,63,62,2,3,3,0.0
913,2019/4/27 20:40,17,64,64,2,0,3,0.0
914,2019/4/27 21:10,17,62,64,2,5,3,0.0
915,2019/4/27 21:40,17,63,64,2,5,3,0.0
916,2019/4/27 22:10,17,62,64,2,0,3,0.0
917,2019/4/27 22:40,17,63,65,2,0,3,0.0
918,2019/4/27 23:10,17,65,65,2,5,3,0.0
919,2019/4/26 1:15,14,94,33,3,5,3,0.0
920,2019/4/26 1:40,13,96,36,2,0,3,0.0
921,2019/4/26 2:15,13,98,36,2,0,3,0.0
922,2019/4/26 2:45,13,98,36,2,0,3,0.0
923,2019/4/26 3:10,13,96,36,3,0,3,0.0
924,2019/4/26 3:45,13,91,38,2,0,3,0.0
925,2019/4/26 4:10,13,90,38,3,5,3,0.0
926,2019/4/26 4:40,13,90,36,3,0,3,0.0
927,2019/4/26 20:10,12,77,48,2,0,4,0.0
928,2019/4/26 20:45,12,76,46,2,0,4,0.0
929,2019/4/26 21:10,12,75,46,2,0,4,0.0
930,2019/4/26 21:40,12,73,51,2,0,4,0.0
931,2019/4/26 22:10,12,72,51,2,0,4,0.0
932,2019/4/26 22:45,12,75,51,2,0,4,0.0
933,2019/4/26 23:10,12,75,51,2,5,3,0.0
934,2019/4/25 1:15,17,99,69,1,5,1,0.0
935,2019/4/25 1:45,18,99,77,2,0,1,0.0
936,2019/4/25 2:15,18,99,77,2,5,1,0.0
937,2019/4/25 2:45,18,99,82,2,0,1,0.0
938,2019/4/25 3:15,18,99,82,2,0,1,0.0
939,2019/4/25 3:45,18,99,85,2,0,1,0.0
940,2019/4/25 4:15,18,99,85,2,5,1,0.0
941,2019/4/25 4:45,18,99,85,2,5,1,0.0
942,2019/4/25 20:10,16,89,52,3,5,3,0.0
943,2019/4/25 20:40,15,94,60,3,5,3,0.0
944,2019/4/25 21:05,14,93,60,3,5,3,0.0
945,2019/4/25 21:45,14,92,67,3,5,3,0.0
946,2019/4/25 22:10,14,91,67,2,5,3,0.0
947,2019/4/25 22:40,14,92,49,3,5,3,0.0
948,2019/4/25 23:15,14,92,49,3,5,3,0.0
949,2019/4/24 1:15,19,99,38,1,3,3,0.0
950,2019/4/24 1:45,19,99,38,1,3,3,0.0
951,2019/4/24 2:15,19,99,38,1,5,3,0.0
952,2019/4/24 2:45,19,99,38,1,1,3,0.0
953,2019/4/24 3:15,19,99,38,1,3,3,0.0
954,2019/4/24 3:45,19,99,39,1,7,3,0.0
955,2019/4/24 4:15,19,99,39,1,3,3,0.0
956,2019/4/24 4:45,19,99,38,1,3,3,0.0
957,2019/4/24 20:15,19,97,66,1,2,4,0.0
958,2019/4/24 20:45,19,97,67,1,0,4,0.0
959,2019/4/24 21:15,18,99,67,0,8,4,0.0
960,2019/4/24 21:45,19,99,70,0,8,4,0.0
961,2019/4/24 22:15,18,99,70,1,5,4,0.0
962,2019/4/24 22:45,18,99,69,1,0,4,0.0
963,2019/4/24 23:15,18,99,69,1,5,1,0.0
964,2019/4/23 1:15,18,99,63,1,7,3,0.0
965,2019/4/23 1:45,18,99,65,2,7,3,0.0
966,2019/4/23 2:15,18,99,65,2,7,3,0.0
967,2019/4/23 2:45,18,99,67,1,7,3,0.0
968,2019/4/23 3:15,18,99,67,2,7,3,0.0
969,2019/4/23 3:45,18,99,63,2,7,3,0.0
970,2019/4/23 4:15,18,99,63,1,7,3,0.0
971,2019/4/23 4:45,18,99,59,1,1,3,0.0
972,2019/4/23 20:00,21,79,51,3,3,0,0.0
973,2019/4/23 20:35,20,97,53,1,5,1,0.0
974,2019/4/23 21:05,20,97,53,1,3,1,0.0
975,2019/4/23 21:40,20,97,51,2,3,1,0.0
976,2019/4/23 22:15,20,98,51,1,3,1,0.0
977,2019/4/23 22:45,19,98,52,1,4,1,0.0
978,2019/4/23 23:15,19,99,52,1,2,3,0.0
979,2019/4/22 20:15,18,99,53,2,5,3,0.0
980,2019/4/22 20:45,18,99,54,1,7,0,0.0
981,2019/4/22 21:15,18,99,54,1,3,3,0.0
982,2019/4/22 21:45,18,99,57,0,8,3,0.0
983,2019/4/22 22:15,18,99,57,1,6,3,0.0
984,2019/4/22 22:45,18,99,59,1,6,3,0.0
985,2019/4/22 23:15,18,99,59,1,2,3,0.0
986,2019/4/9 1:10,19,82,109,4,0,1,0.0
987,2019/4/9 1:40,18,83,102,4,0,1,0.0
988,2019/4/9 2:15,17,86,102,3,0,1,0.0
989,2019/4/9 2:40,17,87,89,3,0,1,0.0
990,2019/4/9 3:10,17,88,89,3,0,1,0.0
991,2019/4/9 3:40,17,88,87,2,0,1,0.0
992,2019/4/9 4:10,17,88,87,3,0,1,0.0
993,2019/4/9 4:40,17,87,90,2,0,1,0.0
994,2019/4/8 1:10,18,88,115,2,0,3,0.0
995,2019/4/8 1:40,17,90,129,2,0,3,0.0
996,2019/4/8 2:10,17,93,129,2,0,3,0.0
997,2019/4/8 2:40,17,94,139,2,0,3,0.0
998,2019/4/8 3:10,16,94,139,2,0,3,0.0
999,2019/4/8 3:40,16,95,149,2,0,3,0.0
1000,2019/4/8 4:10,16,96,149,1,0,3,0.0
1001,2019/4/8 4:40,16,98,150,2,0,3,0.0
1002,2019/4/8 20:10,26,58,57,2,4,3,0.0
1003,2019/4/8 20:40,26,56,69,2,0,3,0.0
1004,2019/4/8 21:10,26,54,69,2,0,3,0.0
1005,2019/4/8 21:40,25,62,74,3,0,3,0.0
1006,2019/4/8 22:10,24,68,74,4,0,3,0.0
1007,2019/4/8 22:45,22,74,98,4,0,3,0.0
1008,2019/4/8 23:10,22,76,98,3,0,1,0.0
1009,2019/4/7 1:10,14,97,63,0,8,4,0.0
1010,2019/4/7 1:40,14,98,67,2,3,4,0.0
1011,2019/4/7 2:10,13,97,67,1,3,4,0.0
1012,2019/4/7 2:40,13,96,69,2,2,4,0.0
1013,2019/4/7 3:10,13,97,69,1,2,4,0.0
1014,2019/4/7 3:50,13,97,68,1,2,4,0.0
1015,2019/4/7 4:20,19,86,65,3,3,4,0.0
1016,2019/4/7 4:55,12,99,65,1,6,4,0.0
1017,2019/4/7 20:10,20,75,88,1,3,4,0.0
1018,2019/4/7 20:40,20,79,111,1,5,4,0.0
1019,2019/4/7 21:10,19,80,111,1,5,4,0.0
1020,2019/4/7 21:40,20,77,114,2,0,4,0.0
1021,2019/4/7 22:10,20,77,114,2,0,4,0.0
1022,2019/4/7 22:40,20,80,116,2,5,4,0.0
1023,2019/4/7 23:10,19,83,116,2,5,3,0.0
1024,2019/4/6 1:10,13,89,75,1,4,4,0.0
1025,2019/4/6 1:40,13,93,72,2,2,4,0.0
1026,2019/4/6 2:10,13,91,72,1,2,4,0.0
1027,2019/4/6 2:40,13,92,65,1,2,4,0.0
1028,2019/4/6 3:10,12,95,65,2,4,4,0.0
1029,2019/4/6 3:40,12,96,63,2,4,4,0.0
1030,2019/4/6 4:10,12,96,63,2,2,4,0.0
1031,2019/4/6 4:40,12,97,63,1,4,4,0.0
1032,2019/4/6 20:10,21,67,69,2,4,4,0.0
1033,2019/4/6 20:40,20,70,70,2,2,4,0.0
1034,2019/4/6 21:10,19,72,70,2,2,4,0.0
1035,2019/4/6 21:40,19,72,66,1,2,4,0.0
1036,2019/4/6 22:10,18,76,66,1,1,4,0.0
1037,2019/4/6 22:40,18,79,63,1,6,4,0.0
1038,2019/4/6 23:10,16,84,63,1,4,4,0.0
1039,2019/4/5 1:10,10,94,83,1,2,3,0.0
1040,2019/4/5 1:40,10,95,83,2,2,3,0.0
1041,2019/4/5 2:15,10,93,83,2,6,3,0.0
1042,2019/4/5 2:40,10,94,85,1,2,3,0.0
1043,2019/4/5 3:10,10,95,85,1,2,3,0.0
1044,2019/4/5 3:40,9,96,88,1,2,3,0.0
1045,2019/4/5 4:10,9,97,88,0,8,3,0.0
1046,2019/4/5 4:40,9,96,87,1,2,3,0.0
1047,2019/4/5 20:10,18,68,82,2,2,4,0.0
1048,2019/4/5 20:40,17,72,77,2,2,4,0.0
1049,2019/4/5 21:10,17,75,77,1,2,4,0.0
1050,2019/4/5 21:40,16,79,80,2,4,4,0.0
1051,2019/4/5 22:10,16,81,80,1,4,4,0.0
1052,2019/4/5 22:40,14,88,75,2,4,4,0.0
1053,2019/4/5 23:10,14,90,75,2,2,4,0.0
1054,2019/4/4 1:00,11,91,114,2,5,1,0.0
1055,2019/4/4 2:00,10,91,108,1,0,1,0.0
1056,2019/4/4 3:00,10,95,103,2,0,1,0.0
1057,2019/4/4 4:00,10,92,109,2,5,1,0.0
1058,2019/4/4 20:10,13,65,66,1,2,1,0.0
1059,2019/4/4 20:40,12,68,80,1,4,1,0.0
1060,2019/4/4 21:10,11,86,80,1,4,1,0.0
1061,2019/4/4 21:45,11,82,82,1,2,1,0.0
1062,2019/4/4 22:10,11,83,82,1,2,1,0.0
1063,2019/4/4 22:40,10,87,89,2,2,1,0.0
1064,2019/4/4 23:15,10,93,89,2,2,3,0.0
1065,2019/4/3 1:10,11,84,39,2,1,3,0.0
1066,2019/4/3 1:40,11,88,41,1,6,3,0.0
1067,2019/4/3 2:10,11,88,41,2,6,3,0.0
1068,2019/4/3 2:40,11,86,38,2,6,3,0.0
1069,2019/4/3 3:10,11,85,38,2,1,3,0.0
1070,2019/4/3 3:40,12,80,38,2,7,3,0.0
1071,2019/4/3 4:10,12,82,38,2,7,3,0.0
1072,2019/4/3 4:40,12,84,57,1,7,3,0.0
1073,2019/4/3 20:00,15,63,90,1,4,1,0.0
1074,2019/4/3 21:00,12,77,104,1,2,1,0.0
1075,2019/4/3 22:00,12,91,104,1,5,1,0.0
1076,2019/4/3 22:40,14,71,113,1,0,3,0.0
1077,2019/4/3 23:00,11,90,113,1,5,1,0.0
1078,2019/4/2 1:10,8,90,82,1,0,3,0.0
1079,2019/4/2 1:40,8,86,85,2,0,3,0.0
1080,2019/4/2 2:15,9,79,85,1,4,3,0.0
1081,2019/4/2 2:40,10,61,81,2,4,3,0.0
1082,2019/4/2 3:15,10,67,81,1,4,3,0.0
1083,2019/4/2 3:40,9,73,78,1,2,3,0.0
1084,2019/4/2 4:10,10,65,78,1,4,3,0.0
1085,2019/4/2 4:40,9,78,76,1,0,3,0.0
1086,2019/4/2 20:10,13,76,72,2,1,1,0.0
1087,2019/4/2 20:40,12,78,75,1,1,1,0.0
1088,2019/4/2 21:10,12,79,75,2,1,1,0.0
1089,2019/4/2 21:40,12,81,70,2,6,1,0.0
1090,2019/4/2 22:10,12,79,70,2,7,1,0.0
1091,2019/4/2 22:40,12,79,58,2,1,1,0.0
1092,2019/4/2 23:10,13,75,58,1,7,3,0.0
1093,2019/4/1 1:00,6,85,71,0,8,4,0.0
1094,2019/4/1 2:00,5,92,76,1,2,4,0.0
1095,2019/4/1 3:00,4,94,80,1,2,4,0.0
1096,2019/4/1 4:00,5,98,81,1,2,4,0.0
1097,2019/4/1 20:10,15,37,61,1,0,1,0.0
1098,2019/4/1 20:40,14,42,69,2,4,1,0.0
1099,2019/4/1 21:10,13,53,69,1,4,1,0.0
1100,2019/4/1 21:40,12,53,72,1,4,1,0.0
1101,2019/4/1 22:10,11,73,72,1,5,1,0.0
1102,2019/4/1 22:40,9,77,84,1,0,1,0.0
1103,2019/4/1 23:10,9,73,84,1,4,3,0.0
1104,2019/3/31 1:10,10,38,61,2,0,1,0.0
1105,2019/3/31 1:40,10,35,54,2,0,1,0.0
1106,2019/3/31 2:10,10,37,54,1,0,1,0.0
1107,2019/3/31 2:40,10,42,54,2,0,1,0.0
1108,2019/3/31 3:10,9,45,54,2,0,1,0.0
1109,2019/3/31 3:40,9,44,58,2,0,1,0.0
1110,2019/3/31 4:10,9,47,58,2,5,1,0.0
1111,2019/3/31 4:40,9,46,58,2,5,1,0.0
1112,2019/3/31 20:10,11,48,65,1,4,1,0.0
1113,2019/3/31 20:40,10,65,72,1,4,1,0.0
1114,2019/3/31 21:10,9,66,72,0,8,1,0.0
1115,2019/3/31 21:40,8,79,77,0,8,1,0.0
1116,2019/3/31 22:10,8,86,77,1,5,1,0.0
1117,2019/3/31 22:40,7,88,71,1,3,1,0.0
1118,2019/3/31 23:00,7,88,71,1,3,4,0.0
1119,2019/3/30 1:15,11,99,113,1,3,2,0.0
1120,2019/3/30 1:45,9,99,118,1,0,2,0.0
1121,2019/3/30 2:15,9,99,118,1,5,2,0.0
1122,2019/3/30 2:40,9,99,123,2,3,2,0.0
1123,2019/3/30 3:10,10,99,123,2,7,2,0.0
1124,2019/3/30 3:40,10,99,124,1,7,2,0.0
1125,2019/3/30 4:10,10,99,124,2,7,2,0.0
1126,2019/3/30 4:40,11,99,125,2,3,3,0.0
1127,2019/3/30 20:10,13,43,66,2,5,1,0.0
1128,2019/3/30 20:40,13,43,65,2,5,1,0.0
1129,2019/3/30 21:10,13,44,65,2,5,1,0.0
1130,2019/3/30 21:40,12,41,72,2,0,1,0.0
1131,2019/3/30 22:10,12,43,72,2,5,1,0.0
1132,2019/3/30 22:40,12,39,67,3,5,1,0.0
1133,2019/3/30 23:10,12,43,67,2,5,1,0.0
1134,2019/3/29 1:10,11,95,185,2,0,3,0.0
1135,2019/3/29 1:40,11,97,185,1,5,3,0.0
1136,2019/3/29 2:10,11,98,185,1,5,3,0.0
1137,2019/3/29 2:40,10,99,183,2,5,3,0.0
1138,2019/3/29 3:10,10,99,183,1,5,3,0.0
1139,2019/3/29 3:40,10,98,169,2,3,3,0.0
1140,2019/3/29 4:10,9,98,169,2,3,3,0.0
1141,2019/3/29 4:40,9,98,159,2,5,3,0.0
1142,2019/3/29 20:10,15,85,89,1,2,1,0.0
1143,2019/3/29 20:40,14,88,87,1,2,1,0.0
1144,2019/3/29 21:10,13,91,87,2,4,1,0.0
1145,2019/3/29 21:40,13,94,103,1,2,1,0.0
1146,2019/3/29 22:10,12,96,103,1,2,1,0.0
1147,2019/3/29 22:40,12,97,104,2,2,1,0.0
1148,2019/3/29 23:10,12,97,104,1,6,3,0.0
1149,2019/3/28 1:15,12,96,59,1,3,3,0.0
1150,2019/3/28 1:40,12,97,59,1,3,3,0.0
1151,2019/3/28 3:40,11,99,55,1,6,3,0.0
1152,2019/3/28 4:10,11,99,55,0,8,3,0.0
1153,2019/3/28 4:40,9,99,58,1,4,2,0.0
1154,2019/3/28 20:10,15,79,83,1,0,3,0.0
1155,2019/3/28 20:40,13,88,99,1,7,3,0.0
1156,2019/3/28 21:10,14,86,99,1,3,3,0.0
1157,2019/3/28 21:40,12,92,129,1,4,3,0.0
1158,2019/3/28 22:10,13,94,129,1,4,3,0.0
1159,2019/3/28 22:40,12,94,168,1,0,3,0.0
1160,2019/3/28 23:10,12,96,168,2,4,3,0.0
1161,2019/3/27 1:15,11,78,66,1,4,3,0.0
1162,2019/3/27 1:40,12,66,60,2,4,3,0.0
1163,2019/3/27 2:10,12,65,60,2,4,3,0.0
1164,2019/3/27 2:45,12,64,56,1,6,3,0.0
1165,2019/3/27 3:10,12,60,56,2,2,3,0.0
1166,2019/3/27 3:40,13,62,56,2,4,3,0.0
1167,2019/3/27 4:10,12,74,56,1,5,3,0.0
1168,2019/3/27 4:40,12,69,52,1,4,3,0.0
1169,2019/3/27 20:10,15,83,71,1,6,1,0.0
1170,2019/3/27 20:40,14,83,65,0,8,1,0.0
1171,2019/3/27 21:10,14,88,65,1,4,1,0.0
1172,2019/3/27 21:45,14,87,61,0,8,1,0.0
1173,2019/3/27 22:10,13,90,61,0,8,1,0.0
1174,2019/3/27 22:45,12,96,58,2,1,1,0.0
1175,2019/3/27 23:10,13,93,58,1,7,3,0.0
1176,2019/3/26 1:10,9,98,62,2,2,3,0.0
1177,2019/3/26 1:40,9,97,63,2,2,3,0.0
1178,2019/3/26 2:10,9,96,63,1,6,3,0.0
1179,2019/3/26 2:45,8,98,63,1,2,3,0.0
1180,2019/3/26 3:10,8,99,63,0,8,3,0.0
1181,2019/3/26 3:40,8,99,61,1,5,2,0.0
1182,2019/3/26 4:10,7,99,61,1,0,3,0.0
1183,2019/3/26 4:40,7,99,59,1,4,2,0.0
1184,2019/3/26 20:10,17,45,66,3,4,4,0.0
1185,2019/3/26 20:40,17,48,67,2,4,4,0.0
1186,2019/3/26 21:10,16,48,67,2,4,4,0.0
1187,2019/3/26 21:40,15,50,65,2,4,4,0.0
1188,2019/3/26 22:10,14,56,65,2,4,4,0.0
1189,2019/3/26 22:40,14,57,64,2,4,4,0.0
1190,2019/3/26 23:10,13,59,64,2,4,3,0.0
1191,2019/3/25 1:10,12,58,68,2,6,3,0.0
1192,2019/3/25 1:40,12,57,55,3,6,3,0.0
1193,2019/3/25 2:10,11,60,55,2,6,3,0.0
1194,2019/3/25 2:40,11,63,50,2,6,3,0.0
1195,2019/3/25 3:10,11,66,50,2,6,3,0.0
1196,2019/3/25 3:40,10,69,32,2,6,3,0.0
1197,2019/3/25 4:10,9,74,32,2,2,3,0.0
1198,2019/3/25 4:40,8,79,30,1,1,3,0.0
1199,2019/3/25 20:10,14,74,54,2,2,4,0.0
1200,2019/3/25 20:40,14,76,56,2,2,4,0.0
1201,2019/3/25 21:15,13,77,56,2,2,4,0.0
1202,2019/3/25 21:40,13,79,61,2,2,4,0.0
1203,2019/3/25 22:10,12,81,61,1,4,4,0.0
1204,2019/3/25 22:40,12,83,58,1,4,4,0.0
1205,2019/3/25 23:10,11,85,58,1,2,3,0.0
1206,2019/3/24 1:10,4,97,96,1,0,3,0.0
1207,2019/3/24 1:40,4,98,109,1,0,3,0.0
1208,2019/3/24 2:10,4,99,109,0,8,3,0.0
1209,2019/3/24 2:40,4,99,103,0,8,3,0.0
1210,2019/3/24 3:10,4,99,103,0,8,3,0.0
1211,2019/3/24 3:40,3,99,100,1,5,3,0.0
1212,2019/3/24 4:10,3,99,100,1,3,2,0.0
1213,2019/3/24 4:40,3,99,98,1,5,2,0.0
1214,2019/3/24 20:10,13,58,61,2,4,1,0.0
1215,2019/3/24 20:40,13,57,65,2,4,1,0.0
1216,2019/3/24 21:10,13,59,65,1,4,1,0.0
1217,2019/3/24 21:40,12,62,69,0,8,1,0.0
1218,2019/3/24 22:10,12,64,69,0,8,1,0.0
1219,2019/3/24 22:40,12,63,72,1,2,1,0.0
1220,2019/3/24 23:10,13,60,72,2,2,3,0.0
1221,2019/3/23 1:10,7,79,53,1,6,3,0.0
1222,2019/3/23 1:45,7,83,57,1,6,3,0.0
1223,2019/3/23 2:10,6,84,57,2,6,3,0.0
1224,2019/3/23 2:45,6,85,48,1,2,3,0.0
1225,2019/3/23 3:15,6,87,48,1,6,3,0.0
1226,2019/3/23 3:40,5,91,35,1,1,3,0.0
1227,2019/3/23 4:15,4,97,35,1,2,3,0.0
1228,2019/3/23 4:45,4,97,33,1,4,3,0.0
1229,2019/3/23 20:10,8,77,61,1,5,4,0.0
1230,2019/3/23 20:40,8,74,71,0,8,4,0.0
1231,2019/3/23 21:10,8,81,71,1,3,4,0.0
1232,2019/3/23 21:40,6,89,81,2,2,4,0.0
1233,2019/3/23 22:10,7,75,81,1,6,4,0.0
1234,2019/3/23 22:40,6,90,86,0,8,4,0.0
1235,2019/3/23 23:10,6,93,86,0,8,3,0.0
1236,2019/3/22 1:10,9,72,42,2,5,1,0.0
1237,2019/3/22 1:45,9,68,36,2,0,1,0.0
1238,2019/3/22 2:10,9,68,36,2,0,3,0.0
1239,2019/3/22 2:45,9,69,39,2,5,3,0.0
1240,2019/3/22 3:10,9,74,39,2,5,3,0.0
1241,2019/3/22 3:40,9,76,46,3,5,3,0.0
1242,2019/3/22 4:10,8,66,46,3,0,3,0.0
1243,2019/3/22 4:40,8,67,45,3,0,3,0.0
1244,2019/3/22 20:10,8,69,47,1,2,1,0.0
1245,2019/3/22 20:40,8,69,53,1,2,1,0.0
1246,2019/3/22 21:15,8,72,53,2,2,1,0.0
1247,2019/3/22 21:45,8,75,55,2,7,1,0.0
1248,2019/3/22 22:10,8,71,55,2,6,1,0.0
1249,2019/3/22 22:45,8,76,54,2,6,1,0.0
1250,2019/3/22 23:10,8,77,54,2,6,3,0.0
1251,2019/3/21 1:10,13,99,83,1,4,3,0.0
1252,2019/3/21 1:45,13,99,85,1,5,2,0.0
1253,2019/3/21 2:10,13,99,85,2,5,2,0.0
1254,2019/3/21 2:45,13,99,79,1,0,3,0.0
1255,2019/3/21 3:15,13,99,79,1,5,2,0.0
1256,2019/3/21 3:35,12,99,82,1,4,2,0.0
1257,2019/3/21 4:10,12,99,82,0,8,2,0.0
1258,2019/3/21 4:40,12,99,87,1,3,2,0.0
1259,2019/3/21 20:10,11,67,63,3,5,1,0.0
1260,2019/3/21 20:40,10,80,62,3,5,0,0.0
1261,2019/3/21 21:10,10,86,62,2,3,0,0.0
1262,2019/3/21 21:45,10,86,64,2,3,0,0.0
1263,2019/3/21 22:10,9,88,64,2,5,0,0.0
1264,2019/3/21 22:40,9,89,56,2,5,1,0.0
1265,2019/3/21 23:15,9,88,56,2,0,1,0.0
1266,2019/3/20 1:10,17,73,64,3,4,0,0.0
1267,2019/3/20 1:40,18,69,63,3,2,1,0.0
1268,2019/3/20 2:10,18,68,63,4,2,1,0.0
1269,2019/3/20 2:45,19,69,58,5,2,1,0.0
1270,2019/3/20 3:10,19,69,58,4,2,1,0.0
1271,2019/3/20 3:45,19,70,60,4,2,1,0.0
1272,2019/3/20 4:10,19,71,60,3,2,1,0.0
1273,2019/3/20 4:40,18,77,54,3,2,1,0.0
1274,2019/3/20 20:10,16,93,55,1,2,4,0.0
1275,2019/3/20 20:45,15,93,61,1,3,4,0.0
1276,2019/3/20 21:10,15,95,61,1,3,4,0.0
1277,2019/3/20 21:40,14,98,65,0,8,4,0.0
1278,2019/3/20 22:15,14,99,65,2,3,4,0.0
1279,2019/3/20 22:40,15,98,72,2,3,4,0.0
1280,2019/3/20 23:10,14,98,72,2,3,3,0.0
1281,2019/3/19 1:15,8,99,93,1,2,2,0.0
1282,2019/3/19 1:40,7,99,83,1,0,2,0.0
1283,2019/3/19 2:15,6,99,83,1,4,2,0.0
1284,2019/3/19 2:40,6,99,75,0,8,2,0.0
1285,2019/3/19 3:10,6,99,75,1,0,2,0.0
1286,2019/3/19 3:40,6,99,69,1,4,0,0.0
1287,2019/3/19 4:10,6,99,69,1,4,0,0.0
1288,2019/3/19 4:40,6,99,65,1,4,2,0.0
1289,2019/3/19 20:10,19,60,55,3,4,3,0.0
1290,2019/3/19 20:40,19,60,61,3,4,3,0.0
1291,2019/3/19 21:15,18,62,61,3,4,3,0.0
1292,2019/3/19 21:40,18,63,67,3,4,3,0.0
1293,2019/3/19 22:10,18,65,67,3,4,3,0.0
1294,2019/3/19 22:45,17,67,64,3,4,3,0.0
1295,2019/3/19 23:15,18,68,64,4,4,1,0.0
1296,2019/3/18 1:50,15,51,100,2,0,1,0.0
1297,2019/3/18 2:45,14,60,102,1,5,1,0.0
1298,2019/3/18 3:45,13,66,114,2,2,1,0.0
1299,2019/3/18 4:45,12,71,123,2,6,1,0.0
1300,2019/3/18 20:10,10,86,58,2,2,4,0.0
1301,2019/3/18 20:45,10,90,66,2,2,4,0.0
1302,2019/3/18 21:10,10,93,66,2,4,4,0.0
1303,2019/3/18 21:40,10,93,73,2,4,4,0.0
1304,2019/3/18 22:10,10,95,73,2,4,4,0.0
1305,2019/3/18 22:40,9,97,84,2,4,4,0.0
1306,2019/3/18 23:10,9,98,84,2,4,4,0.0
1307,2019/3/17 1:45,7,87,87,0,8,3,0.0
1308,2019/3/17 3:45,7,92,83,1,3,3,0.0
1309,2019/3/17 4:45,6,94,87,1,7,3,0.0
1310,2019/3/17 20:45,16,41,87,2,4,1,0.0
1311,2019/3/17 22:45,15,45,92,0,8,1,0.0
1312,2019/3/16 1:45,5,97,116,1,0,3,0.0
1313,2019/3/16 2:45,5,98,103,1,5,3,0.0
1314,2019/3/16 3:45,4,95,97,1,4,3,0.0
1315,2019/3/16 4:45,4,96,87,1,5,3,0.0
1316,2019/3/16 20:45,14,40,86,2,4,3,0.0
1317,2019/3/16 21:20,12,53,92,2,4,3,0.0
1318,2019/3/16 22:45,10,64,93,0,8,3,0.0
1319,2019/3/15 1:45,8,75,88,2,1,3,0.0
1320,2019/3/15 2:45,8,74,81,2,1,3,0.0
1321,2019/3/15 3:45,8,74,67,2,1,3,0.0
1322,2019/3/15 4:45,8,79,59,3,1,3,0.0
1323,2019/3/15 20:45,8,77,80,2,5,1,0.0
1324,2019/3/15 21:45,9,63,96,0,8,1,0.0
1325,2019/3/15 22:45,7,84,102,1,0,1,0.0
1326,2019/3/14 1:50,10,67,87,1,1,1,0.0
1327,2019/3/14 2:50,11,62,85,2,2,1,0.0
1328,2019/3/14 3:50,10,69,85,2,6,1,0.0
1329,2019/3/14 4:50,10,72,87,1,1,1,0.0
1330,2019/3/14 20:45,10,74,74,0,8,3,0.0
1331,2019/3/14 21:45,10,71,79,2,1,3,0.0
1332,2019/3/14 22:45,9,83,93,1,1,3,0.0
1333,2019/3/13 1:45,5,89,80,1,0,4,0.0
1334,2019/3/13 2:45,4,91,79,1,5,4,0.0
1335,2019/3/13 3:45,4,94,80,1,5,4,0.0
1336,2019/3/13 4:45,3,96,82,2,0,4,0.0
1337,2019/3/13 20:45,13,55,92,2,3,1,0.0
1338,2019/3/13 21:50,12,59,95,2,5,1,0.0
1339,2019/3/13 22:50,12,59,97,2,5,1,0.0
1340,2019/3/12 1:50,6,81,94,2,1,3,0.0
1341,2019/3/12 2:50,5,85,95,1,1,3,0.0
1342,2019/3/12 3:50,5,74,92,2,6,3,0.0
1343,2019/3/12 4:50,6,72,88,2,1,3,0.0
1344,2019/3/12 20:40,11,55,88,1,3,4,0.0
1345,2019/3/12 21:45,9,66,84,1,4,4,0.0
1346,2019/3/12 22:45,7,70,84,1,5,4,0.0
1347,2019/3/11 1:35,7,91,158,1,8,3,0.0
1348,2019/3/11 2:35,8,83,156,2,8,3,0.0
1349,2019/3/11 3:35,8,86,149,2,8,3,0.0
1350,2019/3/11 4:35,7,92,143,2,8,3,0.0
1351,2019/3/11 20:45,9,73,120,2,1,1,0.0
1352,2019/3/11 21:50,8,74,115,2,1,1,0.0
1353,2019/3/11 22:50,8,75,112,1,6,1,0.0
1354,2019/3/10 1:35,8,80,102,2,8,3,0.0
1355,2019/3/10 2:35,7,86,108,2,8,3,0.0
1356,2019/3/10 3:35,6,93,113,2,8,3,0.0
1357,2019/3/10 4:35,5,96,117,2,8,3,0.0
1358,2019/3/10 20:35,8,84,132,2,8,4,0.0
1359,2019/3/10 21:35,8,86,147,1,8,4,0.0
1360,2019/3/10 22:35,7,91,158,2,8,4,0.0
1361,2019/3/10 23:30,7,90,159,1,8,3,0.0
1362,2019/3/9 1:35,8,77,70,2,8,3,0.0
1363,2019/3/9 2:35,8,77,69,1,8,3,0.0
1364,2019/3/9 3:35,7,81,67,1,8,3,0.0
1365,2019/3/9 4:35,7,82,68,1,8,3,0.0
1366,2019/3/9 20:35,10,67,79,2,8,3,0.0
1367,2019/3/9 21:35,10,71,87,2,8,3,0.0
1368,2019/3/9 22:35,10,72,94,2,8,3,0.0
1369,2019/3/9 23:25,10,68,98,2,8,3,0.0
1370,2019/3/8 1:35,2,91,55,1,8,3,0.0
1371,2019/3/8 2:35,3,88,57,2,8,3,0.0
1372,2019/3/8 3:35,3,83,56,2,8,3,0.0
1373,2019/3/8 4:35,3,76,58,2,8,3,0.0
1374,2019/3/8 20:35,9,61,71,1,8,3,0.0
1375,2019/3/8 21:35,9,69,73,1,8,3,0.0
1376,2019/3/8 22:35,8,72,72,2,8,3,0.0
1377,2019/3/8 23:25,8,78,70,1,8,3,0.0
1378,2019/3/7 1:35,7,61,68,4,8,3,0.0
1379,2019/3/7 2:35,6,67,82,3,8,3,0.0
1380,2019/3/7 3:35,5,61,81,3,8,3,0.0
1381,2019/3/7 4:35,4,68,78,2,8,3,0.0
1382,2019/3/7 20:35,7,59,61,2,8,3,0.0
1383,2019/3/7 21:35,6,69,63,2,8,3,0.0
1384,2019/3/7 22:35,5,71,67,2,8,3,0.0
1385,2019/3/7 23:25,5,72,64,2,8,3,0.0
1386,2019/3/6 20:35,11,51,170,2,8,3,0.0
1387,2019/3/6 21:35,10,54,153,2,8,3,0.0
1388,2019/3/6 22:35,9,57,92,2,8,3,0.0
1389,2019/3/6 23:25,8,55,92,2,8,3,0.0
1390,2019/3/5 1:35,9,68,98,2,8,1,0.0
1391,2019/3/5 2:35,8,71,97,1,8,1,0.0
1392,2019/3/5 3:35,7,80,102,2,8,1,0.0
1393,2019/3/5 4:35,8,78,108,2,8,1,0.0
1394,2019/3/4 1:35,1,99,113,1,8,4,0.0
1395,2019/3/4 2:35,1,99,110,1,8,4,0.0
1396,2019/3/4 3:35,0,99,114,0,8,4,0.0
1397,2019/3/4 4:35,0,99,103,1,8,2,0.0
1398,2019/3/4 20:35,9,77,87,2,8,1,0.0
1399,2019/3/4 21:35,10,72,95,2,8,1,0.0
1400,2019/3/4 22:35,10,68,108,2,8,1,0.0
1401,2019/3/4 23:25,9,70,109,1,8,1,0.0
1402,2019/3/3 1:35,5,87,82,2,8,1,0.0
1403,2019/3/3 2:35,5,83,82,2,8,1,0.0
1404,2019/3/3 3:35,5,83,83,1,8,1,0.0
1405,2019/3/3 4:35,5,86,90,1,8,1,0.0
1406,2019/3/3 20:35,6,84,97,1,8,3,0.0
1407,2019/3/3 21:35,6,89,100,1,8,3,0.0
1408,2019/3/3 22:35,4,97,99,1,8,3,0.0
1409,2019/3/3 23:25,3,97,103,1,8,4,0.0
1410,2019/3/2 1:35,6,93,173,3,8,3,0.0
1411,2019/3/2 2:35,6,94,204,2,8,1,0.0
1412,2019/3/2 3:35,6,91,223,2,8,1,0.0
1413,2019/3/2 4:35,6,94,226,2,8,0,0.0
1414,2019/3/2 20:35,6,75,135,3,8,1,0.0
1415,2019/3/2 21:35,6,77,109,2,8,1,0.0
1416,2019/3/2 22:35,6,79,93,2,8,1,0.0
1417,2019/3/2 23:25,6,80,82,2,8,1,0.0
1418,2019/3/1 1:35,6,92,107,2,8,1,0.0
1419,2019/3/1 2:35,6,92,105,2,8,1,0.0
1420,2019/3/1 3:25,6,91,109,2,8,1,0.0
1421,2019/3/1 4:20,6,91,109,2,8,1,0.0
1422,2019/3/1 20:35,7,75,85,2,8,1,0.0
1423,2019/3/1 21:35,7,79,112,2,8,1,0.0
1424,2019/3/1 22:35,6,84,112,2,8,1,0.0
1425,2019/3/1 23:25,6,86,129,1,8,3,0.0
1426,2019/2/28 1:35,5,99,64,1,8,1,0.0
1427,2019/2/28 2:35,5,99,67,2,8,1,0.0
1428,2019/2/28 3:35,5,98,69,1,8,1,0.0
1429,2019/2/28 4:10,5,99,70,1,8,1,0.0
1430,2019/2/28 20:35,7,86,92,2,8,1,0.0
1431,2019/2/28 21:30,6,90,102,0,8,1,0.0
1432,2019/2/28 22:35,6,93,107,1,8,1,0.0
1433,2019/2/28 23:25,6,95,107,1,8,1,0.0
1434,2019/2/27 1:35,5,94,38,2,8,3,0.0
1435,2019/2/27 2:35,5,94,38,2,8,1,0.0
1436,2019/2/27 3:35,5,96,33,2,8,1,0.0
1437,2019/2/27 4:35,4,94,35,3,8,1,0.0
1438,2019/2/27 20:35,5,96,49,1,8,1,0.0
1439,2019/2/27 21:35,5,96,54,2,8,1,0.0
1440,2019/2/27 22:35,5,97,55,1,8,1,0.0
1441,2019/2/27 23:25,5,98,58,1,8,1,0.0
1442,2019/2/26 1:35,4,89,212,1,8,3,0.0
1443,2019/2/26 2:35,3,92,222,2,8,3,0.0
1444,2019/2/26 3:35,4,82,219,1,8,3,0.0
1445,2019/2/26 4:35,4,83,209,2,8,3,0.0
1446,2019/2/26 20:35,5,98,93,2,8,1,0.0
1447,2019/2/26 21:35,5,98,80,2,8,1,0.0
1448,2019/2/26 22:35,5,94,64,3,8,1,0.0
1449,2019/2/26 23:25,5,93,53,2,8,3,0.0
1450,2019/2/25 1:35,1,98,175,1,8,3,0.0
1451,2019/2/25 2:35,0,97,165,1,8,3,0.0
1452,2019/2/25 3:35,0,98,152,1,8,3,0.0
1453,2019/2/25 4:35,0,99,150,1,8,3,0.0
1454,2019/2/25 20:35,6,78,139,2,8,1,0.0
1455,2019/2/25 21:35,5,83,159,2,8,1,0.0
1456,2019/2/25 22:35,5,84,176,1,8,3,0.0
1457,2019/2/25 23:25,5,82,189,1,8,3,0.0
1458,2019/2/24 1:35,-1,99,147,0,8,2,0.0
1459,2019/2/24 2:35,-1,99,139,1,8,2,0.0
1460,2019/2/24 3:35,-2,99,130,0,8,2,0.0
1461,2019/2/24 4:30,-2,99,125,1,8,2,0.0
1462,2019/2/24 20:35,4,82,134,0,8,3,0.0
1463,2019/2/24 21:40,2,93,159,0,8,3,0.0
1464,2019/2/24 22:35,2,91,166,1,8,3,0.0
1465,2019/2/24 23:25,1,95,166,1,8,3,0.0
1466,2019/2/23 1:35,0,99,64,1,8,1,0.0
1467,2019/2/23 2:35,0,99,57,1,8,1,0.0
1468,2019/2/23 3:35,0,99,55,1,8,1,0.0
1469,2019/2/23 4:35,0,99,58,1,8,1,0.0
1470,2019/2/23 20:35,4,94,166,1,8,4,0.0
1471,2019/2/23 21:35,2,96,168,1,8,4,0.0
1472,2019/2/23 22:30,1,98,166,1,8,4,0.0
1473,2019/2/23 23:25,1,99,159,1,8,4,0.0
1474,2019/2/22 1:35,0,99,64,2,8,6,0.0
1475,2019/2/22 2:35,0,99,59,1,8,6,0.0
1476,2019/2/22 3:35,0,99,59,0,8,6,0.0
1477,2019/2/22 4:35,0,99,57,0,8,6,0.0
1478,2019/2/22 20:35,1,95,92,1,8,4,0.0
1479,2019/2/22 21:35,0,98,89,1,8,4,0.0
1480,2019/2/22 22:35,0,99,84,2,8,4,0.0
1481,2019/2/22 23:25,0,99,79,2,8,1,0.0
1482,2019/2/21 1:35,4,92,139,2,8,3,0.0
1483,2019/2/21 2:35,4,93,148,2,8,3,0.0
1484,2019/2/21 3:35,4,93,158,2,8,3,0.0
1485,2019/2/21 4:35,4,93,163,2,8,3,0.0
1486,2019/2/21 20:35,0,99,73,2,8,1,0.0
1487,2019/2/21 21:35,0,99,74,2,8,0,0.0
1488,2019/2/21 22:35,1,99,70,2,8,1,0.0
1489,2019/2/21 23:25,1,99,64,2,8,1,0.0
1490,2019/2/20 1:35,2,88,70,2,8,3,0.0
1491,2019/2/20 2:35,2,87,75,1,8,3,0.0
1492,2019/2/20 3:35,2,87,79,2,8,3,0.0
1493,2019/2/20 4:35,2,87,83,2,8,3,0.0
1494,2019/2/20 20:35,3,93,130,2,8,1,0.0
1495,2019/2/20 21:35,3,93,139,1,8,1,0.0
1496,2019/2/20 22:35,3,93,143,2,8,1,0.0
1497,2019/2/20 23:25,3,94,140,2,8,3,0.0
1498,2019/2/19 1:35,1,99,19,3,8,1,0.0
1499,2019/2/19 2:35,1,99,23,3,8,3,0.0
1500,2019/2/19 3:35,1,98,33,3,8,3,0.0
1501,2019/2/19 4:35,1,95,39,3,8,3,0.0
1502,2019/2/19 20:35,3,83,58,2,8,3,0.0
1503,2019/2/19 21:35,3,84,62,2,8,3,0.0
1504,2019/2/19 22:35,3,86,64,2,8,3,0.0
1505,2019/2/19 23:25,2,87,62,2,8,3,0.0
1506,2019/2/18 1:35,2,68,67,2,8,1,0.0
1507,2019/2/18 2:35,2,73,67,2,8,1,0.0
1508,2019/2/18 3:35,2,71,63,2,8,1,0.0
1509,2019/2/18 4:35,1,85,64,3,8,0,0.0
1510,2019/2/18 20:35,2,99,26,2,8,0,0.0
1511,2019/2/18 21:35,2,99,23,2,8,1,0.0
1512,2019/2/18 22:35,2,99,20,2,8,0,0.0
1513,2019/2/18 23:25,2,99,19,2,8,0,0.0
1514,2019/2/17 1:35,1,78,60,2,8,3,0.0
1515,2019/2/17 2:35,1,78,55,2,8,3,0.0
1516,2019/2/17 3:35,1,77,52,2,8,3,0.0
1517,2019/2/17 4:35,1,74,57,2,8,3,0.0
1518,2019/2/17 20:35,3,68,64,1,8,1,0.0
1519,2019/2/17 21:35,3,65,68,1,8,1,0.0
1520,2019/2/17 22:35,3,74,67,2,8,1,0.0
1521,2019/2/17 23:25,3,73,70,2,8,1,0.0
1522,2019/2/16 1:35,3,96,70,2,8,3,1.0
1523,2019/2/16 2:35,2,94,82,2,8,3,1.0
1524,2019/2/16 3:35,2,93,93,2,8,3,1.0
1525,2019/2/16 4:35,2,94,110,2,8,3,1.0
1526,2019/2/16 20:35,2,74,87,2,8,1,0.0
1527,2019/2/16 21:35,2,77,79,2,8,1,0.0
1528,2019/2/16 22:35,2,74,75,2,8,1,0.0
1529,2019/2/16 23:25,2,72,70,2,8,3,0.0
1530,2019/2/15 20:35,3,97,64,2,8,1,1.0
1531,2019/2/15 21:35,3,95,64,2,8,1,1.0
1532,2019/2/15 22:35,3,95,67,2,8,1,1.0
1533,2019/2/15 23:25,3,94,69,2,8,3,1.0
1534,2019/2/14 1:35,2,99,49,2,8,1,2.0
1535,2019/2/14 2:35,2,99,45,2,8,0,2.0
1536,2019/2/14 3:35,2,99,38,3,8,0,2.0
1537,2019/2/14 4:35,2,99,33,3,8,0,2.0
1538,2019/2/13 1:35,1,99,59,2,8,1,2.0
1539,2019/2/13 2:35,1,99,58,2,8,2,2.0
1540,2019/2/13 3:35,1,99,52,2,8,1,2.0
1541,2019/2/13 4:35,1,99,43,2,8,2,2.0
1542,2019/2/13 20:35,3,97,60,3,8,0,2.0
1543,2019/2/13 21:35,3,97,58,3,8,0,2.0
1544,2019/2/13 22:35,2,99,46,3,8,0,2.0
1545,2019/2/13 23:25,2,99,50,3,8,0,2.0
1546,2019/2/12 1:35,1,87,69,2,8,3,2.0
1547,2019/2/12 2:35,1,88,70,2,8,3,2.0
1548,2019/2/12 3:35,1,89,69,2,8,3,2.0
1549,2019/2/12 4:35,0,92,65,2,8,3,2.0
1550,2019/2/12 20:35,1,98,70,1,8,1,2.0
1551,2019/2/12 21:35,1,98,73,2,8,1,2.0
1552,2019/2/12 22:35,1,98,68,3,8,1,2.0
1553,2019/2/12 23:25,1,99,69,2,8,1,2.0
1554,2019/2/11 1:35,-1,91,59,1,8,3,2.0
1555,2019/2/11 2:35,-1,92,62,1,8,3,2.0
1556,2019/2/11 3:35,-1,93,64,1,8,3,2.0
1557,2019/2/11 4:35,-1,94,65,1,8,3,2.0
1558,2019/2/11 20:35,2,82,65,2,8,4,2.0
1559,2019/2/11 21:35,2,82,68,2,8,4,2.0
1560,2019/2/11 22:35,2,83,73,2,8,4,2.0
1561,2019/2/11 23:25,1,84,74,2,8,3,2.0
1562,2019/2/10 1:35,-1,87,63,2,8,1,2.0
1563,2019/2/10 2:35,0,89,58,2,8,1,2.0
1564,2019/2/10 3:35,0,88,55,2,8,1,2.0
1565,2019/2/10 4:35,0,88,53,3,8,1,2.0
1566,2019/2/10 20:35,0,90,68,2,8,1,2.0
1567,2019/2/10 21:35,0,90,68,2,8,1,2.0
1568,2019/2/10 22:35,0,89,68,2,8,1,2.0
1569,2019/2/10 23:25,-1,89,64,2,8,3,2.0
1570,2019/2/9 1:35,-1,96,45,2,8,1,2.0
1571,2019/2/9 2:35,-1,96,52,2,8,1,2.0
1572,2019/2/9 3:35,-1,96,49,2,8,1,2.0
1573,2019/2/9 4:35,-1,96,50,2,8,1,2.0
1574,2019/2/9 20:35,-1,84,87,2,8,1,2.0
1575,2019/2/9 21:35,-1,85,89,2,8,1,2.0
1576,2019/2/9 22:35,-1,86,82,2,8,1,2.0
1577,2019/2/9 23:25,-1,86,77,2,8,1,2.0
1578,2019/2/8 1:35,-1,98,30,4,8,5,2.0
1579,2019/2/8 2:35,-1,97,29,4,8,6,2.0
1581,2019/2/8 4:35,-1,92,23,3,8,1,2.0
1582,2019/2/8 20:35,-1,99,26,2,8,6,2.0
1583,2019/2/8 21:35,-1,99,26,2,8,6,2.0
1584,2019/2/8 22:35,-1,98,26,2,8,6,2.0
1585,2019/2/8 23:25,-1,96,32,2,8,1,2.0
1586,2019/2/7 1:35,7,98,95,4,8,0,2.0
1587,2019/2/7 2:35,5,98,128,4,8,0,2.0
1588,2019/2/7 3:35,5,99,125,3,8,0,2.0
1589,2019/2/7 4:35,6,99,160,4,8,0,2.0
1590,2019/2/7 20:35,2,75,58,4,8,1,2.0
1591,2019/2/7 21:35,1,84,52,4,8,5,2.0
1593,2019/2/7 23:25,0,97,36,3,8,5,2.0
1594,2019/2/6 1:35,2,99,172,1,8,2,2.0
1595,2019/2/6 2:35,1,99,158,1,8,2,2.0
1596,2019/2/6 3:35,1,99,147,1,8,2,2.0
1597,2019/2/6 4:30,1,99,139,1,8,4,2.0
1598,2019/2/6 20:35,11,93,118,2,8,1,2.0
1599,2019/2/6 21:35,10,98,133,3,8,0,2.0
1600,2019/2/6 22:35,10,99,125,3,8,0,2.0
1601,2019/2/6 23:25,9,98,124,2,8,0,2.0
1602,2019/2/5 1:30,1,92,137,0,8,3,2.0
1603,2019/2/5 2:35,0,95,139,1,8,3,2.0
1604,2019/2/5 3:35,0,95,140,1,8,3,2.0
1605,2019/2/5 4:35,0,97,147,1,8,3,2.0
1606,2019/2/5 20:35,6,88,158,1,8,4,2.0
1607,2019/2/5 21:30,6,93,163,1,8,4,2.0
1608,2019/2/5 22:35,5,97,182,1,8,4,2.0
1609,2019/2/5 23:25,4,98,193,1,8,4,2.0
1610,2019/2/4 1:35,0,99,186,2,8,2,2.0
1611,2019/2/4 2:35,0,99,173,1,8,2,2.0
1612,2019/2/4 3:35,-1,99,162,1,8,2,2.0
1613,2019/2/4 4:35,-2,99,155,1,8,2,2.0
1614,2019/2/4 20:35,7,57,120,2,8,3,2.0
1615,2019/2/4 21:35,7,57,117,2,8,3,2.0
1616,2019/2/4 22:30,6,63,124,1,8,3,2.0
1617,2019/2/4 23:25,4,79,132,1,8,3,2.0
1618,2019/2/3 1:30,7,99,64,2,8,1,2.0
1619,2019/2/3 2:35,6,98,58,2,8,1,2.0
1620,2019/2/3 3:35,6,98,60,2,8,1,2.0
1621,2019/2/3 4:35,6,98,67,2,8,1,2.0
1622,2019/2/3 20:35,2,97,192,1,8,4,2.0
1623,2019/2/3 21:25,2,99,188,2,8,4,2.0
1624,2019/2/3 22:35,2,99,189,2,8,4,2.0
1625,2019/2/3 23:25,1,99,190,1,8,4,2.0
1626,2019/2/2 1:30,4,84,149,2,8,3,2.0
1627,2019/2/2 2:15,4,84,124,2,8,3,2.0
1628,2019/2/2 3:30,4,82,104,2,8,3,2.0
1629,2019/2/2 4:35,5,83,92,2,8,3,2.0
1630,2019/2/2 20:35,8,87,59,2,8,1,2.0
1631,2019/2/2 21:30,7,90,59,2,8,1,2.0
1632,2019/2/2 22:35,7,93,64,2,8,1,2.0
1633,2019/2/2 23:20,7,96,60,2,8,1,2.0
1634,2019/2/1 1:30,0,91,60,2,8,3,2.0
1635,2019/2/1 2:30,0,90,67,2,8,3,2.0
1636,2019/2/1 3:30,0,91,68,2,8,3,2.0
1637,2019/2/1 4:35,0,93,72,1,8,3,2.0
1638,2019/2/1 20:35,2,88,85,2,8,4,2.0
1639,2019/2/1 21:35,3,87,92,3,8,4,2.0
1640,2019/2/1 22:40,3,85,100,2,8,4,2.0
1641,2019/2/1 23:20,3,85,132,3,8,3,2.0
1642,2019/1/31 1:30,0,99,20,2,8,0,2.0
1643,2019/1/31 2:35,0,99,21,2,8,0,2.0
1644,2019/1/31 3:35,0,99,19,2,8,1,2.0
1645,2019/1/31 4:25,0,99,17,2,8,0,2.0
1646,2019/1/31 20:30,0,89,58,2,8,1,2.0
1647,2019/1/31 21:35,0,88,58,2,8,1,2.0
1648,2019/1/31 22:35,0,90,58,2,8,1,2.0
1649,2019/1/31 23:25,0,90,57,2,8,3,2.0
1650,2019/1/30 1:35,5,99,155,2,8,3,2.0
1651,2019/1/30 2:30,5,99,156,1,8,3,2.0
1652,2019/1/30 3:30,5,99,149,1,8,3,2.0
1653,2019/1/30 4:25,5,99,149,1,8,3,2.0
1654,2019/1/30 21:20,3,98,32,3,8,0,2.0
1655,2019/1/30 22:20,6,98,20,2,8,0,2.0
1656,2019/1/30 23:10,4,98,20,4,8,0,2.0
1657,2019/1/29 1:00,4,97,142,2,8,1,2.0
1658,2019/1/29 2:00,4,96,140,1,8,1,2.0
1659,2019/1/29 3:00,4,96,145,2,8,1,2.0
1660,2019/1/29 4:00,4,97,148,2,8,1,2.0
1661,2019/1/29 20:30,5,94,155,1,8,0,2.0
1662,2019/1/29 21:35,5,96,148,1,8,1,2.0
1663,2019/1/29 22:35,5,98,150,1,8,0,2.0
1664,2019/1/29 23:15,5,99,149,1,8,2,2.0
1665,2019/1/28 1:20,6,64,145,1,8,1,2.0
1666,2019/1/28 2:20,5,72,168,1,8,3,2.0
1667,2019/1/28 3:35,5,73,185,1,8,3,2.0
1668,2019/1/28 4:35,5,70,192,1,8,3,2.0
1669,2019/1/28 20:35,4,96,160,1,8,1,2.0
1670,2019/1/28 21:10,4,96,166,1,8,1,2.0
1671,2019/1/28 22:00,4,96,166,1,8,0,2.0
1672,2019/1/28 23:00,4,97,159,2,8,1,2.0
1673,2019/1/27 1:30,-2,85,56,2,8,4,2.0
1674,2019/1/27 2:30,-1,78,57,1,8,4,2.0
1675,2019/1/27 3:35,-2,79,57,1,8,4,2.0
1676,2019/1/27 4:15,-2,85,56,1,8,4,2.0
1677,2019/1/27 20:35,7,56,87,2,8,1,2.0
1678,2019/1/27 21:35,6,63,90,2,8,1,2.0
1679,2019/1/27 22:20,7,60,92,1,8,1,2.0
1680,2019/1/27 23:20,6,67,95,2,8,3,2.0
1681,2019/1/26 1:30,0,69,73,2,8,3,2.0
1682,2019/1/26 2:35,0,69,64,2,8,3,2.0
1683,2019/1/26 3:25,0,69,55,2,8,3,2.0
1684,2019/1/26 4:30,0,78,49,2,8,3,2.0
1685,2019/1/26 20:25,0,68,61,1,8,4,2.0
1686,2019/1/26 21:35,0,73,58,1,8,4,2.0
1687,2019/1/26 22:30,-1,77,56,1,8,4,2.0
1688,2019/1/26 23:05,-1,81,59,2,8,4,2.0
1689,2019/1/25 1:30,5,66,147,2,8,3,2.0
1690,2019/1/25 2:35,5,68,149,2,8,3,2.0
1691,2019/1/25 3:35,5,65,153,2,8,3,2.0
1692,2019/1/25 4:30,5,69,162,2,8,3,2.0
1693,2019/1/25 20:35,5,82,176,4,8,3,2.0
1694,2019/1/25 21:35,4,64,162,3,8,3,2.0
1695,2019/1/25 22:35,3,63,113,3,8,3,2.0
1696,2019/1/25 23:20,2,64,87,2,8,3,2.0
1697,2019/1/24 1:35,0,93,120,1,8,4,2.0
1698,2019/1/24 2:20,0,84,122,0,8,4,2.0
1699,2019/1/24 3:30,-1,94,129,1,8,4,2.0
1700,2019/1/24 4:35,-2,96,124,1,8,4,2.0
1701,2019/1/24 20:25,5,61,113,1,8,4,2.0
1702,2019/1/24 20:50,5,63,142,2,8,4,2.0
1703,2019/1/24 23:20,2,82,143,1,8,3,2.0
1704,2019/1/23 1:35,-1,94,170,1,8,4,2.0
1705,2019/1/23 2:35,-2,96,166,1,8,4,2.0
1706,2019/1/23 3:35,-2,96,163,1,8,4,2.0
1707,2019/1/23 4:35,-2,97,170,1,8,4,2.0
1708,2019/1/23 20:35,3,80,113,1,8,4,2.0
1709,2019/1/23 21:25,2,86,123,1,8,4,2.0
1710,2019/1/23 22:20,2,73,139,0,8,4,2.0
1711,2019/1/23 23:25,0,91,128,1,8,4,2.0
1712,2019/1/22 1:20,1,63,102,2,8,4,2.0
1713,2019/1/22 2:20,0,70,97,1,8,4,2.0
1714,2019/1/22 3:20,-1,73,92,3,8,4,2.0
1715,2019/1/22 4:20,-1,73,84,2,8,4,2.0
1716,2019/1/22 20:20,2,54,106,1,8,4,2.0
1717,2019/1/22 21:35,0,84,115,1,8,4,2.0
1718,2019/1/22 22:35,0,87,137,0,8,4,2.0
1719,2019/1/22 23:05,0,91,155,0,8,4,2.0
1720,2019/1/21 20:20,1,70,85,2,8,4,2.0
1721,2019/1/21 21:20,1,75,102,1,8,4,2.0
1722,2019/1/21 22:20,0,81,107,1,8,4,2.0
1723,2019/1/21 23:10,0,65,109,1,8,4,2.0
1724,2019/1/16 1:35,-1,65,57,2,8,3,2.0
1725,2019/1/16 2:35,-2,68,61,2,8,3,2.0
1726,2019/1/16 3:35,-3,68,58,2,8,3,2.0
1727,2019/1/16 4:35,-3,68,54,2,8,3,2.0
1728,2019/1/15 1:35,3,96,212,1,8,1,2.0
1729,2019/1/15 2:35,3,97,220,2,8,1,2.0
1730,2019/1/15 3:35,3,97,225,2,8,1,2.0
1731,2019/1/15 4:35,3,97,227,2,8,1,2.0
1732,2019/1/15 20:35,2,55,159,3,8,1,2.0
1733,2019/1/15 21:35,1,58,152,3,8,1,2.0
1734,2019/1/15 22:35,0,61,85,3,8,1,2.0
1735,2019/1/15 23:25,0,60,65,2,8,3,2.0
1736,2019/1/14 1:35,1,99,175,2,8,3,2.0
1737,2019/1/14 2:35,1,99,166,2,8,2,2.0
1738,2019/1/14 3:35,1,99,175,2,8,2,2.0
1739,2019/1/14 4:35,1,99,175,2,8,2,2.0
1740,2019/1/14 20:35,4,93,198,2,8,1,2.0
1741,2019/1/14 21:35,4,93,199,2,8,1,2.0
1742,2019/1/14 22:35,3,93,198,2,8,1,2.0
1743,2019/1/14 23:25,3,94,198,3,8,1,2.0
1744,2019/1/13 1:35,1,99,153,0,8,3,2.0
1745,2019/1/13 2:35,0,99,143,1,8,3,2.0
1746,2019/1/13 3:35,1,99,140,2,8,3,2.0
1747,2019/1/13 4:35,0,99,139,1,8,3,2.0
1748,2019/1/13 20:35,2,95,160,2,8,4,2.0
1749,2019/1/13 21:35,2,94,172,2,8,4,2.0
1750,2019/1/13 22:35,1,96,179,2,8,4,2.0
1751,2019/1/13 23:25,2,98,185,1,8,3,2.0
1752,2019/1/12 1:35,0,99,62,2,8,2,2.0
1753,2019/1/12 2:35,0,99,67,1,8,2,2.0
1754,2019/1/12 3:35,-1,99,68,0,8,2,2.0
1755,2019/1/12 4:35,-1,99,73,0,8,2,2.0
1756,2019/1/12 20:35,1,98,158,2,8,3,2.0
1757,2019/1/12 21:35,1,98,149,1,8,3,2.0
1758,2019/1/12 22:35,0,99,150,1,8,3,2.0
1759,2019/1/12 23:25,0,99,153,1,8,3,2.0
1760,2019/1/11 20:35,2,98,39,2,8,3,2.0
1761,2019/1/11 21:35,2,98,39,1,8,3,2.0
1762,2019/1/11 22:35,2,99,46,1,8,3,2.0
1763,2019/1/11 23:25,2,99,53,1,8,3,2.0
1764,2019/1/10 1:35,0,99,40,1,8,1,2.0
1765,2019/1/10 2:35,0,99,39,1,8,1,2.0
1766,2019/1/10 3:35,0,99,39,1,8,1,2.0
1767,2019/1/10 4:35,0,99,43,1,8,2,2.0
1768,2019/1/9 1:35,0,99,118,2,8,6,1.0
1769,2019/1/9 2:35,0,99,110,2,8,6,1.0
1770,2019/1/9 3:35,0,99,94,3,8,6,1.0
1771,2019/1/9 4:35,0,99,72,3,8,6,1.0
1772,2019/1/9 20:35,0,99,46,2,8,6,1.0
1773,2019/1/9 21:35,0,99,43,2,8,1,1.0
1774,2019/1/9 22:35,0,99,42,2,8,1,1.0
1775,2019/1/9 23:25,0,99,36,1,8,1,1.0
1776,2019/1/8 1:35,2,99,73,2,8,6,1.0
1777,2019/1/8 2:35,2,99,72,2,8,2,1.0
1778,2019/1/8 3:35,2,99,75,3,8,2,1.0
1779,2019/1/8 4:40,2,99,88,2,8,2,1.0
1780,2019/1/8 20:35,3,92,163,2,8,3,1.0
1781,2019/1/8 21:35,3,93,180,0,8,3,1.0
1782,2019/1/8 22:35,2,95,179,1,8,3,1.0
1783,2019/1/8 23:25,2,90,188,2,8,6,1.0
1784,2019/1/7 1:35,2,90,94,2,8,3,1.0
1785,2019/1/7 2:35,2,90,94,2,8,3,1.0
1786,2019/1/7 3:35,2,93,97,2,8,3,1.0
1787,2019/1/7 4:35,2,94,94,2,8,3,1.0
1788,2019/1/7 20:35,2,99,62,2,8,1,1.0
1789,2019/1/7 21:35,2,99,70,2,8,2,1.0
1790,2019/1/7 22:35,2,99,74,2,8,2,1.0
1791,2019/1/7 23:25,2,99,78,2,8,2,1.0
1792,2019/1/6 1:20,1,96,190,2,8,3,1.0
1793,2019/1/6 2:20,1,99,178,3,8,3,1.0
1794,2019/1/6 3:35,1,97,150,1,8,3,1.0
1795,2019/1/6 4:35,1,97,147,2,8,3,1.0
1796,2019/1/6 20:35,2,89,125,1,8,4,1.0
1797,2019/1/6 21:35,2,90,119,2,8,4,1.0
1798,2019/1/6 22:35,2,92,113,1,8,4,1.0
1799,2019/1/6 23:25,2,91,102,1,8,3,1.0
1800,2019/1/5 1:35,2,99,112,3,8,1,1.0
1801,2019/1/5 2:35,2,99,112,2,8,1,1.0
1802,2019/1/5 3:35,2,99,105,2,8,6,1.0
1803,2019/1/5 4:35,2,99,95,2,8,2,1.0
1804,2019/1/5 20:45,1,99,144,1,8,2,1.0
1805,2019/1/5 21:35,1,98,156,2,8,3,1.0
1806,2019/1/5 22:35,1,98,168,2,8,3,1.0
1807,2019/1/5 23:25,1,98,179,2,8,3,1.0
1808,2019/1/4 1:00,4,98,140,1,8,0,1.0
1809,2019/1/4 2:00,4,98,135,0,8,0,1.0
1810,2019/1/4 3:00,4,99,130,1,8,0,1.0
1811,2019/1/4 4:00,3,99,128,1,8,0,1.0
1812,2019/1/4 20:35,3,98,123,2,8,3,1.0
1813,2019/1/4 21:35,3,98,117,2,8,3,1.0
1814,2019/1/4 22:35,2,98,117,2,8,3,1.0
1815,2019/1/4 23:25,2,99,128,2,8,1,1.0
1816,2019/1/3 1:35,1,69,119,1,8,4,1.0
1817,2019/1/3 2:35,1,69,124,1,8,4,1.0
1818,2019/1/3 3:35,1,69,123,1,8,4,1.0
1819,2019/1/3 4:35,1,71,127,1,8,4,1.0
1820,2019/1/3 20:35,5,81,173,2,8,3,1.0
1821,2019/1/3 21:30,5,84,169,2,8,3,1.0
1822,2019/1/3 22:00,5,84,153,2,8,3,1.0
1823,2019/1/3 23:00,4,93,149,2,8,0,1.0
1824,2019/1/2 1:00,0,58,97,2,8,3,1.0
1825,2019/1/2 2:00,0,62,89,1,8,3,1.0
1826,2019/1/2 3:00,0,65,87,2,8,3,1.0
1827,2019/1/2 4:00,0,66,90,2,8,3,1.0
1828,2019/1/2 20:35,2,65,114,2,8,3,1.0
1829,2019/1/2 21:35,2,63,117,1,8,3,1.0
1830,2019/1/2 22:35,2,65,117,0,8,3,1.0
1831,2019/1/2 23:25,2,70,120,1,8,4,1.0
1832,2019/1/1 1:35,0,79,60,2,8,3,1.0
1833,2019/1/1 2:35,0,82,67,0,8,3,1.0
1834,2019/1/1 3:35,0,79,72,2,8,3,1.0
1835,2019/1/1 4:35,0,76,73,1,8,3,1.0
1836,2019/1/1 20:10,0,77,78,2,8,4,1.0
1837,2019/1/1 21:00,0,67,89,2,8,4,1.0
1838,2019/1/1 22:00,0,66,105,2,8,4,1.0
1839,2019/1/1 23:00,0,62,105,2,8,3,1.0
1840,2018/12/31 1:35,-4,92,54,1,5,3,1.0
1841,2018/12/31 2:35,-3,93,50,1,5,4,1.0
1842,2018/12/31 3:35,-3,92,52,1,5,4,1.0
1843,2018/12/31 4:35,-4,90,50,1,5,4,1.0
1844,2018/12/31 20:40,0,77,53,1,7,3,1.0
1845,2018/12/31 21:35,0,76,54,1,3,3,1.0
1846,2018/12/31 22:35,0,78,53,1,3,3,1.0
1847,2018/12/31 23:25,0,76,57,2,3,3,1.0
1848,2018/12/30 1:35,-1,45,54,2,5,5,1.0
1849,2018/12/30 2:35,-1,48,52,2,5,1,1.0
1850,2018/12/30 3:35,-1,48,52,2,0,5,1.0
1851,2018/12/30 4:35,-1,49,52,2,5,5,1.0
1852,2018/12/30 20:35,-2,91,65,1,5,1,1.0
1853,2018/12/30 21:35,-2,90,68,1,5,1,1.0
1854,2018/12/30 22:35,-2,89,67,1,0,1,1.0
1855,2018/12/30 23:25,-3,90,64,0,9,3,1.0
1856,2018/12/29 1:35,-3,47,54,2,5,4,1.0
1857,2018/12/29 2:35,-4,41,56,2,5,4,1.0
1858,2018/12/29 3:35,-4,42,59,2,5,4,1.0
1859,2018/12/29 4:35,-4,45,59,1,5,5,1.0
1860,2018/12/29 20:35,0,43,64,2,5,5,1.0
1861,2018/12/29 21:35,-1,43,59,1,3,5,1.0
1862,2018/12/29 22:35,-1,45,62,2,5,5,1.0
1863,2018/12/29 23:25,0,46,61,2,3,5,1.0
1864,2018/12/28 1:35,0,85,31,3,5,3,1.0
1865,2018/12/28 2:35,0,84,35,3,5,3,1.0
1866,2018/12/28 3:35,0,83,40,2,5,3,1.0
1867,2018/12/28 4:35,0,77,42,3,5,3,1.0
1868,2018/12/28 20:35,-2,41,43,3,5,4,1.0
1869,2018/12/28 21:35,-2,45,45,3,3,4,1.0
1870,2018/12/28 22:35,-2,46,50,2,3,4,1.0
1871,2018/12/28 23:25,-3,46,51,2,5,4,1.0
1872,2018/12/27 1:35,3,92,19,2,5,6,1.0
1873,2018/12/27 2:35,3,92,20,2,5,6,1.0
1874,2018/12/27 3:35,3,92,17,2,5,6,1.0
1875,2018/12/27 4:35,3,92,16,2,0,6,1.0
1876,2018/12/27 20:35,2,79,44,3,5,1,1.0
1877,2018/12/27 21:35,2,82,42,3,5,1,1.0
1878,2018/12/27 22:35,2,82,35,2,5,1,1.0
1879,2018/12/27 23:25,1,83,36,2,5,3,1.0
1880,2018/12/26 1:35,7,94,53,1,3,1,1.0
1881,2018/12/26 2:35,7,94,43,1,3,1,1.0
1882,2018/12/26 3:35,7,95,38,2,3,1,1.0
1883,2018/12/26 4:35,6,95,32,2,5,0,1.0
1884,2018/12/26 4:50,6,95,32,2,5,0,1.0
1885,2018/12/26 20:35,5,93,32,2,5,0,1.0
1886,2018/12/26 21:35,4,92,18,2,5,0,1.0
1887,2018/12/26 22:35,4,92,18,2,5,1,1.0
1888,2018/12/26 23:25,4,91,16,2,5,1,1.0
1889,2018/12/25 1:35,7,92,68,2,5,0,1.0
1890,2018/12/25 2:35,6,94,67,0,9,0,1.0
1891,2018/12/25 3:35,6,94,68,1,5,0,1.0
1892,2018/12/25 4:35,6,94,65,1,3,0,1.0
1893,2018/12/25 20:35,7,94,83,1,5,0,1.0
1894,2018/12/25 21:35,7,94,77,1,5,0,1.0
1895,2018/12/25 22:35,7,93,70,1,3,1,1.0
1896,2018/12/25 23:25,7,93,68,2,7,0,1.0
1897,2018/12/24 1:35,6,66,124,1,5,4,1.0
1898,2018/12/24 2:05,6,64,114,1,5,4,1.0
1899,2018/12/24 3:35,5,67,105,1,0,4,1.0
1900,2018/12/24 4:35,3,78,99,1,5,4,1.0
1901,2018/12/24 20:35,8,75,73,3,0,1,1.0
1902,2018/12/24 21:20,8,74,73,2,0,3,1.0
1903,2018/12/24 22:20,5,91,73,3,2,3,1.0
1904,2018/12/24 23:25,8,79,72,1,0,3,1.0
1905,2018/12/23 1:35,7,91,129,1,5,1,1.0
1906,2018/12/23 2:35,6,92,137,1,5,1,1.0
1907,2018/12/23 3:35,7,89,148,1,7,1,1.0
1908,2018/12/23 4:35,6,88,143,2,7,1,1.0
1909,2018/12/23 20:35,6,84,212,1,0,4,1.0
1910,2018/12/23 21:40,7,64,222,2,0,3,1.0
1911,2018/12/23 22:35,6,64,223,1,3,4,1.0
1912,2018/12/23 23:25,5,73,165,1,3,4,1.0
1913,2018/12/22 1:35,9,94,68,2,5,0,1.0
1914,2018/12/22 2:35,9,95,62,2,5,0,1.0
1915,2018/12/22 3:35,9,95,58,1,3,1,1.0
1916,2018/12/22 4:35,9,95,60,2,5,0,1.0
1917,2018/12/22 20:35,8,96,107,2,5,0,1.0
1918,2018/12/22 21:35,8,96,99,2,3,0,1.0
1919,2018/12/22 22:35,8,95,99,2,5,0,1.0
1920,2018/12/22 23:25,7,93,104,2,3,1,1.0
1921,2018/12/21 1:35,8,96,74,1,3,3,1.0
1922,2018/12/21 2:35,9,95,79,1,5,3,1.0
1923,2018/12/21 3:35,9,96,83,0,9,3,1.0
1924,2018/12/21 4:35,9,95,83,1,3,3,1.0
1925,2018/12/21 20:35,10,89,92,2,5,1,1.0
1926,2018/12/21 21:35,10,90,77,2,5,1,1.0
1927,2018/12/21 22:30,10,91,67,1,5,1,1.0
1928,2018/12/21 23:25,10,91,63,2,5,1,1.0
1929,2018/12/20 1:35,8,97,82,0,9,0,1.0
1930,2018/12/20 2:35,7,98,74,1,0,0,1.0
1931,2018/12/20 3:35,7,98,70,0,9,0,1.0
1932,2018/12/20 4:35,7,98,70,1,0,0,1.0
1933,2018/12/20 20:35,10,91,59,2,0,3,1.0
1934,2018/12/20 21:35,9,92,57,1,0,3,1.0
1935,2018/12/20 22:35,8,94,67,1,0,3,1.0
1936,2018/12/20 23:25,7,96,68,1,5,3,1.0
1937,2018/12/19 2:35,8,69,87,1,5,3,1.0
1938,2018/12/19 4:35,7,76,75,1,0,3,1.0
1939,2018/12/19 20:35,8,95,99,1,1,0,1.0
1940,2018/12/19 21:35,8,96,103,1,6,0,1.0
1941,2018/12/19 22:35,8,96,98,1,7,0,1.0
1942,2018/12/19 23:25,8,97,92,0,9,0,1.0
1943,2018/12/18 2:35,0,94,124,0,9,4,1.0
1944,2018/12/18 4:35,0,95,120,0,9,4,1.0
1945,2018/12/18 21:35,9,67,107,2,2,4,1.0
1946,2018/12/18 23:05,9,70,102,2,4,3,1.0
1947,2018/12/17 2:35,0,89,140,0,9,4,1.0
1948,2018/12/17 4:35,0,94,140,0,9,4,1.0
1949,2018/12/17 21:35,4,87,133,2,4,4,1.0
1950,2018/12/17 23:05,3,88,135,1,4,4,1.0
1951,2018/12/16 2:35,2,82,109,1,1,3,1.0
1952,2018/12/16 4:35,0,90,109,1,6,3,1.0
1953,2018/12/16 21:35,2,88,119,1,1,4,1.0
1954,2018/12/16 23:05,1,91,145,1,1,4,1.0
1955,2018/12/15 2:35,4,78,70,2,5,4,1.0
1956,2018/12/15 4:35,4,83,72,1,5,4,1.0
1957,2018/12/15 21:35,5,82,90,2,1,1,1.0
1958,2018/12/15 23:05,4,81,97,1,1,3,1.0
1959,2018/12/14 2:35,-3,88,115,0,9,4,1.0
1960,2018/12/14 4:35,-3,87,119,0,9,4,1.0
1961,2018/12/14 21:35,4,74,83,1,5,3,1.0
1962,2018/12/14 23:05,4,70,84,2,5,4,1.0
1963,2018/12/13 2:35,-3,94,200,0,9,4,1.0
1964,2018/12/13 4:35,-4,94,192,0,9,4,1.0
1965,2018/12/13 21:35,1,65,142,2,5,4,1.0
1966,2018/12/13 23:05,1,63,139,1,0,4,1.0
1967,2018/12/12 2:35,0,82,205,1,7,3,1.0
1968,2018/12/12 4:35,0,83,203,2,7,3,1.0
1969,2018/12/12 21:35,-2,92,198,0,9,4,1.0
1970,2018/12/12 23:05,-2,93,201,0,9,4,1.0
1971,2018/12/11 2:35,1,97,45,2,7,6,1.0
1972,2018/12/11 4:35,2,97,54,2,1,6,1.0
1973,2018/12/11 21:35,1,74,170,2,3,3,1.0
1974,2018/12/11 23:05,0,80,189,2,7,3,1.0
1975,2018/12/10 2:35,0,96,55,1,5,6,1.0
1976,2018/12/10 4:35,0,96,62,1,5,6,1.0
1977,2018/12/10 21:35,4,96,29,1,3,0,1.0
1978,2018/12/10 23:05,3,97,29,2,7,6,1.0
1979,2018/12/9 1:55,0,57,55,2,5,1,1.0
1980,2018/12/9 4:30,0,54,54,3,0,1,1.0
1981,2018/12/9 21:35,0,94,54,1,5,6,1.0
1982,2018/12/9 23:05,0,95,54,1,3,6,1.0
1983,2018/12/8 2:05,0,67,35,2,5,1,1.0
1984,2018/12/8 4:35,0,64,36,2,5,1,1.0
1985,2018/12/8 21:20,1,53,54,3,5,1,1.0
1986,2018/12/8 23:00,0,53,52,2,5,1,1.0
1987,2018/12/7 2:35,4,88,93,2,5,1,1.0
1988,2018/12/7 4:35,3,81,97,3,5,1,1.0
1989,2018/12/7 21:35,1,70,41,2,5,1,1.0
1990,2018/12/7 23:05,0,69,39,2,5,1,1.0
1991,2018/12/6 2:35,6,94,16,2,5,0,1.0
1992,2018/12/6 4:35,6,91,18,3,3,1,1.0
1993,2018/12/6 21:35,4,87,53,3,5,0,1.0
1994,2018/12/6 23:05,4,89,58,1,5,6,1.0
1995,2018/12/5 2:35,7,77,55,2,0,3,1.0
1996,2018/12/5 4:35,7,78,56,2,0,3,1.0
1997,2018/12/5 21:35,6,95,26,2,5,0,1.0
1998,2018/12/5 23:05,6,95,16,3,5,0,1.0
1999,2018/12/4 2:35,10,92,25,3,7,1,1.0
2000,2018/12/4 4:35,10,93,28,2,3,0,1.0
2001,2018/12/4 21:35,8,75,64,2,5,3,1.0
2002,2018/12/4 23:05,8,77,60,2,0,3,1.0
2003,2018/12/3 2:35,13,94,152,1,7,1,1.0
2004,2018/12/3 4:35,13,96,142,1,6,1,1.0
2005,2018/12/3 21:35,12,96,67,3,7,0,1.0
2006,2018/12/3 23:05,11,94,55,3,7,0,1.0
2007,2018/12/2 2:35,12,90,160,2,2,3,1.0
2008,2018/12/2 4:35,12,91,168,2,4,3,1.0
2009,2018/12/2 21:35,13,95,199,0,9,1,1.0
2010,2018/12/2 23:05,13,94,200,1,7,1,1.0
2011,2018/12/1 2:35,11,91,235,2,7,3,1.0
2012,2018/12/1 4:35,11,91,246,1,7,3,1.0
2013,2018/12/1 21:35,13,82,158,1,4,3,1.0
2014,2018/12/1 23:05,13,85,158,2,4,3,1.0
2015,2018/11/30 2:35,9,94,169,1,0,1,1.0
2017,2018/11/30 21:45,10,91,234,1,3,1,1.0
2018,2018/11/30 23:05,10,91,230,2,7,3,1.0
2019,2018/11/29 2:35,7,94,144,1,5,3,1.0
2020,2018/11/29 4:35,6,96,139,1,0,3,1.0
2021,2018/11/29 21:35,10,88,219,1,5,3,1.0
2022,2018/11/28 2:35,7,96,153,0,9,3,1.0
2023,2018/11/28 4:35,6,97,149,1,7,3,1.0
2024,2018/11/28 21:35,9,92,153,0,9,4,1.0
2025,2018/11/28 23:05,9,91,147,1,5,3,1.0
2026,2018/11/27 2:35,7,97,176,0,9,2,1.0
2027,2018/11/27 4:35,5,97,185,0,9,2,1.0
2028,2018/11/27 21:35,9,93,147,0,9,4,1.0
2029,2018/11/27 23:05,8,94,147,1,1,3,1.0
2030,2018/11/26 4:05,5,96,148,0,9,4,1.0
2031,2018/11/26 4:35,5,96,148,1,3,4,1.0
2032,2018/11/26 21:35,8,90,133,1,4,4,1.0
2033,2018/11/26 23:05,7,92,133,1,0,3,1.0
2034,2018/11/25 2:35,6,94,125,1,6,3,1.0
2035,2018/11/25 4:35,6,95,124,1,1,3,1.0
2036,2018/11/25 21:35,8,89,135,1,3,3,1.0
2037,2018/11/25 23:05,7,92,145,0,9,4,1.0
2038,2018/11/24 2:35,6,92,88,1,6,3,1.0
2039,2018/11/24 4:35,5,94,97,1,6,3,1.0
2040,2018/11/24 21:35,9,86,122,1,7,1,1.0
2041,2018/11/24 23:05,8,91,128,0,9,3,1.0
2042,2018/11/23 2:35,7,80,98,0,9,4,1.0
2043,2018/11/23 4:35,5,90,114,1,0,4,1.0
2044,2018/11/23 21:35,11,74,85,2,4,4,1.0
2045,2018/11/23 23:05,11,73,88,2,2,3,1.0
2046,2018/11/22 2:35,8,74,169,2,3,3,1.0
2047,2018/11/22 4:35,4,87,160,1,1,3,1.0
2048,2018/11/22 23:05,9,60,90,2,4,4,1.0
2049,2018/11/21 2:35,11,91,107,1,3,1,1.0
2050,2018/11/21 4:35,11,88,132,1,7,1,1.0
2051,2018/11/21 21:35,10,79,213,2,7,3,1.0
2052,2018/11/21 23:05,10,81,207,2,7,3,1.0
2053,2018/11/20 2:35,7,92,68,2,0,3,1.0
2054,2018/11/20 4:35,7,94,95,0,9,3,1.0
2055,2018/11/20 21:35,12,80,72,1,4,1,1.0
2056,2018/11/20 23:05,12,86,78,1,7,1,1.0
2057,2018/11/19 2:35,8,82,42,2,7,3,1.0
2058,2018/11/19 4:35,8,78,39,2,3,3,1.0
2059,2018/11/19 21:35,8,89,78,1,0,3,1.0
2060,2018/11/19 23:05,6,94,69,1,0,3,1.0
2061,2018/11/18 2:35,7,95,38,2,5,0,1.0
2062,2018/11/18 4:35,7,96,43,2,5,0,1.0
2063,2018/11/18 21:35,8,91,53,1,7,1,1.0
2064,2018/11/18 23:05,8,90,58,1,1,3,1.0
2065,2018/11/17 2:35,9,76,50,2,5,3,1.0
2066,2018/11/17 4:35,9,74,30,2,5,3,1.0
2067,2018/11/17 21:35,8,95,32,2,5,0,1.0
2068,2018/11/17 23:05,8,95,29,2,3,0,1.0
2069,2018/11/16 2:35,11,94,39,2,3,0,1.0
2070,2018/11/16 4:35,11,94,45,1,3,0,1.0
2071,2018/11/16 21:35,10,82,67,2,0,3,1.0
2072,2018/11/16 23:05,10,80,65,2,5,3,1.0
2073,2018/11/15 2:35,13,80,67,1,5,1,1.0
2074,2018/11/15 4:35,13,84,79,2,5,1,1.0
2075,2018/11/15 21:35,12,93,39,2,5,0,1.0
2076,2018/11/15 23:05,11,95,36,2,5,0,1.0
2077,2018/11/14 2:35,11,72,63,2,0,3,1.0
2078,2018/11/14 4:35,12,74,68,1,0,3,1.0
2079,2018/11/14 21:35,13,81,60,1,0,1,1.0
2080,2018/11/14 23:05,13,82,62,1,5,1,1.0
2081,2018/11/13 2:35,9,93,53,0,9,3,1.0
2082,2018/11/13 4:35,8,95,62,1,5,3,1.0
2083,2018/11/13 21:35,11,73,69,1,0,1,1.0
2084,2018/11/13 23:05,12,70,65,2,0,3,1.0
2085,2018/11/12 2:35,10,91,53,1,7,3,1.0
2086,2018/11/12 4:35,9,96,62,1,5,3,1.0
2087,2018/11/12 21:35,14,72,53,2,5,1,1.0
2088,2018/11/12 23:05,13,76,51,2,5,3,1.0
2089,2018/11/11 2:35,13,90,93,2,3,1,1.0
2090,2018/11/11 4:35,12,91,88,1,1,1,1.0
2091,2018/11/11 21:35,12,84,52,2,5,1,1.0
2092,2018/11/11 23:05,12,85,49,1,3,3,1.0
2093,2018/11/10 2:35,8,91,50,0,9,3,1.0
2094,2018/11/10 4:35,8,93,55,1,0,3,1.0
2095,2018/11/10 21:35,13,93,97,1,6,3,1.0
2096,2018/11/10 23:05,13,91,103,1,5,3,1.0
2097,2018/11/9 2:35,4,96,51,0,9,4,1.0
2098,2018/11/9 4:35,3,97,51,0,9,4,1.0
2099,2018/11/9 21:35,8,88,61,1,4,4,1.0
2100,2018/11/9 23:05,8,92,58,2,4,3,1.0
2101,2018/11/8 2:35,8,93,12,2,7,1,1.0
2102,2018/11/8 4:35,8,95,11,2,1,0,1.0
2103,2018/11/8 21:35,6,93,52,1,6,4,1.0
2104,2018/11/8 23:05,5,94,50,1,2,4,1.0
2105,2018/11/7 2:35,9,94,15,3,3,1,1.0
2106,2018/11/7 4:35,9,95,15,4,7,1,1.0
2107,2018/11/7 21:35,9,95,17,2,7,1,1.0
2108,2018/11/7 23:05,9,96,16,2,7,0,1.0
2109,2018/11/6 2:35,15,89,58,2,0,1,1.0
2110,2018/11/6 4:35,14,95,53,2,5,1,1.0
2111,2018/11/6 21:35,9,92,14,3,5,1,1.0
2112,2018/11/6 23:05,9,93,15,3,3,1,1.0
2113,2018/11/5 2:30,17,86,70,1,0,3,1.0
2114,2018/11/5 4:35,18,83,70,2,5,3,1.0
2115,2018/11/5 21:35,16,85,58,2,0,1,1.0
2116,2018/11/5 23:00,16,85,60,2,5,1,1.0
2117,2018/11/4 2:35,12,96,73,1,0,3,1.0
2118,2018/11/4 4:20,13,96,77,1,0,3,1.0
2119,2018/11/4 21:35,20,74,67,2,0,3,1.0
2120,2018/11/4 23:05,19,78,73,1,5,3,1.0
2121,2018/11/3 2:30,13,73,54,2,0,3,1.0
2122,2018/11/3 4:20,12,79,58,1,0,3,1.0
2123,2018/11/3 21:20,16,85,62,2,0,4,1.0
2124,2018/11/3 23:00,15,90,68,2,0,4,1.0
2125,2018/11/2 2:35,12,68,72,2,0,4,1.0
2126,2018/11/2 4:30,11,69,68,2,0,4,1.0
2127,2018/11/2 21:35,14,64,55,2,0,4,1.0
2128,2018/11/2 23:05,14,66,54,1,0,3,1.0
2129,2018/11/1 2:35,10,76,65,1,0,4,1.0
2130,2018/11/1 4:35,9,83,68,1,0,4,1.0
2131,2018/11/1 21:20,13,62,74,1,0,3,1.0
2132,2018/11/1 23:00,12,64,70,1,0,3,1.0
2133,2018/10/31 2:35,11,86,55,0,9,3,1.0
2134,2018/10/31 4:30,10,92,58,1,4,3,1.0
2135,2018/10/31 21:30,15,61,67,2,0,4,1.0
2136,2018/10/31 23:00,13,68,67,1,0,4,1.0
2137,2018/10/30 2:35,9,79,101,1,6,4,1.0
2138,2018/10/30 4:35,8,85,82,1,1,4,1.0
2139,2018/10/30 21:35,17,59,103,2,5,1,1.0
2140,2018/10/30 23:10,16,68,105,2,5,3,1.0
2141,2018/10/29 2:35,9,77,75,1,1,4,1.0
2142,2018/10/29 4:35,9,76,61,1,6,4,1.0
2143,2018/10/29 21:35,12,65,116,1,5,4,1.0
2144,2018/10/29 23:05,11,74,117,1,0,4,1.0
2145,2018/10/28 2:35,6,83,66,1,1,4,1.0
2146,2018/10/28 4:35,6,83,60,1,6,4,1.0
2147,2018/10/28 21:25,12,57,69,1,1,4,1.0
2148,2018/10/28 23:00,11,64,66,1,1,4,1.0
2149,2018/10/27 2:30,7,86,75,1,4,4,1.0
2150,2018/10/27 4:30,6,84,73,1,2,4,1.0
2151,2018/10/27 21:35,9,75,78,1,1,4,1.0
2152,2018/10/27 23:05,8,73,78,1,1,4,1.0
2153,2018/10/26 2:35,17,92,78,2,7,1,1.0
2154,2018/10/26 4:35,16,86,57,2,7,1,1.0
2155,2018/10/26 21:30,9,72,86,1,7,4,1.0
2156,2018/10/26 23:05,8,78,93,1,7,4,1.0
2157,2018/10/25 2:30,16,85,112,1,2,3,1.0
2158,2018/10/25 4:30,16,89,127,1,0,0,1.0
2159,2018/10/25 21:30,17,96,99,1,1,1,1.0
2160,2018/10/25 23:05,17,96,105,1,1,1,1.0
2161,2018/10/24 2:40,15,91,89,1,2,3,1.0
2162,2018/10/24 4:35,13,94,89,1,3,3,1.0
2163,2018/10/24 21:35,17,72,81,1,4,4,1.0
2164,2018/10/24 23:05,16,77,81,2,0,3,1.0
2165,2018/10/23 2:40,11,97,57,1,1,3,1.0
2166,2018/10/23 4:40,10,97,60,1,6,3,1.0
2167,2018/10/23 21:35,16,84,77,0,9,3,1.0
2168,2018/10/23 23:05,15,88,75,1,4,3,1.0
2169,2018/10/22 2:40,15,93,42,1,5,0,1.0
2170,2018/10/22 4:40,14,95,52,2,3,0,1.0
2171,2018/10/22 21:40,13,94,58,1,7,1,1.0
2172,2018/10/22 23:10,12,96,59,0,9,3,1.0
2173,2018/10/21 2:40,16,73,58,2,0,1,1.0
2174,2018/10/21 4:40,16,76,59,2,0,1,1.0
2175,2018/10/21 21:35,16,94,57,1,1,1,1.0
2176,2018/10/21 23:10,16,94,59,1,1,0,1.0
2177,2018/10/20 2:40,14,66,55,2,0,1,1.0
2178,2018/10/20 4:45,14,72,53,1,0,1,1.0
2179,2018/10/20 21:40,17,70,67,1,5,1,1.0
2180,2018/10/20 23:05,16,72,65,1,0,1,1.0
2181,2018/10/19 2:40,12,66,53,1,0,3,1.0
2182,2018/10/19 4:35,12,67,53,2,0,3,1.0
2183,2018/10/19 21:40,15,57,55,2,0,1,1.0
2184,2018/10/19 23:10,15,59,52,2,5,1,1.0
2185,2018/10/18 2:40,14,83,53,2,5,3,1.0
2186,2018/10/18 4:35,13,77,53,2,5,3,1.0
2187,2018/10/18 21:40,14,54,53,3,0,1,1.0
2188,2018/10/18 23:10,14,55,53,2,0,3,1.0
2189,2018/10/17 2:40,12,96,53,1,1,3,1.0
2190,2018/10/17 4:40,12,96,53,1,6,3,1.0
2191,2018/10/17 21:40,14,74,53,1,5,4,1.0
2192,2018/10/17 23:10,16,75,53,3,5,3,1.0
2193,2018/10/16 2:40,13,95,36,0,9,3,1.0
2194,2018/10/16 4:40,12,95,43,1,7,3,1.0
2195,2018/10/16 21:35,14,92,53,1,7,3,1.0
2196,2018/10/16 23:10,13,93,53,1,5,3,1.0
2197,2018/10/15 2:40,16,85,59,1,5,3,1.0
2198,2018/10/15 4:35,16,83,65,2,0,3,1.0
2199,2018/10/15 21:35,14,90,36,1,0,0,1.0
2200,2018/10/15 23:10,14,94,28,1,3,0,1.0
2201,2018/10/14 2:40,16,68,63,2,5,1,1.0
2202,2018/10/14 4:40,15,74,66,0,9,1,1.0
2203,2018/10/14 21:40,16,90,72,1,0,1,1.0
2204,2018/10/14 23:10,17,83,77,1,0,3,1.0
2205,2018/10/13 2:40,10,75,63,1,3,4,1.0
2206,2018/10/13 4:40,9,82,58,1,5,4,1.0
2207,2018/10/13 21:35,18,60,62,2,0,1,1.0
2208,2018/10/13 23:10,17,63,59,1,0,1,1.0
2209,2018/10/12 2:40,10,83,69,0,9,3,1.0
2210,2018/10/12 4:40,10,84,68,1,1,3,1.0
2211,2018/10/12 21:40,12,60,66,1,0,4,1.0
2212,2018/10/12 23:05,10,71,65,0,9,4,1.0
2213,2018/10/11 2:40,7,80,50,0,9,4,1.0
2214,2018/10/11 4:45,6,87,53,0,9,4,1.0
2215,2018/10/11 21:40,11,72,76,1,0,4,1.0
2216,2018/10/11 23:10,11,72,80,1,5,3,1.0
2217,2018/10/10 2:40,16,68,71,2,5,3,1.0
2218,2018/10/10 4:40,14,65,68,2,5,3,1.0
2219,2018/10/10 21:40,12,54,59,1,0,4,1.0
2220,2018/10/10 23:15,13,49,60,2,0,4,1.0
2221,2018/10/9 2:30,19,93,82,1,6,1,1.0
2222,2018/10/9 4:30,18,92,85,1,6,3,1.0
2223,2018/10/9 21:40,19,49,119,4,3,1,1.0
2224,2018/10/9 23:10,18,53,104,3,3,3,1.0
2225,2018/10/8 21:30,20,82,86,1,0,1,1.0
2226,2018/10/8 23:00,20,84,79,1,4,1,1.0
2227,2018/10/6 2:45,13,91,77,1,6,4,1.0
2228,2018/10/6 4:45,12,94,80,0,9,4,1.0
2229,2018/10/5 2:40,13,85,61,2,3,4,1.0
2230,2018/10/5 4:40,13,89,63,1,3,4,1.0
2231,2018/10/5 21:40,16,80,75,0,9,4,1.0
2232,2018/10/5 23:15,15,84,79,1,1,4,1.0
2233,2018/10/4 2:30,15,84,58,1,4,4,1.0
2234,2018/10/4 4:30,14,88,56,1,0,4,1.0
2235,2018/10/4 21:45,17,65,72,1,5,4,1.0
2236,2018/10/4 23:15,15,78,68,1,3,4,1.0
2237,2018/10/3 2:30,14,85,87,1,2,1,1.0
2238,2018/10/3 4:30,13,89,79,1,6,1,1.0
2239,2018/10/3 21:30,17,75,77,1,0,4,1.0
2240,2018/10/3 23:00,16,77,71,1,0,4,1.0
2241,2018/10/2 2:30,14,84,69,1,6,4,1.0
2242,2018/10/2 4:30,14,86,58,1,6,4,1.0
2243,2018/10/2 21:30,17,75,76,1,2,4,1.0
2244,2018/10/2 23:00,16,80,80,1,2,4,1.0
2245,2018/10/1 2:30,15,73,73,0,9,4,1.0
2246,2018/10/1 4:45,13,85,94,1,6,4,1.0
2247,2018/10/1 23:00,14,80,67,1,6,3,1.0
2248,2018/9/30 2:15,15,92,91,0,9,4,1.0
2249,2018/9/30 4:30,14,94,89,1,2,3,1.0
2250,2018/9/30 21:25,22,39,62,2,3,4,1.0
2251,2018/9/30 23:20,21,37,67,2,2,4,1.0
2252,2018/9/29 2:15,16,95,87,1,7,3,1.0
2253,2018/9/29 4:25,16,96,64,0,9,3,1.0
2254,2018/9/29 21:45,17,83,83,1,1,4,1.0
2255,2018/9/29 23:20,16,88,89,1,7,4,1.0
2256,2018/9/28 2:30,20,86,46,1,1,3,1.0
2257,2018/9/28 4:30,19,90,48,1,6,3,1.0
2258,2018/9/28 21:35,18,92,68,0,9,3,1.0
2259,2018/9/28 22:25,18,93,72,1,7,3,1.0
2260,2018/9/27 2:00,17,80,28,1,3,3,1.0
2261,2018/9/27 4:20,16,93,26,1,6,4,1.0
2262,2018/9/27 21:20,22,65,57,2,5,3,1.0
2263,2018/9/27 23:00,21,84,57,1,4,1,1.0
2264,2018/9/26 2:20,19,80,31,2,5,1,1.0
2265,2018/9/26 4:25,19,80,38,2,5,1,1.0
2266,2018/9/26 21:45,20,72,48,2,5,4,1.0
2267,2018/9/26 23:05,19,73,42,2,5,3,1.0
2268,2018/9/25 2:45,20,72,62,2,0,3,1.0
2269,2018/9/25 4:45,20,73,62,2,0,3,1.0
2270,2018/9/25 21:30,19,85,37,2,0,0,1.0
2271,2018/9/25 23:10,19,83,28,2,5,1,1.0
2272,2018/9/24 2:45,17,94,70,1,5,4,1.0
2273,2018/9/24 4:45,16,94,66,1,0,4,1.0
2274,2018/9/24 21:40,23,61,62,3,0,3,1.0
2275,2018/9/24 23:15,22,68,62,3,0,3,1.0
2276,2018/9/23 2:30,20,93,75,1,2,1,1.0
2277,2018/9/23 4:30,19,93,79,1,6,1,1.0
2278,2018/9/23 21:40,19,87,70,1,3,4,1.0
2279,2018/9/23 23:10,18,90,69,1,5,4,1.0
2280,2018/9/22 2:30,21,97,60,1,2,3,1.0
2281,2018/9/22 4:30,20,97,60,1,6,1,1.0
2282,2018/9/22 21:30,21,92,56,1,6,1,1.0
2283,2018/9/22 23:00,21,92,56,1,6,1,1.0
2284,2018/9/21 2:45,21,91,45,2,7,1,1.0
2285,2018/9/21 4:30,20,95,53,2,7,0,1.0
2286,2018/9/21 21:00,21,92,53,1,5,3,1.0
2287,2018/9/21 23:00,22,96,63,1,2,3,1.0
2288,2018/9/20 2:30,25,97,33,1,1,3,1.0
2289,2018/9/20 4:30,25,98,28,1,7,1,1.0
2290,2018/9/20 21:30,21,95,38,1,1,1,1.0
2291,2018/9/20 23:10,21,90,39,1,7,1,1.0
2292,2018/9/19 2:30,24,97,62,1,2,1,1.0
2293,2018/9/19 4:30,24,97,35,1,2,1,1.0
2294,2018/9/19 21:30,26,93,43,1,4,3,1.0
2295,2018/9/19 23:00,26,96,39,1,2,3,1.0
2296,2018/9/18 2:30,23,97,30,1,5,3,1.0
2297,2018/9/18 4:30,23,97,39,1,0,1,1.0
2298,2018/9/18 21:30,26,93,57,1,4,3,1.0
2299,2018/9/18 23:00,26,94,56,1,2,3,1.0
2300,2018/9/17 2:35,22,97,30,2,3,0,1.0
2301,2018/9/17 4:35,22,96,22,1,5,0,1.0
2302,2018/9/17 21:30,23,96,33,2,5,1,1.0
2303,2018/9/17 23:00,23,96,33,2,0,1,1.0
2304,2018/9/16 2:30,24,91,42,1,1,3,1.0
2305,2018/9/16 4:30,23,91,51,2,0,4,1.0
2306,2018/9/16 21:05,22,93,52,2,5,3,1.0
2307,2018/9/16 23:00,23,95,42,2,1,0,1.0
2308,2018/9/15 2:30,22,96,59,1,6,3,1.0
2309,2018/9/15 4:30,22,96,59,1,2,4,1.0
2310,2018/9/15 21:25,26,74,59,2,5,3,1.0
2311,2018/9/15 22:50,25,76,54,2,5,3,1.0
2312,2018/9/14 2:30,22,96,36,1,4,3,1.0
2313,2018/9/14 4:30,22,97,41,1,6,3,1.0
2314,2018/9/14 21:30,24,92,51,1,2,4,1.0
2315,2018/9/14 23:00,23,95,51,1,6,4,1.0
2316,2018/9/13 2:30,22,95,26,1,4,1,1.0
2317,2018/9/13 4:30,22,96,28,2,5,1,1.0
2318,2018/9/13 21:30,22,94,36,1,0,3,1.0
2319,2018/9/13 23:00,22,95,33,1,6,3,1.0
2320,2018/9/12 2:30,21,92,65,1,0,3,1.0
2321,2018/9/12 4:30,20,94,68,1,4,1,1.0
2322,2018/9/12 20:55,22,92,42,2,5,1,1.0
2323,2018/9/12 23:00,23,94,40,1,0,1,1.0
2324,2018/9/11 2:30,20,85,53,1,5,4,1.0
2325,2018/9/11 4:30,20,88,50,1,0,4,1.0
2326,2018/9/11 21:30,22,85,70,1,0,1,1.0
2327,2018/9/11 23:00,22,90,67,1,0,1,1.0
2328,2018/9/10 2:40,20,83,56,1,4,1,1.0
2329,2018/9/10 4:30,20,84,53,1,4,1,1.0
2330,2018/9/10 21:30,21,78,54,1,0,4,1.0
2331,2018/9/10 23:00,21,81,53,1,5,4,1.0
2332,2018/9/9 2:40,18,91,59,1,6,4,1.0
2333,2018/9/9 4:30,18,92,60,1,6,4,1.0
2334,2018/9/9 21:35,22,60,60,2,0,4,1.0
2335,2018/9/9 23:15,21,65,58,2,5,3,1.0
2336,2018/9/8 2:30,19,90,58,1,6,4,1.0
2337,2018/9/8 4:30,18,96,60,1,1,4,1.0
2338,2018/9/8 21:30,20,80,73,1,2,4,1.0
2339,2018/9/8 23:00,20,84,68,1,4,4,1.0
2340,2018/9/7 2:30,23,96,59,1,6,1,1.0
2341,2018/9/7 4:40,23,85,52,2,7,1,1.0
2342,2018/9/7 21:30,21,84,70,1,6,3,1.0
2343,2018/9/7 23:00,20,85,70,1,1,3,1.0
2344,2018/9/6 2:30,23,87,61,1,0,3,1.0
2345,2018/9/6 4:30,23,90,62,1,4,1,1.0
2346,2018/9/6 21:45,22,94,57,1,1,1,1.0
2347,2018/9/6 23:15,22,95,54,1,6,1,1.0
2348,2018/9/5 2:30,23,92,74,1,4,4,1.0
2349,2018/9/5 4:30,22,92,68,1,2,3,1.0
2350,2018/9/5 21:30,26,74,55,1,5,3,1.0
2351,2018/9/5 22:35,25,61,54,1,0,3,1.0
2352,2018/9/4 2:40,25,81,64,1,7,4,1.0
2353,2018/9/4 4:30,23,93,65,1,1,4,1.0
2354,2018/9/4 21:30,24,78,70,3,2,4,1.0
2355,2018/9/4 23:00,24,78,71,3,2,4,1.0
2356,2018/9/3 2:30,27,96,24,1,6,3,1.0
2357,2018/9/3 4:30,26,96,23,1,6,3,1.0
2358,2018/9/3 21:30,27,86,72,1,1,3,1.0
2359,2018/9/3 23:00,26,87,72,2,1,3,1.0
2360,2018/9/2 2:30,26,95,32,1,0,4,1.0
2361,2018/9/2 4:40,25,91,37,2,0,3,1.0
2362,2018/9/2 21:30,27,92,32,1,6,3,1.0
2363,2018/9/2 23:00,27,95,32,1,2,3,1.0
2364,2018/9/1 2:35,26,93,41,1,4,1,1.0
2365,2018/9/1 4:30,25,96,44,1,0,3,1.0
2366,2018/9/1 21:40,26,89,42,2,0,3,1.0
2367,2018/9/1 23:00,26,95,39,1,0,3,1.0
2368,2018/8/31 2:45,28,84,54,0,9,3,1.0
2369,2018/8/31 4:45,27,88,56,1,4,3,1.0
2370,2018/8/31 21:40,26,89,34,2,4,1,1.0
2371,2018/8/31 23:15,26,91,37,1,5,1,1.0
2372,2018/8/30 2:45,27,85,59,1,0,4,1.0
2373,2018/8/30 4:45,27,89,59,1,4,4,1.0
2374,2018/8/30 21:45,30,76,66,2,4,3,1.0
2375,2018/8/30 23:10,29,80,65,1,4,3,1.0
2376,2018/8/29 2:45,27,88,54,1,0,4,1.0
2377,2018/8/29 4:45,26,91,51,1,0,4,1.0
2378,2018/8/29 21:40,29,76,67,2,0,4,1.0
2379,2018/8/29 23:10,28,80,63,2,0,4,1.0
2380,2018/8/28 2:35,26,92,40,2,5,4,1.0
2381,2018/8/28 4:45,26,94,45,1,5,4,1.0
2382,2018/8/28 21:45,29,79,62,1,0,4,1.0
2383,2018/8/28 23:15,29,81,55,2,0,4,1.0
2384,2018/8/27 2:40,26,85,45,1,5,3,1.0
2385,2018/8/27 4:30,24,96,45,1,2,1,1.0
2386,2018/8/27 21:45,27,87,45,2,5,3,1.0
2387,2018/8/27 23:15,26,89,42,2,5,4,1.0
2388,2018/8/26 2:40,24,84,45,2,5,3,1.0
2389,2018/8/26 4:30,24,80,45,2,5,3,1.0
2390,2018/8/26 21:45,26,84,45,2,5,3,1.0
2391,2018/8/26 23:15,26,85,45,2,5,3,1.0
2392,2018/8/25 2:40,23,83,56,1,5,4,1.0
2393,2018/8/25 4:45,23,84,59,2,5,4,1.0
2394,2018/8/25 21:40,27,72,45,2,0,3,1.0
2395,2018/8/25 23:15,26,76,45,2,0,3,1.0
2396,2018/8/24 2:15,21,94,55,1,1,4,1.0
2397,2018/8/24 4:25,22,86,55,1,7,4,1.0
2398,2018/8/24 21:40,25,67,54,2,5,4,1.0
2399,2018/8/24 23:10,24,74,58,1,5,4,1.0
2400,2018/8/23 2:30,24,92,30,1,1,3,1.0
2401,2018/8/23 4:30,24,94,34,1,1,3,1.0
2402,2018/8/23 21:45,23,86,55,1,1,4,1.0
2403,2018/8/23 23:15,22,90,55,1,6,4,1.0
2404,2018/8/22 2:30,25,94,22,1,5,1,1.0
2405,2018/8/22 4:30,25,95,26,1,5,1,1.0
2406,2018/8/22 21:30,26,88,44,1,4,1,1.0
2407,2018/8/22 23:00,25,92,44,1,2,1,1.0
2408,2018/8/21 2:30,25,95,23,1,1,3,1.0
2409,2018/8/21 4:30,25,95,30,1,1,3,1.0
2410,2018/8/21 21:30,26,87,47,1,5,3,1.0
2411,2018/8/21 23:00,26,91,38,2,5,3,1.0
2412,2018/8/20 2:45,25,86,25,2,7,3,1.0
2413,2018/8/20 4:45,25,85,25,1,7,3,1.0
2414,2018/8/20 21:30,25,91,32,1,1,3,1.0
2415,2018/8/20 23:00,25,94,31,1,6,3,1.0
2416,2018/8/19 2:40,25,89,25,3,2,3,1.0
2417,2018/8/19 4:45,25,91,25,3,4,3,1.0
2418,2018/8/19 21:45,27,94,25,1,4,3,1.0
2419,2018/8/19 23:15,26,95,25,0,9,3,1.0
2420,2018/8/18 2:30,25,94,15,4,0,0,1.0
2421,2018/8/18 4:30,25,94,19,3,2,1,1.0
2422,2018/8/18 21:45,26,84,25,2,2,1,1.0
2423,2018/8/18 23:15,26,84,25,3,2,3,1.0
2424,2018/8/17 2:45,26,88,33,3,3,3,1.0
2425,2018/8/17 4:45,25,96,26,2,3,0,1.0
2426,2018/8/17 21:45,25,98,19,4,4,0,1.0
2427,2018/8/17 23:10,25,98,17,2,4,0,1.0
2428,2018/8/16 2:30,27,92,42,1,6,1,1.0
2429,2018/8/16 4:30,27,95,42,1,5,1,1.0
2430,2018/8/16 21:45,25,93,18,2,7,0,1.0
2431,2018/8/16 23:15,26,91,27,3,3,0,1.0
2432,2018/8/15 2:30,28,93,39,1,0,4,0.0
2433,2018/8/15 4:30,27,95,35,1,0,4,0.0
2434,2018/8/15 21:30,30,86,42,2,2,1,1.0
2435,2018/8/15 23:00,29,88,42,2,0,1,1.0
2436,2018/8/14 2:30,26,96,32,1,4,3,1.0
2437,2018/8/14 4:30,26,97,32,1,0,4,1.0
2438,2018/8/14 21:30,29,85,52,1,0,4,0.0
2440,2018/8/13 2:30,26,95,26,2,5,1,0.0
2441,2018/8/13 4:30,26,96,22,2,5,1,0.0
2442,2018/8/13 21:30,27,95,27,1,2,3,1.0
2443,2018/8/13 23:00,27,95,28,1,4,3,1.0
2444,2018/8/12 2:30,27,89,54,1,0,4,0.0
2445,2018/8/12 4:30,27,89,53,1,0,4,0.0
2446,2018/8/12 21:30,28,86,56,1,0,3,0.0
2447,2018/8/12 23:00,27,93,56,2,5,3,0.0
2448,2018/8/11 2:30,27,91,83,1,4,3,0.0
2449,2018/8/11 4:30,26,93,82,1,4,4,0.0
2450,2018/8/11 21:30,29,83,64,1,0,4,0.0
2451,2018/8/11 23:00,29,84,55,2,0,4,0.0
2452,2018/8/10 2:30,26,91,74,1,4,4,1.0
2453,2018/8/10 4:30,26,93,82,1,6,4,1.0
2454,2018/8/10 21:30,29,82,70,1,4,4,0.0
2455,2018/8/10 23:00,28,86,77,1,2,4,0.0
2457,2018/8/9 23:00,29,87,69,1,2,4,1.0
