temperature,humidity,winp,weather,shebei2_huilu1,shebei3_huilu1,shebei4_huilu1,shebei1_huilu2,shebei3_huilu1,shebei4_huilu1,shebei5_huilu1,shebei5_huilu2
15℃,100%,2级,雨,28,41,24,43,41,24,378,362
15℃,100%,3级,雨,28,41,24,43,41,24,378,362
15℃,100%,3级,雨,29,42,24,44,42,24,384,358
15℃,100%,4级,雨,29,43,24,47,43,24,230,403
15℃,100%,2级,雨,32,43,24,47,43,24,230,403
15℃,100%,3级,阴,40,50,25,116,50,25,257,390
15℃,100%,3级,雨,40,50,25,116,50,25,257,390
14℃,100%,2级,雨,12,50,25,138,50,25,276,352
15℃,100%,2级,雨,12,50,26,177,50,26,501,1645
14℃,100%,2级,雨,11,53,25,73,53,25,448,1311
14℃,100%,2级,雨,11,53,25,73,53,25,448,1311
14℃,100%,2级,雨,11,52,25,58,52,25,225,832
14℃,100%,1级,雨,11,52,25,58,52,25,225,832
14℃,100%,0级,阴,11,0,25,64,0,25,215,757
14℃,100%,2级,阴,0,0,0,0,0,0,0,0
14℃,100%,2级,阴,0,0,0,0,0,0,0,0
14℃,100%,0级,阴,0,0,0,0,0,0,0,0
15℃,100%,0级,阴,0,0,0,0,0,0,0,0
15℃,100%,0级,阴,0,0,0,0,0,0,0,0
16℃,100%,1级,阴,0,0,0,0,0,0,0,0
16℃,95%,0级,阴,0,0,0,0,0,0,0,0
17℃,92%,2级,阴,0,0,0,0,0,0,0,0
18℃,84%,1级,阴,0,0,0,0,0,0,0,0
17℃,88%,0级,阴,0,0,0,0,0,0,0,0
17℃,88%,0级,阴,0,0,0,0,0,0,0,0
17℃,91%,2级,阴,0,0,0,0,0,0,0,0
17℃,94%,2级,阴,0,0,0,0,0,0,0,0
17℃,93%,2级,阴,0,0,0,0,0,0,0,0
17℃,90%,2级,阴,0,0,0,0,0,0,0,0
18℃,84%,1级,阴,0,0,0,0,0,0,0,0
19℃,78%,0级,阴,0,0,0,0,0,0,0,0
18℃,84%,0级,阴,0,0,0,0,0,0,0,0
18℃,87%,2级,阴,0,0,0,0,0,0,0,0
18℃,88%,2级,阴,0,0,0,0,0,0,0,0
17℃,87%,2级,阴,0,0,0,0,0,0,0,0
17℃,89%,2级,阴,0,0,0,0,0,0,0,0
17℃,91%,2级,阴,0,0,0,0,0,0,0,0
16℃,92%,3级,阴,0,0,0,0,0,0,0,0
16℃,93%,2级,阴,13,46,23,75,46,23,401,876
16℃,97%,3级,阴,12,44,23,67,44,23,296,506
15℃,100%,2级,雨,12,44,23,67,44,23,296,506
15℃,100%,2级,雨,12,42,23,64,42,23,326,482
15℃,100%,1级,雨,11,43,23,0,43,23,333,496
15℃,100%,1级,雨,11,43,23,0,43,23,333,496
15℃,100%,0级,雨,11,42,24,84,42,24,342,482
15℃,100%,0级,阴,11,41,24,66,41,24,374,481
15℃,100%,0级,雨,11,41,24,66,41,24,374,481
15℃,100%,2级,阴,10,44,24,62,44,24,360,485
15℃,100%,2级,阴,12,44,23,62,44,23,360,485
15℃,100%,0级,阴,12,43,24,62,43,24,359,503
15℃,100%,0级,雨,11,45,24,62,45,24,359,503
15℃,100%,1级,雨,11,45,24,62,45,24,250,450
15℃,100%,1级,阴,11,45,24,61,45,24,256,464
15℃,100%,1级,阴,10,46,24,59,46,24,260,419
15℃,100%,0级,阴,10,46,24,59,46,24,260,419
15℃,100%,0级,阴,11,48,23,61,48,23,262,413
15℃,100%,0级,阴,11,53,23,58,53,23,262,413
15℃,100%,0级,阴,11,53,23,58,53,23,256,413
15℃,100%,2级,阴,12,50,23,55,50,23,258,409
15℃,100%,2级,雨,12,50,23,55,50,23,258,409
15℃,100%,2级,雾,12,52,23,59,52,23,259,414
15℃,100%,1级,阴,0,0,0,0,0,0,0,0
15℃,100%,1级,雨,0,0,0,0,0,0,0,0
15℃,100%,2级,雨,0,0,0,0,0,0,0,0
15℃,100%,2级,雨,0,0,0,0,0,0,0,0
15℃,100%,2级,雨,0,0,0,0,0,0,0,0
15℃,100%,1级,雾,0,0,0,0,0,0,0,0
16℃,100%,0级,雨,0,0,0,0,0,0,0,0
16℃,100%,0级,阴,0,0,0,0,0,0,0,0
16℃,100%,0级,阴,0,0,0,0,0,0,0,0
16℃,100%,0级,雨,0,0,0,0,0,0,0,0
17℃,100%,0级,雨,0,0,0,0,0,0,0,0
17℃,100%,0级,阴,0,0,0,0,0,0,0,0
17℃,100%,0级,阴,0,0,0,0,0,0,0,0
17℃,100%,0级,阴,0,0,0,0,0,0,0,0
17℃,100%,0级,雨,0,0,0,0,0,0,0,0
17℃,100%,0级,阴,0,0,0,0,0,0,0,0
17℃,100%,0级,雨,0,0,0,0,0,0,0,0
17℃,100%,0级,雨,0,0,0,0,0,0,0,0
17℃,100%,0级,雨,0,0,0,0,0,0,0,0
17℃,100%,0级,阴,0,0,0,0,0,0,0,0
17℃,100%,2级,雨,0,0,0,0,0,0,0,0
17℃,100%,0级,雨,0,0,0,0,0,0,0,0
17℃,100%,0级,雾,0,0,0,0,0,0,0,0
17℃,100%,1级,雾,0,0,0,0,0,0,0,0
17℃,100%,2级,雨,12,46,24,68,46,24,289,469
17℃,100%,2级,雾,11,46,24,58,46,24,304,442
17℃,100%,2级,雨,11,46,24,58,46,24,304,442
17℃,100%,0级,雨,13,44,24,58,44,24,318,433
17℃,100%,1级,雨,13,44,24,59,44,24,334,425
17℃,100%,2级,雾,13,44,24,59,44,24,334,425
18℃,100%,2级,雾,12,45,25,57,45,25,346,423
18℃,100%,2级,雾,13,44,25,59,44,25,346,421
18℃,100%,2级,雾,13,44,23,59,44,23,346,421
18℃,100%,0级,雾,12,45,23,58,45,23,354,434
18℃,100%,0级,多云,12,45,23,55,45,23,354,434
18℃,100%,0级,多云,12,45,24,55,45,24,360,450
18℃,100%,1级,雨,13,45,23,56,45,23,224,417
19℃,100%,2级,雨,13,45,23,56,45,23,224,417
19℃,100%,2级,多云,13,45,24,55,45,24,230,463
19℃,100%,1级,多云,13,45,24,55,45,24,245,413
19℃,100%,2级,雾,13,45,24,55,45,24,245,413
19℃,100%,2级,雾,12,45,24,56,45,24,235,405
19℃,100%,2级,多云,12,46,23,56,46,23,238,402
19℃,100%,2级,雾,12,46,23,56,46,23,238,402
19℃,100%,2级,阴,12,46,23,55,46,23,231,462
19℃,100%,2级,阴,12,46,23,55,46,23,231,462
19℃,100%,1级,雾,13,45,23,55,45,23,229,394
19℃,100%,1级,雾,0,0,0,0,0,0,0,0
19℃,100%,2级,雾,0,0,0,0,0,0,0,0
20℃,100%,2级,阴,0,0,0,0,0,0,0,0
20℃,100%,2级,阴,0,0,0,0,0,0,0,0
20℃,100%,2级,阴,0,0,0,0,0,0,0,0
21℃,100%,0级,阴,0,0,0,0,0,0,0,0
21℃,100%,0级,阴,0,0,0,0,0,0,0,0
22℃,100%,1级,阴,0,0,0,0,0,0,0,0
23℃,100%,2级,阴,0,0,0,0,0,0,0,0
23℃,99%,2级,阴,0,0,0,0,0,0,0,0
23℃,95%,0级,阴,0,0,0,0,0,0,0,0
24℃,95%,0级,阴,0,0,0,0,0,0,0,0
24℃,93%,0级,阴,0,0,0,0,0,0,0,0
24℃,95%,2级,阴,0,0,0,0,0,0,0,0
24℃,98%,0级,阴,0,0,0,0,0,0,0,0
23℃,99%,2级,雨,0,0,0,0,0,0,0,0
24℃,98%,0级,雨,0,0,0,0,0,0,0,0
24℃,97%,0级,阴,0,0,0,0,0,0,0,0
23℃,98%,2级,雨,0,0,0,0,0,0,0,0
20℃,100%,4级,雨,0,0,0,0,0,0,0,0
19℃,100%,3级,雨,0,0,0,0,0,0,0,0
19℃,100%,3级,雨,0,0,0,0,0,0,0,0
18℃,100%,3级,雨,11,61,26,0,61,26,0,0
18℃,100%,3级,雨,11,61,26,0,61,26,832,2010
18℃,100%,4级,雨,13,49,24,0,49,24,715,1715
16℃,100%,4级,雨,13,49,24,0,49,24,715,1715
16℃,100%,1级,雨,11,46,25,0,46,25,791,1580
16℃,100%,2级,雨,13,47,25,0,47,25,764,1435
16℃,100%,3级,雨,11,47,25,0,47,25,764,1435
16℃,100%,2级,雨,11,47,24,0,47,24,523,1175
16℃,100%,1级,雨,11,46,26,0,46,26,498,884
16℃,100%,2级,阴,11,45,27,112,45,27,498,884
16℃,100%,2级,阴,11,45,27,112,45,27,501,795
16℃,100%,2级,阴,12,45,25,89,45,25,594,845
16℃,100%,2级,阴,11,45,25,89,45,25,515,714
16℃,100%,3级,阴,12,46,26,89,46,26,441,700
16℃,100%,2级,阴,11,46,26,88,46,26,417,678
16℃,100%,1级,阴,11,46,26,88,46,26,417,678
16℃,100%,2级,阴,12,46,25,87,46,25,419,674
16℃,100%,1级,阴,11,0,25,86,0,25,500,668
16℃,100%,0级,雨,11,0,25,86,0,25,500,668
16℃,100%,1级,雨,12,45,24,88,45,24,558,660
16℃,100%,0级,雨,12,46,25,86,46,25,473,638
16℃,100%,1级,雨,12,46,25,86,46,25,473,638
16℃,100%,2级,阴,11,46,25,86,46,25,391,641
16℃,100%,0级,阴,11,46,25,86,46,25,391,641
16℃,100%,0级,雨,11,45,24,85,45,24,375,639
16℃,100%,1级,雨,0,0,0,0,0,0,0,0
16℃,100%,2级,阴,0,0,0,0,0,0,0,0
16℃,100%,2级,雨,0,0,0,0,0,0,0,0
16℃,100%,2级,阴,0,0,0,0,0,0,0,0
16℃,100%,1级,雨,0,0,0,0,0,0,0,0
17℃,100%,0级,阴,0,0,0,0,0,0,0,0
17℃,100%,0级,阴,0,0,0,0,0,0,0,0
17℃,100%,0级,阴,0,0,0,0,0,0,0,0
17℃,100%,1级,雨,0,0,0,0,0,0,0,0
17℃,100%,2级,雨,0,0,0,0,0,0,0,0
17℃,100%,2级,雨,0,0,0,0,0,0,0,0
17℃,100%,2级,阴,0,0,0,0,0,0,0,0
17℃,100%,2级,雨,0,0,0,0,0,0,0,0
18℃,100%,2级,雨,0,0,0,0,0,0,0,0
18℃,99%,2级,雨,0,0,0,0,0,0,0,0
18℃,98%,2级,雨,0,0,0,0,0,0,0,0
18℃,100%,1级,雨,0,0,0,0,0,0,0,0
18℃,99%,1级,雨,0,0,0,0,0,0,0,0
18℃,100%,2级,阴,0,0,0,0,0,0,0,0
17℃,100%,1级,阴,0,0,0,0,0,0,0,0
17℃,100%,0级,雨,0,0,0,0,0,0,0,0
17℃,100%,2级,雨,0,0,0,0,0,0,0,0
17℃,100%,2级,雨,13,46,25,89,46,25,0,0
16℃,100%,3级,阴,14,44,25,82,44,25,312,773
16℃,100%,2级,阴,14,44,25,82,44,25,319,741
16℃,100%,2级,阴,13,44,24,82,44,24,332,687
16℃,100%,1级,雨,13,43,24,82,43,24,327,664
16℃,100%,2级,阴,13,43,24,82,43,24,327,664
16℃,100%,2级,阴,12,43,24,82,43,24,366,641
16℃,100%,2级,阴,12,43,24,85,43,24,385,629
16℃,100%,1级,雨,12,43,24,85,43,24,385,629
16℃,100%,0级,雨,49,44,23,81,44,23,373,615
16℃,100%,0级,雨,49,44,23,81,44,23,373,615
16℃,100%,0级,雨,50,43,23,79,43,23,376,612
16℃,100%,0级,雨,50,45,23,81,45,23,355,607
16℃,100%,0级,阴,50,45,23,81,45,23,355,607
16℃,100%,0级,阴,51,45,23,85,45,23,366,582
16℃,100%,0级,阴,52,45,23,79,45,23,370,576
16℃,100%,0级,阴,52,45,23,79,45,23,370,576
16℃,100%,0级,阴,53,43,23,79,43,23,346,563
16℃,100%,1级,阴,53,45,24,78,45,24,433,555
16℃,100%,0级,多云,53,45,24,78,45,24,433,555
16℃,100%,0级,多云,53,44,23,79,44,23,331,548
16℃,100%,1级,阴,53,44,23,79,44,23,331,548
16℃,99%,0级,阴,52,44,23,0,44,23,341,542
16℃,99%,0级,阴,0,0,0,0,0,0,0,0
16℃,97%,0级,阴,0,0,0,0,0,0,0,0
17℃,96%,1级,阴,0,0,0,0,0,0,0,0
18℃,94%,1级,阴,0,0,0,0,0,0,0,0
18℃,89%,1级,阴,0,0,0,0,0,0,0,0
18℃,87%,0级,阴,0,0,0,0,0,0,0,0
19℃,80%,0级,阴,0,0,0,0,0,0,0,0
20℃,82%,1级,阴,0,0,0,0,0,0,0,0
21℃,71%,0级,阴,0,0,0,0,0,0,0,0
22℃,70%,1级,阴,0,0,0,0,0,0,0,0
22℃,75%,1级,阴,0,0,0,0,0,0,0,0
22℃,65%,1级,阴,0,0,0,0,0,0,0,0
24℃,64%,1级,阴,0,0,0,0,0,0,0,0
24℃,60%,1级,阴,0,0,0,0,0,0,0,0
25℃,60%,0级,阴,0,0,0,0,0,0,0,0
25℃,59%,1级,阴,0,0,0,0,0,0,0,0
26℃,56%,0级,阴,0,0,0,0,0,0,0,0
26℃,56%,1级,阴,0,0,0,0,0,0,0,0
26℃,60%,1级,阴,0,0,0,0,0,0,0,0
26℃,59%,1级,阴,0,0,0,0,0,0,0,0
25℃,60%,1级,阴,0,0,0,0,0,0,0,0
25℃,64%,1级,阴,0,0,0,0,0,0,0,0
25℃,63%,0级,阴,0,0,0,0,0,0,0,0
23℃,70%,0级,阴,0,0,0,0,0,0,0,0
22℃,73%,1级,阴,36,44,22,84,44,22,669,935
22℃,75%,0级,阴,36,41,23,78,41,23,436,709
22℃,76%,1级,多云,36,41,23,78,41,23,436,709
22℃,76%,0级,多云,34,41,23,78,41,23,323,598
22℃,85%,0级,多云,34,40,23,76,40,23,335,569
21℃,87%,0级,多云,34,40,23,76,40,23,335,569
21℃,90%,0级,多云,33,40,24,79,40,24,368,533
20℃,93%,0级,多云,31,40,24,76,40,24,346,546
20℃,94%,1级,多云,31,40,24,76,40,24,346,546
20℃,97%,1级,多云,30,42,24,77,42,24,354,534
20℃,95%,0级,多云,30,42,24,77,42,24,354,534
21℃,93%,1级,多云,32,42,23,76,42,23,354,514
20℃,96%,0级,多云,32,41,23,79,41,23,261,523
20℃,100%,1级,多云,32,41,23,79,41,23,261,523
19℃,100%,0级,多云,31,41,23,76,41,23,248,490
20℃,98%,0级,多云,30,42,23,75,42,23,298,466
20℃,97%,0级,多云,30,42,23,75,42,23,298,466
20℃,99%,1级,多云,30,42,24,76,42,24,275,474
20℃,100%,0级,多云,31,42,24,78,42,24,309,438
20℃,100%,0级,多云,31,42,23,78,42,23,309,438
19℃,100%,0级,多云,30,42,24,76,42,24,272,458
19℃,100%,0级,多云,30,42,24,76,42,24,272,458
19℃,100%,0级,多云,0,0,0,0,0,0,0,0
19℃,100%,1级,多云,0,0,0,0,0,0,0,0
19℃,100%,0级,多云,0,0,0,0,0,0,0,0
20℃,100%,0级,多云,0,0,0,0,0,0,0,0
21℃,97%,1级,多云,0,0,0,0,0,0,0,0
23℃,89%,0级,多云,0,0,0,0,0,0,0,0
25℃,76%,0级,多云,0,0,0,0,0,0,0,0
25℃,72%,2级,多云,0,0,0,0,0,0,0,0
26℃,70%,2级,多云,0,0,0,0,0,0,0,0
26℃,71%,3级,阴,0,0,0,0,0,0,0,0
26℃,70%,2级,阴,0,0,0,0,0,0,0,0
26℃,74%,2级,多云,0,0,0,0,0,0,0,0
27℃,72%,2级,多云,0,0,0,0,0,0,0,0
27℃,77%,2级,多云,0,0,0,0,0,0,0,0
27℃,77%,2级,多云,0,0,0,0,0,0,0,0
28℃,71%,2级,多云,0,0,0,0,0,0,0,0
27℃,77%,1级,多云,0,0,0,0,0,0,0,0
26℃,79%,2级,多云,0,0,0,0,0,0,0,0
26℃,83%,2级,多云,0,0,0,0,0,0,0,0
27℃,75%,2级,多云,0,0,0,0,0,0,0,0
27℃,77%,1级,多云,0,0,0,0,0,0,0,0
27℃,79%,0级,多云,0,0,0,0,0,0,0,0
27℃,78%,1级,多云,0,0,0,0,0,0,0,0
27℃,83%,2级,多云,0,0,0,0,0,0,0,0
25℃,89%,2级,多云,0,0,0,0,0,0,0,0
25℃,92%,2级,多云,25,42,24,81,42,24,517,836
24℃,94%,2级,多云,22,42,24,76,42,24,284,566
24℃,95%,2级,多云,22,42,23,76,42,23,284,566
24℃,96%,2级,多云,21,42,23,78,42,23,338,503
23℃,98%,2级,多云,21,41,24,75,41,24,332,485
23℃,99%,3级,多云,21,41,24,75,41,24,332,485
23℃,100%,3级,多云,20,41,24,75,41,24,337,469
23℃,100%,2级,多云,21,40,24,75,40,24,343,462
23℃,100%,0级,多云,21,40,24,75,40,24,343,462
22℃,100%,2级,多云,20,41,23,73,41,23,335,467
22℃,100%,1级,多云,20,41,23,73,41,23,335,467
22℃,100%,0级,多云,21,43,24,73,43,24,427,459
22℃,100%,0级,多云,20,42,23,77,42,23,242,446
22℃,100%,0级,多云,20,42,23,77,42,23,242,446
22℃,100%,0级,多云,19,41,24,75,41,24,251,436
22℃,100%,0级,多云,19,41,24,75,41,24,251,436
23℃,100%,0级,雾,18,43,24,74,43,24,261,425
21℃,97%,3级,晴,18,42,23,75,42,23,435,436
22℃,100%,0级,多云,19,43,24,75,43,24,254,414
22℃,100%,2级,多云,19,42,24,75,42,24,255,422
22℃,100%,2级,阴,19,42,24,75,42,24,255,422
21℃,100%,2级,雾,18,42,23,76,42,23,0,0
21℃,100%,2级,阴,0,0,0,0,0,0,0,0
22℃,100%,1级,阴,0,0,0,0,0,0,0,0
22℃,100%,2级,阴,0,0,0,0,0,0,0,0
22℃,100%,2级,阴,0,0,0,0,0,0,0,0
23℃,99%,2级,阴,0,0,0,0,0,0,0,0
24℃,92%,1级,阴,0,0,0,0,0,0,0,0
25℃,89%,2级,阴,0,0,0,0,0,0,0,0
26℃,88%,2级,阴,0,0,0,0,0,0,0,0
27℃,82%,1级,多云,0,0,0,0,0,0,0,0
29℃,78%,2级,多云,0,0,0,0,0,0,0,0
30℃,71%,2级,多云,0,0,0,0,0,0,0,0
29℃,75%,1级,多云,0,0,0,0,0,0,0,0
30℃,68%,2级,多云,0,0,0,0,0,0,0,0
30℃,64%,2级,多云,0,0,0,0,0,0,0,0
29℃,67%,1级,多云,0,0,0,0,0,0,0,0
29℃,67%,1级,多云,0,0,0,0,0,0,0,0
30℃,67%,2级,多云,0,0,0,0,0,0,0,0
30℃,64%,2级,多云,0,0,0,0,0,0,0,0
30℃,67%,2级,多云,0,0,0,0,0,0,0,0
29℃,71%,2级,多云,0,0,0,0,0,0,0,0
30℃,70%,2级,多云,0,0,0,0,0,0,0,0
29℃,70%,3级,多云,0,0,0,0,0,0,0,0
28℃,76%,3级,多云,0,0,0,0,0,0,0,0
27℃,82%,3级,多云,0,0,0,0,0,0,0,0
26℃,87%,3级,多云,21,45,24,78,45,24,401,869
26℃,92%,3级,多云,19,44,23,78,44,23,292,518
25℃,95%,3级,多云,19,44,23,78,44,23,292,518
25℃,95%,3级,多云,17,41,24,75,41,24,329,476
24℃,97%,3级,多云,17,42,23,77,42,23,346,451
24℃,99%,4级,多云,18,42,23,77,42,23,346,451
24℃,100%,3级,多云,17,41,23,76,41,23,364,453
24℃,100%,3级,多云,17,41,24,76,41,24,366,466
23℃,100%,2级,多云,17,41,24,76,41,24,366,466
23℃,100%,3级,多云,17,42,24,73,42,24,370,466
23℃,100%,3级,多云,17,42,24,73,42,24,370,466
23℃,100%,2级,多云,17,42,24,73,42,24,369,436
23℃,100%,2级,多云,18,42,25,73,42,25,243,442
23℃,100%,2级,多云,18,42,25,73,42,25,243,442
23℃,100%,2级,多云,18,43,24,74,43,24,245,444
22℃,100%,0级,多云,17,43,24,74,43,24,255,424
23℃,100%,2级,多云,17,43,24,74,43,24,255,424
22℃,100%,0级,多云,16,43,24,74,43,24,398,407
22℃,100%,0级,多云,18,43,24,73,43,24,242,411
22℃,100%,2级,多云,18,43,24,73,43,24,242,411
22℃,100%,3级,多云,18,43,23,73,43,23,252,402
22℃,100%,2级,阴,18,43,23,73,43,23,252,402
22℃,100%,3级,阴,0,42,0,0,42,0,0,0
22℃,100%,3级,阴,0,0,0,0,0,0,0,0
22℃,100%,2级,阴,0,0,0,0,0,0,0,0
22℃,100%,2级,阴,0,0,0,0,0,0,0,0
23℃,100%,2级,阴,0,0,0,0,0,0,0,0
25℃,89%,3级,阴,0,0,0,0,0,0,0,0
26℃,87%,2级,阴,0,0,0,0,0,0,0,0
27℃,82%,2级,阴,0,0,0,0,0,0,0,0
27℃,80%,2级,阴,0,0,0,0,0,0,0,0
26℃,82%,2级,多云,0,0,0,0,0,0,0,0
26℃,84%,0级,多云,0,0,0,0,0,0,0,0
28℃,76%,3级,多云,0,0,0,0,0,0,0,0
28℃,67%,4级,多云,0,0,0,0,0,0,0,0
28℃,71%,3级,多云,0,0,0,0,0,0,0,0
29℃,68%,3级,多云,0,0,0,0,0,0,0,0
29℃,69%,4级,多云,0,0,0,0,0,0,0,0
29℃,68%,3级,多云,0,0,0,0,0,0,0,0
29℃,68%,3级,多云,0,0,0,0,0,0,0,0
29℃,75%,4级,多云,0,0,0,0,0,0,0,0
29℃,71%,3级,多云,0,0,0,0,0,0,0,0
28℃,79%,4级,多云,0,0,0,0,0,0,0,0
27℃,84%,4级,多云,0,0,0,0,0,0,0,0
27℃,85%,3级,多云,0,0,0,0,0,0,0,0
26℃,89%,4级,多云,0,0,0,0,0,0,0,0
26℃,90%,4级,多云,0,0,0,0,0,0,0,0
26℃,92%,4级,多云,19,45,23,82,45,23,381,787
25℃,93%,3级,多云,19,43,24,76,43,24,351,501
25℃,95%,3级,晴,17,43,24,76,43,24,351,501
24℃,97%,3级,晴,17,44,24,78,44,24,364,462
24℃,98%,4级,晴,17,44,24,75,44,24,367,438
24℃,99%,4级,晴,17,42,24,75,42,24,367,438
24℃,100%,4级,晴,17,43,24,74,43,24,380,417
24℃,100%,3级,晴,16,42,24,71,42,24,379,412
23℃,100%,2级,多云,16,42,24,71,42,24,379,412
23℃,100%,2级,多云,15,43,25,74,43,25,381,401
23℃,100%,2级,多云,15,43,25,74,43,25,381,401
23℃,100%,0级,多云,17,43,25,72,43,25,378,425
23℃,100%,2级,多云,17,43,25,72,43,25,241,424
24℃,100%,2级,多云,17,43,25,72,43,25,241,424
23℃,100%,3级,多云,16,43,26,73,43,26,238,412
23℃,100%,3级,多云,16,43,26,75,43,26,238,412
23℃,100%,2级,多云,16,43,24,75,43,24,242,404
23℃,100%,2级,多云,16,44,26,74,44,26,248,416
23℃,100%,3级,多云,15,44,25,74,44,25,268,398
23℃,100%,2级,多云,15,44,25,74,44,25,268,398
23℃,100%,2级,多云,17,42,25,73,42,25,247,381
22℃,100%,1级,多云,17,42,25,73,42,25,247,381
22℃,100%,2级,多云,0,0,0,0,0,0,0,0
22℃,100%,2级,多云,0,0,0,0,0,0,0,0
23℃,100%,2级,多云,0,0,0,0,0,0,0,0
23℃,100%,2级,多云,0,0,0,0,0,0,0,0
24℃,100%,2级,多云,0,0,0,0,0,0,0,0
24℃,98%,2级,多云,0,0,0,0,0,0,0,0
26℃,86%,2级,多云,0,0,0,0,0,0,0,0
27℃,82%,2级,多云,0,0,0,0,0,0,0,0
29℃,76%,2级,多云,0,0,0,0,0,0,0,0
27℃,81%,2级,多云,0,0,0,0,0,0,0,0
28℃,80%,2级,多云,0,0,0,0,0,0,0,0
28℃,78%,2级,多云,0,0,0,0,0,0,0,0
29℃,75%,2级,多云,0,0,0,0,0,0,0,0
29℃,74%,3级,多云,0,0,0,0,0,0,0,0
29℃,74%,3级,多云,0,0,0,0,0,0,0,0
29℃,73%,3级,多云,0,0,0,0,0,0,0,0
31℃,68%,2级,多云,0,0,0,0,0,0,0,0
31℃,66%,3级,多云,0,0,0,0,0,0,0,0
31℃,69%,2级,多云,0,0,0,0,0,0,0,0
30℃,72%,2级,多云,0,0,0,0,0,0,0,0
31℃,71%,2级,多云,0,0,0,0,0,0,0,0
31℃,72%,2级,多云,0,0,0,0,0,0,0,0
29℃,79%,3级,多云,0,0,0,0,0,0,0,0
29℃,81%,3级,多云,0,0,0,0,0,0,0,0
28℃,83%,3级,多云,0,0,0,0,0,0,0,0
27℃,87%,3级,多云,20,47,25,83,47,25,420,752
27℃,91%,3级,多云,17,44,24,75,44,24,367,480
26℃,91%,3级,晴,17,44,24,75,44,24,367,480
26℃,93%,3级,晴,17,44,24,72,44,24,373,440
25℃,95%,3级,晴,17,44,25,69,44,25,367,409
25℃,96%,3级,晴,17,44,25,69,44,25,367,409
25℃,97%,3级,晴,18,43,24,69,43,24,368,392
24℃,98%,3级,晴,17,44,25,70,44,25,382,389
24℃,99%,3级,多云,17,44,25,70,44,25,382,389
23℃,100%,3级,多云,16,43,24,64,43,24,389,366
24℃,100%,3级,多云,16,43,24,63,43,24,389,366
23℃,100%,0级,多云,15,43,24,65,43,24,392,349
24℃,100%,2级,多云,16,44,25,68,44,25,242,347
24℃,100%,2级,多云,16,44,25,68,44,25,242,347
24℃,100%,2级,多云,17,45,25,72,45,25,241,338
24℃,100%,3级,多云,15,45,25,75,45,25,249,336
24℃,100%,2级,多云,15,45,25,75,45,25,249,336
24℃,100%,2级,多云,15,45,24,72,45,24,242,336
24℃,100%,2级,多云,16,44,24,72,44,24,241,341
24℃,100%,2级,多云,16,44,24,72,44,24,241,341
24℃,100%,2级,多云,15,45,25,70,45,25,318,362
23℃,100%,2级,多云,15,45,25,70,45,25,318,362
24℃,100%,2级,多云,0,45,0,0,45,0,0,0
23℃,100%,1级,多云,0,0,0,0,0,0,0,0
24℃,100%,2级,多云,0,0,0,0,0,0,0,0
25℃,100%,1级,多云,0,0,0,0,0,0,0,0
27℃,92%,2级,多云,0,0,0,0,0,0,0,0
28℃,86%,2级,多云,0,0,0,0,0,0,0,0
29℃,80%,2级,多云,0,0,0,0,0,0,0,0
30℃,77%,1级,多云,0,0,0,0,0,0,0,0
31℃,67%,2级,晴,0,0,0,0,0,0,0,0
31℃,66%,1级,晴,0,0,0,0,0,0,0,0
32℃,66%,3级,多云,0,0,0,0,0,0,0,0
31℃,62%,3级,多云,0,0,0,0,0,0,0,0
31℃,66%,3级,多云,0,0,0,0,0,0,0,0
32℃,65%,3级,多云,0,0,0,0,0,0,0,0
32℃,60%,3级,多云,0,0,0,0,0,0,0,0
32℃,63%,2级,多云,0,0,0,0,0,0,0,0
31℃,67%,2级,多云,0,0,0,0,0,0,0,0
31℃,68%,1级,多云,0,0,0,0,0,0,0,0
31℃,62%,4级,多云,0,0,0,0,0,0,0,0
31℃,62%,4级,多云,0,0,0,0,0,0,0,0
30℃,64%,3级,多云,0,0,0,0,0,0,0,0
30℃,68%,3级,多云,0,0,0,0,0,0,0,0
29℃,71%,3级,多云,0,0,0,0,0,0,0,0
29℃,75%,3级,多云,0,0,0,0,0,0,0,0
28℃,78%,4级,多云,19,47,24,79,47,24,401,679
27℃,82%,3级,多云,16,44,24,73,44,24,368,454
27℃,84%,3级,晴,16,44,25,73,44,25,368,454
26℃,86%,4级,晴,16,44,25,67,44,25,388,415
26℃,89%,4级,晴,16,44,25,66,44,25,389,383
26℃,91%,4级,晴,16,45,25,66,45,25,389,383
25℃,93%,3级,晴,15,44,24,67,44,24,387,367
25℃,96%,3级,晴,15,44,24,66,44,24,392,353
25℃,98%,3级,多云,15,44,24,66,44,24,392,353
24℃,99%,2级,多云,15,46,25,6419,46,25,397,330
24℃,100%,3级,多云,15,46,25,6419,46,25,397,330
24℃,100%,3级,多云,16,45,25,6509,45,25,395,329
24℃,100%,2级,多云,15,45,25,6538,45,25,240,323
23℃,100%,3级,多云,15,45,25,6538,45,25,240,323
23℃,100%,3级,多云,16,45,26,68,45,26,240,319
24℃,100%,3级,多云,16,45,26,66,45,26,240,314
24℃,100%,2级,多云,16,45,26,66,45,26,240,314
23℃,100%,2级,多云,16,45,26,69,45,26,238,307
23℃,100%,3级,多云,15,45,25,71,45,25,235,303
23℃,100%,2级,多云,15,45,25,71,45,25,235,303
23℃,100%,2级,多云,16,46,25,74,46,25,252,300
23℃,100%,2级,多云,0,0,0,0,0,0,0,0
24℃,100%,2级,多云,0,0,0,0,0,0,0,0
24℃,100%,2级,多云,0,0,0,0,0,0,0,0
24℃,100%,2级,多云,0,0,0,0,0,0,0,0
24℃,100%,2级,多云,0,0,0,0,0,0,0,0
24℃,100%,2级,多云,0,0,0,0,0,0,0,0
25℃,100%,2级,多云,0,0,0,0,0,0,0,0
25℃,100%,3级,多云,0,0,0,0,0,0,0,0
25℃,100%,2级,多云,0,0,0,0,0,0,0,0
25℃,100%,3级,多云,0,0,0,0,0,0,0,0
24℃,98%,3级,阴,0,0,0,0,0,0,0,0
23℃,96%,2级,阴,0,0,0,0,0,0,0,0
24℃,89%,3级,阴,0,0,0,0,0,0,0,0
23℃,92%,3级,阴,0,0,0,0,0,0,0,0
23℃,92%,3级,阴,0,0,0,0,0,0,0,0
24℃,88%,3级,阴,0,0,0,0,0,0,0,0
22℃,88%,4级,阴,0,0,0,0,0,0,0,0
23℃,85%,3级,阴,0,0,0,0,0,0,0,0
24℃,80%,2级,阴,0,0,0,0,0,0,0,0
25℃,77%,3级,阴,0,0,0,0,0,0,0,0
23℃,82%,3级,阴,0,0,0,0,0,0,0,0
22℃,86%,3级,阴,0,0,0,0,0,0,0,0
21℃,87%,3级,阴,0,0,0,0,0,0,0,0
21℃,87%,3级,阴,0,0,0,0,0,0,0,0
20℃,89%,4级,阴,0,0,0,0,0,0,0,0
20℃,90%,3级,阴,0,0,0,0,0,0,0,0
20℃,90%,3级,阴,18,45,24,84,45,24,375,645
20℃,90%,3级,阴,16,45,24,78,45,24,371,426
20℃,89%,4级,阴,16,45,24,78,45,24,371,426
20℃,89%,4级,阴,16,43,24,6325,43,24,392,395
19℃,89%,3级,阴,17,44,25,6439,44,25,393,360
19℃,88%,3级,阴,17,44,25,6439,44,25,393,360
19℃,87%,2级,阴,17,44,23,87,44,23,397,333
19℃,87%,3级,阴,17,42,23,90,42,23,397,322
19℃,85%,3级,雨,16,42,23,90,42,23,397,322
19℃,86%,3级,雨,16,43,23,71,43,23,400,309
19℃,86%,4级,雨,16,43,23,71,43,23,400,309
19℃,87%,2级,雨,15,44,24,71,44,24,400,301
19℃,87%,2级,雨,15,44,24,70,44,24,242,294
19℃,86%,1级,雨,15,53,25,70,53,25,242,294
18℃,99%,2级,雨,43,53,25,125,53,25,248,302
18℃,100%,2级,雨,48,53,25,118,53,25,250,296
18℃,100%,2级,雨,48,53,26,118,53,26,250,296
18℃,100%,2级,雨,47,50,25,111,50,25,237,293
18℃,100%,2级,雨,45,50,25,110,50,25,242,290
18℃,100%,2级,阴,45,50,25,110,50,25,242,290
17℃,100%,2级,阴,45,50,24,106,50,24,236,292
17℃,100%,2级,阴,45,50,24,106,50,24,236,292
17℃,100%,2级,阴,0,0,0,0,0,0,0,0
17℃,100%,2级,阴,0,0,0,0,0,0,0,0
18℃,100%,2级,阴,0,0,0,0,0,0,0,0
18℃,98%,0级,阴,0,0,0,0,0,0,0,0
18℃,96%,0级,阴,0,0,0,0,0,0,0,0
19℃,93%,1级,阴,0,0,0,0,0,0,0,0
19℃,95%,2级,阴,0,0,0,0,0,0,0,0
20℃,92%,3级,阴,0,0,0,0,0,0,0,0
19℃,90%,2级,阴,0,0,0,0,0,0,0,0
20℃,90%,3级,阴,0,0,0,0,0,0,0,0
21℃,85%,3级,阴,0,0,0,6,0,0,0,0
22℃,81%,2级,阴,0,0,0,6,0,0,0,0
24℃,71%,2级,阴,0,0,0,3,0,0,0,0
25℃,66%,2级,阴,0,0,0,1,0,0,0,0
25℃,67%,3级,阴,0,0,0,0,0,0,0,0
26℃,64%,3级,阴,0,0,0,0,0,0,0,0
26℃,61%,0级,阴,0,0,0,0,0,0,0,0
26℃,64%,2级,阴,0,0,0,0,0,0,0,0
25℃,65%,2级,阴,0,0,0,0,0,0,0,0
24℃,69%,3级,阴,0,0,0,0,0,0,0,0
23℃,73%,2级,阴,0,0,0,0,0,0,0,0
22℃,76%,3级,阴,0,0,0,0,0,0,0,0
22℃,78%,3级,阴,0,0,0,9,0,0,0,0
22℃,80%,3级,阴,0,0,0,2,0,0,0,0
22℃,82%,2级,阴,0,0,0,2,0,0,0,0
21℃,83%,3级,阴,23,46,24,107,46,24,368,765
21℃,85%,3级,阴,21,46,24,102,46,24,376,401
21℃,86%,3级,阴,21,46,23,102,46,23,376,401
21℃,88%,4级,阴,21,46,24,103,46,24,368,395
21℃,89%,4级,阴,20,44,23,100,44,23,397,394
21℃,90%,3级,阴,20,44,23,100,44,23,397,394
21℃,91%,2级,阴,21,43,24,99,43,24,398,392
21℃,92%,2级,阴,21,43,24,97,43,24,396,395
21℃,93%,2级,阴,21,42,24,97,42,24,396,395
21℃,94%,2级,阴,19,44,24,81,44,24,396,360
21℃,96%,2级,阴,19,44,24,81,44,24,396,360
21℃,97%,2级,阴,18,45,24,82,45,24,403,358
21℃,98%,2级,阴,19,45,24,82,45,24,245,347
21℃,98%,2级,阴,19,45,24,82,45,24,245,347
21℃,99%,2级,阴,18,44,24,82,44,24,245,346
21℃,100%,2级,阴,17,44,24,87,44,24,244,339
21℃,100%,2级,阴,17,44,24,87,44,24,244,339
21℃,100%,2级,阴,17,45,24,82,45,24,242,337
21℃,100%,1级,阴,17,45,24,84,45,24,242,339
21℃,100%,1级,阴,17,45,24,84,45,24,242,339
21℃,100%,2级,阴,18,45,24,87,45,24,242,335
21℃,100%,2级,雨,0,45,0,0,45,0,0,0
21℃,100%,2级,雨,0,0,0,0,0,0,0,0
21℃,100%,2级,雨,0,0,0,0,0,0,0,0
21℃,100%,3级,雨,0,0,0,0,0,0,0,0
21℃,100%,2级,雨,0,0,0,0,0,0,0,0
21℃,100%,2级,雨,0,0,0,0,0,0,0,0
22℃,100%,2级,雨,0,0,0,0,0,0,0,0
23℃,96%,0级,雨,0,0,0,0,0,0,0,0
22℃,96%,2级,雨,0,0,0,0,0,0,0,0
23℃,96%,1级,雨,0,0,0,0,0,0,0,0
23℃,93%,2级,阴,0,0,0,0,0,0,0,0
24℃,93%,2级,阴,0,0,0,0,0,0,0,0
24℃,93%,2级,阴,0,0,0,0,0,0,0,0
25℃,87%,2级,阴,0,0,0,0,0,0,0,0
26℃,83%,2级,阴,0,0,0,0,0,0,0,0
27℃,82%,1级,阴,0,0,0,0,0,0,0,0
28℃,79%,2级,阴,0,0,0,0,0,0,0,0
28℃,80%,2级,阴,0,0,0,0,0,0,0,0
29℃,79%,2级,阴,0,0,0,0,0,0,0,0
29℃,78%,2级,阴,0,0,0,0,0,0,0,0
29℃,83%,1级,阴,0,0,0,0,0,0,0,0
28℃,85%,2级,阴,0,0,0,0,0,0,0,0
27℃,86%,2级,阴,0,0,0,0,0,0,0,0
27℃,88%,2级,阴,0,0,0,2,0,0,0,0
26℃,91%,2级,阴,0,0,0,2,0,0,0,0
26℃,92%,3级,阴,0,0,0,0,0,0,0,0
25℃,95%,3级,阴,21,45,25,101,45,25,546,674
25℃,97%,3级,阴,19,43,25,94,43,25,468,392
25℃,99%,3级,多云,19,43,25,94,43,25,468,392
25℃,99%,3级,多云,18,44,25,89,44,25,466,362
25℃,99%,3级,多云,19,44,25,91,44,25,378,356
24℃,100%,3级,多云,19,44,25,91,44,25,378,356
24℃,100%,3级,多云,17,44,26,94,44,26,378,348
24℃,100%,2级,多云,17,42,24,88,42,24,377,351
23℃,100%,2级,阴,17,42,24,88,42,24,377,351
23℃,100%,2级,阴,17,44,24,77,44,24,385,324
23℃,100%,2级,阴,17,44,24,77,44,24,385,324
23℃,100%,2级,阴,18,45,24,78,45,24,383,330
23℃,100%,2级,阴,17,44,25,78,44,25,312,325
23℃,100%,3级,阴,17,44,25,78,44,25,312,325
23℃,100%,2级,阴,18,45,25,78,45,25,311,310
23℃,100%,2级,阴,17,45,25,78,45,25,311,310
23℃,100%,2级,阴,17,45,25,76,45,25,316,306
23℃,100%,2级,阴,16,45,24,78,45,24,313,312
23℃,100%,3级,阴,17,45,25,77,45,25,318,314
23℃,100%,2级,阴,17,45,25,77,45,25,318,314
22℃,100%,2级,阴,18,44,24,78,44,24,317,315
22℃,100%,2级,雨,18,44,24,78,44,24,317,315
22℃,100%,3级,雨,0,0,0,0,0,0,0,0
22℃,100%,1级,雨,0,0,0,0,0,0,0,0
23℃,100%,2级,雨,0,0,0,0,0,0,0,0
23℃,100%,2级,雨,0,0,0,0,0,0,0,0
23℃,100%,2级,雨,0,0,0,0,0,0,0,0
23℃,99%,2级,雨,0,0,0,0,0,0,0,0
24℃,97%,2级,雨,0,0,0,0,0,0,0,0
24℃,95%,1级,雨,0,0,0,0,0,0,0,0
25℃,93%,2级,雨,0,0,0,0,0,0,0,0
25℃,93%,2级,雨,0,0,0,0,0,0,0,0
26℃,91%,2级,雨,0,0,0,0,0,0,0,0
26℃,89%,1级,雨,0,0,0,0,0,0,0,0
27℃,89%,2级,雨,0,0,0,0,0,0,0,0
26℃,91%,2级,雨,0,0,0,0,0,0,0,0
25℃,95%,2级,雨,0,0,0,0,0,0,0,0
24℃,100%,2级,雨,0,0,0,0,0,0,0,0
23℃,100%,4级,雨,0,0,0,0,0,0,0,0
22℃,100%,4级,雨,0,0,0,0,0,0,0,0
22℃,100%,3级,雨,0,0,0,0,0,0,0,0
21℃,100%,4级,雨,0,0,0,0,0,0,0,0
21℃,100%,4级,雨,0,0,0,0,0,0,0,0
21℃,100%,3级,雨,0,0,0,0,0,0,0,0
21℃,100%,3级,雨,0,0,0,0,0,0,0,0
21℃,100%,5级,雨,0,0,0,0,0,0,0,0
20℃,100%,4级,雨,0,0,0,0,0,0,0,0
20℃,100%,4级,雨,24,48,25,91,48,25,488,499
20℃,100%,4级,雨,20,47,25,90,47,25,473,415
20℃,97%,4级,雨,20,47,25,90,47,25,473,415
20℃,95%,3级,雨,18,47,24,88,47,24,471,405
20℃,94%,3级,雨,17,46,23,88,46,23,468,399
20℃,93%,4级,雨,17,46,23,88,46,23,468,399
20℃,92%,4级,雨,18,47,25,84,47,25,469,463
20℃,92%,3级,雨,18,46,25,87,46,25,481,392
20℃,93%,3级,多云,18,46,25,87,46,25,481,392
20℃,93%,2级,多云,18,47,24,81,47,24,488,370
19℃,93%,3级,多云,18,46,24,81,46,24,488,370
19℃,91%,3级,多云,19,47,23,78,47,23,488,368
19℃,91%,3级,多云,19,47,23,80,47,23,316,362
19℃,91%,2级,多云,19,47,24,80,47,24,316,362
19℃,92%,2级,多云,18,47,24,78,47,24,314,356
19℃,89%,3级,多云,18,47,23,77,47,23,315,361
19℃,87%,2级,多云,18,47,23,77,47,23,315,361
19℃,89%,2级,多云,17,46,24,77,46,24,328,352
19℃,89%,3级,多云,17,46,24,79,46,24,316,352
19℃,87%,2级,多云,17,46,24,79,46,24,316,352
19℃,88%,3级,多云,17,46,23,78,46,23,321,363
19℃,88%,2级,阴,17,46,23,78,46,23,321,363
18℃,88%,3级,阴,0,0,0,0,0,0,0,0
18℃,89%,2级,阴,0,0,0,0,0,0,0,0
18℃,89%,2级,阴,0,0,0,0,0,0,0,0
18℃,88%,2级,阴,0,0,0,0,0,0,0,0
19℃,88%,2级,阴,0,0,0,0,0,0,0,0
19℃,87%,1级,阴,0,0,0,0,0,0,0,0
19℃,88%,1级,阴,0,0,0,0,0,0,0,0
19℃,90%,0级,阴,0,0,0,0,0,0,0,0
20℃,88%,0级,阴,0,0,0,0,0,0,0,0
20℃,84%,0级,阴,0,0,0,0,0,0,0,0
21℃,85%,2级,阴,0,0,0,0,0,0,0,0
21℃,81%,2级,阴,0,0,0,0,0,0,0,0
21℃,82%,2级,阴,0,0,0,0,0,0,0,0
21℃,82%,2级,阴,0,0,0,0,0,0,0,0
20℃,83%,1级,阴,0,0,0,0,0,0,0,0
20℃,82%,1级,阴,0,0,0,0,0,0,0,0
21℃,86%,2级,阴,0,0,0,0,0,0,0,0
21℃,85%,0级,阴,0,0,0,0,0,0,0,0
20℃,88%,2级,阴,0,0,0,0,0,0,0,0
20℃,90%,2级,阴,0,0,0,0,0,0,0,0
20℃,89%,0级,阴,0,0,0,0,0,0,0,0
19℃,93%,2级,阴,0,0,0,0,0,0,0,0
19℃,97%,0级,阴,0,0,0,0,0,0,0,0
18℃,100%,2级,雨,0,0,0,0,0,0,0,0
18℃,100%,3级,阴,0,0,0,0,0,0,0,0
18℃,100%,3级,阴,21,46,24,88,46,24,496,689
18℃,100%,2级,阴,19,43,24,84,43,24,467,403
18℃,100%,2级,多云,19,43,24,84,43,24,467,403
18℃,100%,3级,多云,16,43,24,79,43,24,480,385
18℃,100%,2级,多云,17,43,24,80,43,24,480,378
18℃,100%,2级,雨,17,43,24,80,43,24,480,378
18℃,100%,2级,多云,17,43,24,80,43,24,479,360
18℃,100%,1级,多云,17,43,24,78,43,24,477,365
18℃,100%,1级,阴,17,43,24,78,43,24,477,365
18℃,100%,2级,阴,17,45,25,75,45,25,482,330
17℃,100%,0级,雨,17,45,25,75,45,25,482,330
17℃,100%,0级,雾,16,44,24,74,44,24,481,347
17℃,100%,0级,雨,16,45,25,74,45,25,312,361
17℃,100%,2级,雨,16,45,25,76,45,25,312,361
18℃,100%,0级,雨,17,45,25,75,45,25,313,578
18℃,100%,0级,雾,17,46,24,74,46,24,306,587
18℃,100%,0级,雾,17,46,24,74,46,24,306,587
18℃,100%,2级,雾,17,44,24,75,44,24,313,530
17℃,100%,2级,阴,16,45,25,76,45,25,314,500
17℃,100%,1级,阴,16,45,25,76,45,25,314,500
17℃,100%,1级,雨,16,45,25,75,45,25,313,488
17℃,100%,2级,雨,16,45,25,75,45,25,313,488
17℃,100%,2级,雨,0,0,0,0,0,0,0,0
17℃,100%,2级,阴,0,0,0,0,0,0,0,0
17℃,100%,0级,阴,0,0,0,0,0,0,0,0
17℃,100%,0级,雨,0,0,0,0,0,0,0,0
17℃,100%,2级,雨,0,0,0,0,0,0,0,0
18℃,100%,0级,雨,0,0,0,0,0,0,0,0
18℃,100%,0级,雨,0,0,0,0,0,0,0,0
18℃,100%,0级,阴,0,0,0,0,0,0,0,0
18℃,100%,1级,阴,0,0,0,0,0,0,0,0
18℃,100%,0级,阴,0,0,0,0,0,0,0,0
19℃,100%,0级,阴,0,0,0,0,0,0,0,0
21℃,87%,1级,阴,0,0,0,0,0,0,0,0
22℃,80%,0级,阴,0,0,0,0,0,0,0,0
21℃,81%,0级,阴,0,0,0,0,0,0,0,0
22℃,81%,1级,阴,0,0,0,0,0,0,0,0
22℃,81%,1级,阴,0,0,0,0,0,0,0,0
23℃,75%,1级,阴,0,0,0,0,0,0,0,0
24℃,76%,0级,阴,0,0,0,0,0,0,0,0
23℃,75%,0级,阴,0,0,0,0,0,0,0,0
23℃,76%,1级,阴,0,0,0,0,0,0,0,0
23℃,78%,0级,多云,0,0,0,0,0,0,0,0
22℃,79%,0级,多云,0,0,0,0,0,0,0,0
22℃,80%,0级,多云,0,0,0,0,0,0,0,0
22℃,81%,0级,多云,0,0,0,0,0,0,0,0
22℃,82%,0级,多云,20,46,23,100,46,23,404,840
22℃,86%,0级,多云,17,46,23,88,46,23,423,471
21℃,88%,1级,晴,17,46,23,88,46,23,423,471
21℃,91%,0级,晴,19,0,23,89,0,23,434,469
21℃,90%,0级,晴,17,46,23,84,46,23,439,451
21℃,89%,0级,晴,17,46,23,84,46,23,439,451
21℃,93%,0级,晴,17,45,23,88,45,23,456,444
20℃,94%,1级,晴,16,46,23,87,46,23,465,440
20℃,98%,0级,多云,16,46,23,87,46,23,465,440
20℃,98%,2级,多云,17,46,24,80,46,24,477,443
20℃,96%,0级,多云,17,46,24,80,46,24,477,443
20℃,99%,1级,多云,17,48,23,81,48,23,473,435
20℃,100%,0级,多云,17,47,24,80,47,24,311,431
20℃,100%,0级,多云,17,47,24,80,47,24,311,431
20℃,100%,0级,多云,16,48,24,81,48,24,299,430
19℃,100%,1级,多云,16,49,24,81,49,24,309,440
19℃,100%,0级,多云,16,49,24,81,49,24,309,440
19℃,100%,0级,多云,16,50,23,81,50,23,308,425
19℃,100%,0级,多云,17,50,23,82,50,23,310,439
19℃,100%,0级,多云,17,50,23,82,50,23,310,439
19℃,100%,0级,多云,16,49,24,80,49,24,310,421
19℃,100%,1级,晴,0,0,24,0,0,24,0,0
19℃,100%,2级,晴,0,0,0,0,0,0,0,0
19℃,100%,0级,晴,0,0,0,0,0,0,0,0
19℃,100%,1级,晴,0,0,0,0,0,0,0,0
19℃,100%,1级,晴,0,0,0,0,0,0,0,0
20℃,100%,1级,晴,0,0,0,0,0,0,0,0
21℃,89%,2级,晴,0,0,0,0,0,0,0,0
22℃,85%,1级,晴,0,0,0,0,0,0,0,0
22℃,85%,1级,晴,0,0,0,0,0,0,0,0
23℃,81%,2级,晴,0,0,0,0,0,0,0,0
23℃,83%,2级,多云,0,0,0,0,0,0,0,0
24℃,77%,2级,多云,0,0,0,0,0,0,0,0
25℃,76%,2级,多云,0,0,0,0,0,0,0,0
26℃,74%,3级,多云,0,0,0,0,0,0,0,0
24℃,81%,2级,多云,0,0,0,0,0,0,0,0
24℃,85%,2级,多云,0,0,0,0,0,0,0,0
23℃,92%,2级,多云,0,0,0,0,0,0,0,0
23℃,94%,1级,阴,0,0,0,0,0,0,0,0
23℃,96%,2级,阴,0,0,0,0,0,0,0,0
22℃,100%,1级,雾,0,0,0,0,0,0,0,0
22℃,100%,1级,雾,0,0,0,0,0,0,0,0
22℃,100%,2级,雾,0,0,0,0,0,0,0,0
22℃,100%,2级,雾,0,0,0,0,0,0,0,0
22℃,100%,2级,雾,0,0,0,0,0,0,0,0
22℃,100%,2级,雨,0,0,0,0,0,0,0,0
22℃,100%,3级,雾,19,46,25,85,46,25,465,521
21℃,100%,3级,雨,17,44,25,85,44,25,463,436
21℃,100%,3级,雾,17,44,25,85,44,25,463,436
22℃,100%,3级,雾,17,45,25,82,45,25,458,447
22℃,100%,3级,雾,17,45,25,80,45,25,476,441
22℃,100%,2级,雾,17,45,25,80,45,25,476,441
22℃,100%,2级,雾,17,45,25,80,45,25,472,431
22℃,100%,2级,雾,17,46,25,82,46,25,468,429
22℃,100%,3级,雾,17,46,25,82,46,25,468,429
22℃,100%,2级,雾,18,46,24,75,46,24,476,419
22℃,100%,2级,雾,18,46,24,75,46,24,476,413
22℃,100%,3级,雾,17,46,23,76,46,23,477,413
22℃,100%,2级,雾,17,46,25,75,46,25,331,408
22℃,100%,2级,雾,16,46,25,75,46,25,331,408
23℃,100%,2级,雾,17,46,25,77,46,25,311,412
23℃,100%,3级,雾,17,47,24,77,47,24,300,423
23℃,100%,4级,雾,17,47,24,77,47,24,300,423
23℃,100%,4级,雾,17,46,25,77,46,25,311,416
23℃,100%,4级,雾,16,47,24,76,47,24,309,394
23℃,100%,3级,雾,16,47,24,76,47,24,309,394
23℃,100%,2级,雾,16,47,24,76,47,24,310,391
23℃,100%,2级,雾,0,0,0,0,0,0,0,0
23℃,100%,2级,雾,0,0,0,0,0,0,0,0
23℃,100%,3级,雾,0,0,0,0,0,0,0,0
23℃,100%,3级,雾,0,0,0,0,0,0,0,0
23℃,100%,2级,雾,0,0,0,0,0,0,0,0
24℃,100%,2级,多云,0,0,0,0,0,0,0,0
24℃,100%,4级,阴,0,0,0,0,0,0,0,0
25℃,100%,4级,阴,0,0,0,0,0,0,0,0
25℃,100%,2级,阴,0,0,0,0,0,0,0,0
26℃,99%,4级,阴,0,0,0,0,0,0,0,0
26℃,97%,4级,阴,0,0,0,0,0,0,0,0
26℃,97%,4级,阴,0,0,0,0,0,0,0,0
28℃,91%,4级,阴,0,0,0,0,0,0,0,0
28℃,93%,3级,阴,0,0,0,0,0,0,0,0
28℃,89%,3级,阴,0,0,0,0,0,0,0,0
28℃,92%,1级,阴,0,0,0,0,0,0,0,0
29℃,87%,4级,阴,0,0,0,0,0,0,0,0
29℃,86%,4级,阴,0,0,0,0,0,0,0,0
30℃,81%,4级,阴,0,0,0,0,0,0,0,0
30℃,84%,2级,阴,0,0,0,0,0,0,0,0
29℃,84%,3级,阴,0,0,0,0,0,0,0,0
29℃,84%,3级,阴,0,0,0,0,0,0,0,0
29℃,86%,5级,阴,0,0,0,0,0,0,0,0
29℃,85%,4级,阴,0,0,0,0,0,0,0,0
28℃,87%,4级,多云,0,0,0,0,0,0,0,0
28℃,91%,3级,多云,0,0,0,0,0,0,0,0
27℃,94%,3级,多云,20,48,25,88,48,25,502,918
27℃,85%,1级,多云,20,46,25,79,46,25,466,457
26℃,98%,3级,多云,19,46,25,79,46,25,466,457
26℃,99%,2级,多云,18,46,25,73,46,25,463,429
26℃,100%,3级,晴,17,46,25,79,46,25,461,426
26℃,100%,3级,晴,17,46,25,79,46,25,461,426
26℃,100%,2级,晴,19,45,24,77,45,24,461,432
25℃,100%,2级,晴,18,45,24,76,45,24,475,428
25℃,100%,2级,晴,18,45,25,76,45,25,475,428
25℃,100%,3级,晴,17,46,25,73,46,25,484,422
25℃,100%,3级,晴,17,46,25,73,46,25,484,422
25℃,100%,2级,晴,17,46,25,74,46,25,489,417
25℃,100%,2级,晴,17,46,25,74,46,25,312,410
25℃,100%,2级,晴,18,46,25,74,46,25,312,410
25℃,100%,2级,晴,18,45,24,75,45,24,309,413
25℃,100%,2级,晴,17,47,24,76,47,24,306,402
25℃,100%,2级,晴,17,47,24,76,47,24,306,402
24℃,100%,2级,多云,17,47,24,76,47,24,306,402
24℃,100%,2级,多云,17,47,25,77,47,25,310,379
24℃,100%,2级,多云,17,46,24,74,46,24,313,371
24℃,100%,1级,多云,16,47,25,74,47,25,308,390
24℃,100%,2级,多云,0,0,25,0,0,25,0,0
24℃,100%,2级,多云,0,0,0,0,0,0,0,0
24℃,100%,2级,多云,0,0,0,0,0,0,0,0
25℃,100%,2级,多云,0,0,0,0,0,0,0,0
25℃,99%,2级,多云,0,0,0,0,0,0,0,0
26℃,96%,1级,多云,0,0,0,0,0,0,0,0
27℃,91%,1级,多云,0,0,0,0,0,0,0,0
29℃,91%,2级,多云,0,0,0,0,0,0,0,0
30℃,78%,2级,多云,0,0,0,0,0,0,0,0
31℃,79%,2级,多云,0,0,0,0,0,0,0,0
31℃,75%,2级,多云,0,0,0,0,0,0,0,0
32℃,73%,2级,多云,0,0,0,0,0,0,0,0
31℃,77%,2级,多云,0,0,0,0,0,0,0,0
32℃,71%,2级,多云,0,0,0,0,0,0,0,0
32℃,76%,2级,多云,0,0,0,0,0,0,0,0
32℃,73%,3级,多云,0,0,0,0,0,0,0,0
33℃,70%,2级,多云,0,0,0,0,0,0,0,0
32℃,69%,3级,多云,0,0,0,0,0,0,0,0
32℃,73%,2级,多云,0,0,0,0,0,0,0,0
32℃,72%,2级,多云,0,0,0,0,0,0,0,0
32℃,68%,3级,多云,0,0,0,0,0,0,0,0
32℃,69%,3级,多云,0,0,0,0,0,0,0,0
32℃,70%,2级,多云,0,0,0,0,0,0,0,0
31℃,76%,3级,多云,0,0,0,0,0,0,0,0
30℃,79%,3级,多云,0,0,0,0,0,0,0,0
30℃,83%,2级,多云,0,0,0,0,0,0,0,0
28℃,88%,3级,多云,21,50,24,90,50,24,511,825
28℃,92%,3级,多云,18,50,25,81,50,25,459,450
27℃,95%,4级,晴,18,48,25,81,48,25,459,450
27℃,96%,3级,晴,17,46,25,72,46,25,453,420
26℃,96%,3级,晴,16,46,25,72,46,25,450,413
26℃,97%,3级,晴,16,46,25,72,46,25,450,413
26℃,98%,2级,晴,16,46,25,71,46,25,470,419
26℃,97%,3级,晴,17,46,25,72,46,25,468,407
26℃,98%,3级,多云,17,46,26,72,46,26,468,407
26℃,98%,2级,多云,15,46,25,74,46,25,474,419
26℃,99%,3级,多云,15,47,25,74,47,25,474,419
26℃,100%,3级,多云,16,47,25,75,47,25,471,402
25℃,100%,3级,多云,16,47,25,69,47,25,306,398
25℃,100%,3级,多云,16,49,25,69,49,25,306,398
25℃,100%,3级,多云,16,48,26,69,48,26,307,362
25℃,100%,3级,多云,16,48,26,68,48,26,307,362
25℃,100%,3级,多云,16,48,26,68,48,26,306,356
25℃,100%,2级,多云,16,48,25,69,48,25,305,369
25℃,100%,2级,多云,15,49,25,69,49,25,307,354
25℃,100%,2级,多云,15,49,25,72,49,25,307,354
26℃,100%,3级,多云,16,49,25,75,49,25,308,348
26℃,100%,3级,阴,16,49,25,75,49,25,308,348
26℃,100%,3级,阴,0,0,0,0,0,0,0,0
26℃,100%,2级,阴,0,0,0,0,0,0,0,0
26℃,100%,3级,阴,0,0,0,0,0,0,0,0
26℃,100%,2级,阴,0,0,0,0,0,0,0,0
31℃,81%,2级,多云,0,0,0,0,0,0,0,0
32℃,78%,2级,多云,0,0,0,0,0,0,0,0
31℃,78%,2级,多云,0,0,0,0,0,0,0,0
32℃,77%,2级,多云,0,0,0,0,0,0,0,0
32℃,74%,3级,多云,0,0,0,0,0,0,0,0
33℃,71%,2级,多云,0,0,0,0,0,0,0,0
33℃,69%,3级,多云,0,0,0,0,0,0,0,0
32℃,72%,2级,多云,0,0,0,0,0,0,0,0
32℃,73%,3级,多云,0,0,0,0,0,0,0,0
31℃,75%,4级,晴,0,0,0,0,0,0,0,0
31℃,76%,3级,晴,0,0,0,0,0,0,0,0
30℃,79%,3级,晴,0,0,0,0,0,0,0,0
29℃,83%,3级,晴,0,0,0,0,0,0,0,0
29℃,88%,3级,晴,21,51,25,93,51,25,547,798
28℃,91%,3级,晴,17,49,25,76,49,25,455,464
28℃,91%,3级,晴,17,49,25,76,49,25,455,464
28℃,92%,3级,晴,17,46,25,72,46,25,449,405
27℃,95%,2级,晴,17,46,24,70,46,24,467,392
27℃,95%,3级,晴,17,47,24,70,47,24,467,392
27℃,95%,3级,晴,16,46,26,70,46,26,468,380
27℃,95%,3级,晴,16,47,26,71,47,26,468,374
27℃,94%,2级,多云,16,47,26,71,47,26,468,374
27℃,96%,2级,多云,16,48,25,74,48,25,470,363
27℃,97%,2级,多云,16,48,25,74,48,25,470,363
26℃,97%,3级,多云,17,49,25,73,49,25,467,352
26℃,98%,3级,多云,16,50,25,72,50,25,301,313
26℃,99%,3级,多云,16,50,25,72,50,25,301,313
26℃,100%,3级,多云,17,50,25,72,50,25,303,321
25℃,100%,3级,多云,16,50,25,69,50,25,302,323
25℃,100%,2级,多云,16,50,25,69,50,25,302,323
25℃,100%,2级,多云,17,51,26,69,51,26,302,325
25℃,100%,2级,多云,16,49,26,69,49,26,306,329
25℃,100%,3级,多云,16,49,26,69,49,26,306,329
25℃,100%,2级,多云,15,49,25,72,49,25,302,329
24℃,100%,2级,阴,15,49,25,72,49,25,302,329
24℃,100%,3级,阴,0,0,0,0,0,0,0,0
25℃,100%,2级,阴,0,0,0,0,0,0,0,0
25℃,100%,2级,阴,0,0,0,0,0,0,0,0
26℃,100%,2级,阴,0,0,0,0,0,0,0,0
27℃,96%,2级,阴,0,0,0,0,0,0,0,0
28℃,92%,2级,阴,0,0,0,0,0,0,0,0
28℃,89%,2级,阴,0,0,0,0,0,0,0,0
28℃,93%,2级,阴,0,0,0,0,0,0,0,0
30℃,87%,2级,阴,0,0,0,0,0,0,0,0
30℃,85%,1级,多云,0,0,0,0,0,0,0,0
31℃,82%,1级,多云,0,0,0,0,0,0,0,0
32℃,77%,1级,多云,0,0,0,0,0,0,0,0
32℃,71%,2级,多云,0,0,0,0,0,0,0,0
33℃,70%,2级,多云,0,0,0,0,0,0,0,0
33℃,67%,1级,多云,0,0,0,0,0,0,0,0
33℃,69%,2级,多云,0,0,0,0,0,0,0,0
32℃,70%,2级,多云,0,0,0,0,0,0,0,0
33℃,67%,2级,多云,0,0,0,0,0,0,0,0
32℃,70%,2级,多云,0,0,0,0,0,0,0,0
32℃,71%,3级,多云,0,0,0,0,0,0,0,0
32℃,72%,2级,多云,0,0,0,0,0,0,0,0
31℃,75%,3级,多云,0,0,0,0,0,0,0,0
31℃,77%,3级,多云,0,0,0,0,0,0,0,0
31℃,76%,3级,多云,0,0,0,0,0,0,0,0
30℃,80%,3级,多云,0,0,0,0,0,0,0,0
29℃,84%,2级,多云,21,52,25,89,52,25,575,781
29℃,88%,3级,多云,21,48,25,89,48,25,575,781
29℃,89%,3级,雨,18,48,25,75,48,25,453,443
28℃,91%,3级,雨,17,47,24,73,47,24,453,412
28℃,92%,3级,雨,16,48,25,71,48,25,453,412
27℃,93%,3级,雨,16,48,25,71,48,25,466,372
27℃,94%,3级,雨,17,47,25,71,47,25,466,361
27℃,95%,3级,雨,17,47,26,71,47,26,466,361
27℃,95%,3级,多云,17,47,26,74,47,26,474,348
26℃,95%,1级,多云,17,50,25,72,50,25,469,300
26℃,96%,2级,多云,17,50,25,72,50,25,469,300
26℃,98%,2级,多云,16,49,25,73,49,25,470,319
26℃,99%,2级,多云,17,49,25,73,49,25,295,308
26℃,98%,2级,多云,17,49,25,73,49,25,295,308
26℃,99%,2级,多云,16,49,25,71,49,25,299,302
26℃,100%,2级,多云,16,51,26,72,51,26,299,294
26℃,100%,2级,多云,16,51,26,72,51,26,299,294
25℃,100%,3级,多云,15,50,26,72,50,26,299,274
25℃,100%,3级,多云,15,50,26,72,50,26,299,274
25℃,100%,2级,多云,16,48,25,72,48,25,298,270
25℃,100%,3级,多云,16,49,25,73,49,25,302,271
25℃,100%,2级,多云,16,49,25,73,49,25,302,271
25℃,100%,2级,多云,0,0,0,0,0,0,0,0
25℃,100%,2级,多云,0,0,0,0,0,0,0,0
25℃,100%,2级,多云,0,0,0,0,0,0,0,0
25℃,100%,3级,多云,0,0,0,0,0,0,0,0
26℃,100%,2级,多云,0,0,0,0,0,0,0,0
26℃,100%,2级,多云,0,0,0,0,0,0,0,0
27℃,96%,2级,多云,0,0,0,0,0,0,0,0
28℃,92%,2级,多云,0,0,0,0,0,0,0,0
30℃,87%,2级,多云,0,0,0,0,0,0,0,0
30℃,82%,2级,阴,0,0,0,0,0,0,0,0
31℃,79%,2级,阴,0,0,0,0,0,0,0,0
32℃,72%,1级,阴,0,0,0,0,0,0,0,0
32℃,66%,3级,阴,0,0,0,0,0,0,0,0
33℃,66%,2级,阴,0,0,0,0,0,0,0,0
33℃,67%,2级,阴,0,0,0,0,0,0,0,0
32℃,62%,3级,阴,0,0,0,0,0,0,0,0
33℃,60%,3级,阴,0,0,0,0,0,0,0,0
34℃,62%,2级,阴,0,0,0,0,0,0,0,0
33℃,64%,2级,阴,0,0,0,0,0,0,0,0
33℃,64%,3级,阴,0,0,0,0,0,0,0,0
32℃,67%,4级,阴,0,0,0,0,0,0,0,0
32℃,68%,4级,多云,0,0,0,0,0,0,0,0
31℃,71%,4级,多云,0,0,0,0,0,0,0,0
30℃,75%,4级,多云,0,0,0,0,0,0,0,0
29℃,80%,4级,多云,0,0,0,0,0,0,0,0
28℃,86%,3级,多云,21,53,26,90,53,26,561,715
27℃,87%,4级,多云,17,50,26,79,50,26,445,442
27℃,91%,4级,阴,17,50,25,79,50,25,445,442
27℃,94%,4级,阴,16,48,25,75,48,25,460,395
26℃,96%,4级,阴,17,48,25,73,48,25,463,363
26℃,98%,3级,阴,17,48,25,73,48,25,463,363
26℃,99%,3级,阴,15,47,26,71,47,26,464,329
26℃,99%,2级,阴,16,49,26,80,49,26,468,291
25℃,100%,3级,多云,16,49,26,80,49,26,468,291
25℃,100%,3级,多云,15,49,25,69,49,25,460,293
25℃,100%,3级,多云,15,49,25,67,49,25,462,270
25℃,100%,2级,多云,15,51,26,67,51,26,458,274
25℃,100%,3级,多云,17,51,25,68,51,25,458,274
25℃,100%,3级,多云,17,51,25,68,51,25,293,275
25℃,100%,3级,多云,16,50,25,68,50,25,287,278
25℃,100%,2级,多云,16,50,25,71,50,25,294,265
25℃,100%,3级,多云,16,50,25,71,50,25,294,265
25℃,100%,3级,多云,15,49,26,71,49,26,295,260
25℃,100%,2级,多云,15,50,25,71,50,25,297,263
25℃,100%,2级,多云,15,50,25,71,50,25,297,263
25℃,100%,2级,多云,15,49,25,68,49,25,297,257
25℃,100%,2级,多云,0,0,0,0,0,0,0,0
25℃,100%,2级,多云,0,0,0,0,0,0,0,0
25℃,100%,2级,多云,0,0,0,0,0,0,0,0
26℃,100%,2级,多云,0,0,0,0,0,0,0,0
26℃,98%,3级,多云,0,0,0,0,0,0,0,0
27℃,95%,2级,多云,0,0,0,0,0,0,0,0
28℃,93%,2级,多云,0,0,0,0,0,0,0,0
28℃,89%,3级,多云,0,0,0,0,0,0,0,0
29℃,83%,3级,多云,0,0,0,0,0,0,0,0
29℃,76%,4级,多云,0,0,0,0,0,0,0,0
29℃,82%,2级,多云,0,0,0,0,0,0,0,0
28℃,84%,0级,多云,0,0,0,0,0,0,0,0
29℃,83%,2级,多云,0,0,0,0,0,0,0,0
29℃,82%,2级,多云,0,0,0,0,0,0,0,0
29℃,82%,2级,多云,0,0,0,0,0,0,0,0
30℃,72%,3级,多云,0,0,0,0,0,0,0,0
31℃,76%,2级,多云,0,0,0,0,0,0,0,0
30℃,77%,3级,多云,0,0,0,0,0,0,0,0
30℃,77%,2级,多云,0,0,0,0,0,0,0,0
29℃,80%,3级,多云,0,0,0,0,0,0,0,0
29℃,83%,2级,多云,0,0,0,0,0,0,0,0
29℃,83%,2级,多云,0,0,0,0,0,0,0,0
30℃,79%,3级,多云,0,0,0,0,0,0,0,0
29℃,81%,4级,多云,0,0,0,0,0,0,0,0
29℃,82%,3级,多云,0,0,0,0,0,0,0,0
28℃,87%,4级,多云,0,0,0,0,0,0,0,0
27℃,88%,2级,多云,21,53,26,92,53,26,563,731
29℃,88%,3级,多云,16,50,25,77,50,25,465,511
26℃,94%,4级,多云,16,49,25,70,49,25,468,457
26℃,96%,4级,多云,17,47,25,70,47,25,467,415
26℃,97%,3级,多云,17,47,25,70,47,25,467,415
25℃,99%,2级,多云,16,47,25,77,47,25,469,371
25℃,100%,2级,多云,15,48,25,71,48,25,455,338
25℃,100%,2级,多云,15,48,25,71,48,25,455,338
25℃,100%,3级,多云,15,49,26,69,49,26,453,303
24℃,100%,2级,多云,15,49,26,69,49,26,453,303
24℃,100%,2级,多云,15,50,26,68,50,26,454,282
24℃,100%,1级,多云,15,49,26,71,49,26,289,263
24℃,100%,2级,多云,15,49,26,71,49,26,289,263
24℃,100%,1级,多云,14,50,26,72,50,26,292,264
24℃,100%,0级,多云,14,49,26,75,49,26,290,266
24℃,100%,1级,多云,14,49,26,75,49,26,290,266
24℃,100%,2级,多云,15,49,25,69,49,25,292,269
24℃,100%,2级,多云,16,49,25,70,49,25,290,269
24℃,100%,3级,多云,16,49,25,70,49,25,290,269
24℃,100%,3级,多云,15,48,25,70,48,25,287,265
24℃,100%,2级,多云,15,48,25,70,48,25,287,265
23℃,100%,2级,多云,0,0,0,0,0,0,0,0
24℃,100%,0级,多云,0,0,0,0,0,0,0,0
24℃,100%,3级,多云,0,0,0,0,0,0,0,0
24℃,100%,2级,多云,0,0,0,0,0,0,0,0
26℃,95%,1级,多云,0,0,0,0,0,0,0,0
26℃,92%,2级,多云,0,0,0,0,0,0,0,0
28℃,84%,3级,多云,0,0,0,0,0,0,0,0
30℃,80%,2级,多云,0,0,0,0,0,0,0,0
31℃,75%,2级,多云,0,0,0,0,0,0,0,0
32℃,72%,2级,多云,0,0,0,0,0,0,0,0
32℃,69%,2级,多云,0,0,0,0,0,0,0,0
32℃,62%,3级,多云,0,0,0,0,0,0,0,0
32℃,58%,3级,多云,0,0,0,0,0,0,0,0
32℃,60%,3级,多云,0,0,0,0,0,0,0,0
33℃,59%,3级,多云,0,0,0,0,0,0,0,0
33℃,57%,3级,多云,0,0,0,0,0,0,0,0
33℃,65%,2级,多云,0,0,0,0,0,0,0,0
32℃,65%,3级,多云,0,0,0,0,0,0,0,0
34℃,68%,4级,多云,0,0,0,0,0,0,0,0
32℃,70%,3级,多云,0,0,0,0,0,0,0,0
32℃,68%,4级,多云,0,0,0,0,0,0,0,0
31℃,76%,4级,多云,0,0,0,0,0,0,0,0
29℃,81%,4级,多云,0,0,0,0,0,0,0,0
29℃,84%,4级,多云,0,54,0,0,54,0,0,0
28℃,89%,4级,多云,19,54,25,90,54,25,559,672
27℃,91%,3级,多云,16,50,25,77,50,25,445,489
27℃,92%,4级,晴,16,50,25,77,50,25,445,489
27℃,93%,4级,晴,15,47,25,72,47,25,437,444
27℃,95%,4级,晴,15,47,26,72,47,26,437,444
26℃,97%,3级,晴,15,47,26,72,47,26,438,373
26℃,98%,4级,晴,15,47,26,71,47,26,458,342
26℃,99%,3级,晴,15,47,26,71,47,26,458,342
25℃,100%,3级,多云,16,47,26,71,47,26,457,279
25℃,100%,3级,多云,15,48,26,66,48,26,460,270
25℃,100%,2级,多云,15,48,26,66,48,26,460,270
25℃,100%,2级,多云,15,49,26,67,49,26,462,260
25℃,100%,2级,多云,15,48,25,67,48,25,290,264
25℃,100%,2级,多云,15,48,25,66,48,25,290,264
25℃,100%,2级,多云,16,49,26,68,49,26,291,258
25℃,100%,2级,多云,14,49,27,66,49,27,290,249
25℃,100%,2级,多云,14,49,27,66,49,27,290,249
25℃,100%,2级,多云,15,49,26,65,49,26,291,249
25℃,100%,2级,多云,15,49,26,68,49,26,292,251
25℃,100%,2级,多云,15,49,26,68,49,26,292,251
25℃,100%,0级,多云,15,49,26,68,49,26,290,249
25℃,100%,1级,多云,0,0,0,0,0,0,0,0
25℃,100%,2级,多云,0,0,0,0,0,0,0,0
25℃,100%,1级,多云,0,0,0,0,0,0,0,0
25℃,100%,0级,多云,0,0,0,0,0,0,0,0
25℃,100%,0级,多云,0,0,0,0,0,0,0,0
26℃,98%,1级,多云,0,0,0,0,0,0,0,0
28℃,89%,0级,多云,0,0,0,0,0,0,0,0
29℃,79%,0级,多云,0,0,0,0,0,0,0,0
30℃,76%,2级,多云,0,0,0,0,0,0,0,0
31℃,76%,2级,多云,0,0,0,0,0,0,0,0
31℃,71%,2级,多云,0,0,0,0,0,0,0,0
32℃,64%,2级,多云,0,0,0,0,0,0,0,0
32℃,66%,2级,多云,0,0,0,0,0,0,0,0
32℃,62%,2级,多云,0,0,0,0,0,0,0,0
32℃,63%,2级,多云,0,0,0,0,0,0,0,0
32℃,60%,3级,多云,0,0,0,0,0,0,0,0
32℃,61%,2级,多云,0,0,0,0,0,0,0,0
32℃,63%,2级,多云,0,0,0,0,0,0,0,0
31℃,66%,2级,多云,0,0,0,0,0,0,0,0
32℃,63%,3级,多云,0,0,0,0,0,0,0,0
31℃,66%,2级,多云,0,0,0,0,0,0,0,0
31℃,66%,2级,多云,0,0,0,0,0,0,0,0
31℃,67%,3级,多云,0,0,0,0,0,0,0,0
30℃,65%,3级,多云,0,0,0,0,0,0,0,0
30℃,67%,2级,多云,0,0,0,0,0,0,0,0
29℃,65%,4级,多云,18,51,25,88,51,25,548,651
28℃,66%,3级,多云,15,48,26,74,48,26,440,459
28℃,69%,3级,多云,15,48,26,74,48,26,440,459
28℃,69%,3级,多云,15,48,25,70,48,25,439,403
28℃,70%,3级,多云,15,48,24,69,48,24,458,346
27℃,72%,2级,多云,15,48,24,69,48,24,458,346
27℃,74%,2级,多云,15,47,26,69,47,26,457,309
27℃,78%,2级,多云,15,46,25,68,46,25,461,285
26℃,79%,2级,多云,15,46,25,68,46,25,461,285
26℃,82%,2级,多云,14,47,25,65,47,25,466,233
25℃,84%,2级,多云,14,47,25,65,47,25,466,233
25℃,85%,1级,多云,15,48,25,66,48,25,465,231
25℃,85%,1级,多云,14,48,25,65,48,25,289,232
25℃,83%,2级,多云,14,48,25,65,48,25,289,232
25℃,81%,3级,多云,15,47,25,64,47,25,285,234
25℃,83%,2级,多云,15,48,25,71,48,25,285,227
25℃,82%,1级,多云,15,48,25,71,48,25,285,227
24℃,84%,0级,多云,14,47,26,65,47,26,289,231
25℃,80%,2级,多云,16,48,26,66,48,26,293,230
22℃,93%,2级,多云,16,48,26,66,48,26,293,230
22℃,94%,2级,多云,15,49,25,69,49,25,288,227
22℃,94%,2级,晴,15,49,25,69,49,25,288,227
22℃,95%,3级,晴,0,0,0,0,0,0,0,0
23℃,92%,3级,晴,0,0,0,0,0,0,0,0
23℃,87%,0级,晴,0,0,0,0,0,0,0,0
24℃,85%,0级,晴,0,0,0,0,0,0,0,0
25℃,78%,0级,晴,0,0,0,0,0,0,0,0
28℃,68%,1级,晴,0,0,0,0,0,0,0,0
29℃,66%,2级,晴,0,0,0,0,0,0,0,0
29℃,65%,2级,晴,0,0,0,0,0,0,0,0
30℃,64%,1级,晴,0,0,0,0,0,0,0,0
30℃,60%,1级,阴,0,0,0,0,0,0,0,0
31℃,61%,1级,阴,0,0,0,0,0,0,0,0
31℃,64%,2级,多云,0,0,0,0,0,0,0,0
31℃,62%,2级,多云,0,0,0,0,0,0,0,0
31℃,63%,2级,多云,0,0,0,0,0,0,0,0
30℃,66%,2级,多云,0,0,0,0,0,0,0,0
31℃,65%,1级,多云,0,0,0,0,0,0,0,0
30℃,67%,2级,多云,0,0,0,0,0,0,0,0
31℃,65%,2级,多云,0,0,0,0,0,0,0,0
31℃,66%,2级,多云,0,0,0,0,0,0,0,0
31℃,66%,2级,多云,0,0,0,0,0,0,0,0
30℃,67%,4级,多云,0,0,0,0,0,0,0,0
30℃,70%,3级,多云,0,0,0,0,0,0,0,0
30℃,71%,3级,多云,0,0,0,0,0,0,0,0
29℃,73%,3级,多云,0,0,0,0,0,0,0,0
29℃,74%,3级,多云,0,0,0,0,0,0,0,0
29℃,76%,3级,多云,16,51,25,88,51,25,534,600
28℃,79%,3级,多云,16,51,25,74,51,25,445,440
28℃,77%,3级,阴,15,48,26,74,48,26,445,440
27℃,78%,2级,阴,15,48,26,75,48,26,461,382
27℃,78%,2级,阴,15,46,26,68,46,26,458,329
27℃,79%,2级,阴,15,46,26,68,46,26,458,329
27℃,84%,2级,阴,15,46,25,68,46,25,456,292
27℃,85%,2级,阴,15,46,25,67,46,25,459,271
26℃,88%,2级,阴,15,46,25,67,46,25,459,271
26℃,92%,2级,阴,15,47,25,64,47,25,455,227
26℃,93%,2级,阴,15,47,25,64,47,25,455,227
26℃,93%,3级,阴,14,48,25,65,48,25,460,228
25℃,100%,3级,雨,15,48,25,65,48,25,290,229
25℃,99%,2级,雨,15,48,25,65,48,25,290,229
25℃,100%,2级,阴,15,48,26,65,48,26,289,223
25℃,100%,2级,阴,15,48,26,66,48,26,292,228
25℃,100%,2级,阴,15,47,26,66,47,26,292,228
25℃,100%,3级,阴,14,47,25,68,47,25,292,226
25℃,100%,2级,阴,15,47,25,72,47,25,290,222
25℃,100%,2级,阴,15,48,25,72,48,25,290,222
25℃,100%,2级,阴,14,47,25,69,47,25,291,220
25℃,100%,3级,多云,14,47,25,69,47,25,291,220
25℃,100%,2级,多云,0,0,0,14,0,0,0,0
25℃,100%,2级,多云,0,0,0,0,0,0,0,0
25℃,100%,1级,多云,0,0,0,0,0,0,0,0
25℃,99%,2级,多云,0,0,0,0,0,0,0,0
26℃,95%,2级,多云,0,0,0,0,0,0,0,0
28℃,86%,2级,多云,0,0,0,0,0,0,0,0
28℃,82%,3级,多云,0,0,0,0,0,0,0,0
28℃,84%,2级,多云,0,0,0,0,0,0,0,0
29℃,79%,3级,多云,0,0,0,0,0,0,0,0
29℃,76%,3级,阴,0,0,0,0,0,0,0,0
29℃,75%,3级,阴,0,0,0,0,0,0,0,0
29℃,72%,4级,阴,0,0,0,0,0,0,0,0
31℃,66%,4级,阴,0,0,0,0,0,0,0,0
29℃,72%,3级,阴,0,0,0,0,0,0,0,0
27℃,83%,4级,雨,0,0,0,0,0,0,0,0
28℃,78%,5级,雨,0,0,0,0,0,0,0,0
26℃,87%,3级,雨,0,0,0,0,0,0,0,0
26℃,91%,3级,雨,0,0,0,0,0,0,0,0
27℃,83%,3级,阴,0,0,0,0,0,0,0,0
28℃,81%,3级,阴,0,0,0,0,0,0,0,0
28℃,76%,3级,阴,0,0,0,0,0,0,0,0
29℃,65%,3级,多云,0,0,0,0,0,0,0,0
29℃,65%,3级,多云,0,0,0,0,0,0,0,0
27℃,79%,3级,阴,0,0,0,0,0,0,0,0
27℃,80%,4级,阴,0,0,0,0,0,0,0,0
26℃,82%,4级,阴,15,51,25,86,51,25,527,583
26℃,84%,3级,阴,14,48,26,75,48,26,443,426
26℃,87%,3级,阴,14,48,26,75,48,26,443,426
25℃,87%,3级,阴,15,47,25,69,47,25,465,359
25℃,89%,4级,阴,14,47,25,67,47,25,464,314
25℃,91%,4级,阴,14,47,25,67,47,25,464,314
25℃,93%,3级,阴,15,46,25,68,46,25,466,277
25℃,94%,3级,阴,15,47,25,75,47,25,460,255
25℃,92%,3级,多云,15,47,25,75,47,25,460,255
25℃,92%,2级,多云,14,46,25,64,46,25,467,216
24℃,93%,2级,多云,14,46,25,64,46,25,467,216
24℃,93%,2级,多云,15,47,25,63,47,25,464,218
24℃,92%,2级,多云,15,48,25,64,48,25,287,219
24℃,93%,2级,多云,15,48,25,64,48,25,287,219
24℃,94%,2级,多云,15,47,25,62,47,25,287,220
24℃,95%,2级,多云,14,47,25,63,47,25,289,223
24℃,96%,1级,多云,14,47,25,63,47,25,289,223
24℃,100%,2级,雨,15,46,26,67,46,26,290,219
24℃,100%,2级,雨,15,47,26,65,47,26,289,219
24℃,100%,2级,雨,15,47,26,65,47,26,289,219
23℃,100%,2级,雨,14,47,26,67,47,26,289,219
23℃,100%,2级,雨,14,47,26,67,47,26,289,219
23℃,100%,1级,多云,0,0,0,0,0,0,0,0
24℃,100%,2级,多云,0,0,0,0,0,0,0,0
24℃,100%,1级,多云,0,0,0,0,0,0,0,0
25℃,100%,2级,多云,0,0,0,0,0,0,0,0
25℃,99%,2级,多云,0,0,0,0,0,0,0,0
26℃,95%,2级,多云,0,0,0,0,0,0,0,0
26℃,95%,2级,多云,0,0,0,0,0,0,0,0
27℃,91%,2级,多云,0,0,0,0,0,0,0,0
28℃,86%,3级,多云,0,0,0,0,0,0,0,0
28℃,82%,3级,多云,0,0,0,0,0,0,0,0
29℃,78%,3级,多云,0,0,0,0,0,0,0,0
28℃,81%,4级,多云,0,0,0,0,0,0,0,0
28℃,83%,3级,多云,0,0,0,0,0,0,0,0
29℃,82%,3级,多云,0,0,0,0,0,0,0,0
29℃,82%,3级,多云,0,0,0,0,0,0,0,0
28℃,84%,3级,多云,0,0,0,0,0,0,0,0
28℃,81%,4级,多云,0,0,0,0,0,0,0,0
30℃,80%,3级,多云,0,0,0,0,0,0,0,0
29℃,77%,4级,多云,0,0,0,0,0,0,0,0
29℃,77%,5级,多云,0,0,0,0,0,0,0,0
28℃,82%,4级,多云,0,0,0,0,0,0,0,0
28℃,83%,4级,多云,0,0,0,0,0,0,0,0
27℃,85%,4级,多云,0,0,0,0,0,0,0,0
26℃,95%,2级,雨,0,0,0,0,0,0,0,0
26℃,93%,3级,雨,0,0,0,0,0,0,0,0
26℃,93%,2级,雨,16,53,26,92,53,26,505,667
26℃,93%,3级,多云,16,53,26,92,53,26,505,667
26℃,92%,3级,多云,15,47,26,72,47,26,462,408
25℃,91%,3级,多云,15,46,25,69,46,25,459,365
25℃,90%,3级,多云,15,46,25,67,46,25,462,314
25℃,87%,3级,多云,15,46,25,67,46,25,462,314
25℃,85%,3级,多云,15,46,25,67,46,25,458,285
25℃,84%,3级,多云,14,46,25,67,46,25,458,285
25℃,85%,2级,多云,14,46,25,67,46,25,467,255
25℃,94%,2级,多云,15,46,25,63,46,25,459,221
25℃,96%,2级,多云,15,45,25,63,45,25,459,221
25℃,97%,2级,多云,14,46,25,64,46,25,460,223
25℃,98%,2级,多云,15,47,25,62,47,25,460,223
25℃,100%,2级,多云,15,47,25,62,47,25,288,224
25℃,100%,1级,多云,14,46,26,63,46,26,291,222
25℃,100%,2级,多云,14,46,26,64,46,26,291,222
24℃,100%,2级,多云,14,46,25,64,46,25,290,221
25℃,100%,2级,多云,15,46,26,65,46,26,290,221
24℃,100%,2级,多云,15,46,26,67,46,26,290,221
24℃,100%,2级,多云,14,46,25,67,46,25,290,224
24℃,100%,2级,多云,13,46,25,68,46,25,290,225
24℃,100%,1级,阴,13,46,25,68,46,25,290,225
24℃,100%,2级,阴,0,0,0,0,0,0,0,0
24℃,100%,1级,阴,0,0,0,0,0,0,0,0
24℃,100%,2级,阴,0,0,0,0,0,0,0,0
25℃,100%,2级,阴,0,0,0,0,0,0,0,0
26℃,95%,2级,阴,0,0,0,0,0,0,0,0
28℃,84%,2级,阴,0,0,0,0,0,0,0,0
29℃,77%,2级,阴,0,0,0,0,0,0,0,0
29℃,74%,3级,阴,0,0,0,0,0,0,0,0
29℃,78%,2级,阴,0,0,0,0,0,0,0,0
29℃,74%,2级,阴,0,0,0,0,0,0,0,0
30℃,74%,3级,多云,0,0,0,0,0,0,0,0
30℃,66%,3级,阴,0,0,0,0,0,0,0,0
30℃,68%,2级,阴,0,0,0,0,0,0,0,0
30℃,69%,2级,阴,0,0,0,0,0,0,0,0
30℃,68%,2级,多云,0,0,0,0,0,0,0,0
30℃,70%,2级,阴,0,0,0,0,0,0,0,0
30℃,73%,2级,阴,0,0,0,0,0,0,0,0
30℃,77%,2级,阴,0,0,0,0,0,0,0,0
30℃,76%,2级,阴,0,0,0,0,0,0,0,0
30℃,77%,2级,多云,0,0,0,0,0,0,0,0
31℃,77%,3级,多云,0,0,0,0,0,0,0,0
28℃,85%,3级,多云,0,0,0,0,0,0,0,0
28℃,88%,3级,多云,0,0,0,0,0,0,0,0
27℃,91%,4级,多云,15,51,26,92,51,26,508,619
27℃,92%,3级,多云,14,47,25,75,47,25,444,433
26℃,94%,3级,多云,14,47,25,75,47,25,444,433
26℃,95%,2级,多云,14,45,25,68,45,25,456,363
26℃,96%,3级,多云,15,46,25,67,46,25,460,309
26℃,97%,3级,多云,15,46,25,67,46,25,460,309
26℃,96%,3级,多云,14,44,25,65,44,25,465,275
26℃,96%,3级,多云,14,46,26,67,46,26,458,256
26℃,97%,2级,雨,14,46,26,67,46,26,458,256
25℃,99%,3级,雨,15,45,25,64,45,25,470,221
25℃,100%,2级,雨,15,45,25,64,45,25,470,221
25℃,100%,2级,雨,14,46,24,63,46,24,467,218
25℃,100%,1级,雨,13,46,26,73,46,26,292,217
25℃,100%,2级,阴,13,46,26,73,46,26,292,217
24℃,96%,1级,阴,14,46,25,64,46,25,294,216
23℃,100%,1级,雨,14,47,26,63,47,26,302,203
22℃,100%,2级,雨,14,47,26,63,47,26,302,203
22℃,100%,2级,阴,13,46,26,72,46,26,296,207
22℃,100%,2级,阴,14,46,26,72,46,26,296,212
22℃,100%,2级,雨,14,46,25,65,46,25,296,212
22℃,100%,2级,雨,13,46,25,63,46,25,297,213
22℃,100%,2级,雨,13,46,25,63,46,25,297,213
22℃,100%,2级,阴,0,0,0,0,0,0,0,0
21℃,100%,2级,阴,0,0,0,0,0,0,0,0
21℃,100%,3级,阴,0,0,0,0,0,0,0,0
21℃,100%,2级,阴,0,0,0,0,0,0,0,0
22℃,95%,1级,阴,0,0,0,0,0,0,0,0
22℃,92%,2级,阴,0,0,0,0,0,0,0,0
22℃,92%,2级,阴,0,0,0,0,0,0,0,0
22℃,91%,2级,雨,0,0,0,0,0,0,0,0
23℃,86%,2级,雨,0,0,0,0,0,0,0,0
25℃,75%,2级,雨,0,0,0,0,0,0,0,0
25℃,78%,1级,雨,0,0,0,0,0,0,0,0
25℃,78%,2级,雨,0,0,0,0,0,0,0,0
26℃,72%,2级,雨,0,0,0,0,0,0,0,0
25℃,77%,2级,阴,0,0,0,0,0,0,0,0
25℃,78%,2级,阴,0,0,0,0,0,0,0,0
25℃,78%,3级,阴,0,0,0,0,0,0,0,0
23℃,83%,3级,阴,0,0,0,0,0,0,0,0
22℃,83%,3级,阴,0,0,0,0,0,0,0,0
22℃,87%,3级,阴,0,0,0,0,0,0,0,0
22℃,86%,3级,多云,0,0,0,0,0,0,0,0
22℃,87%,3级,多云,0,0,0,0,0,0,0,0
21℃,91%,2级,多云,0,0,0,0,0,0,0,0
20℃,96%,2级,雨,0,0,0,0,0,0,0,0
20℃,94%,2级,多云,14,48,26,76,48,26,450,510
20℃,95%,3级,多云,14,46,25,70,46,25,457,361
20℃,94%,2级,多云,14,46,25,70,46,25,457,361
20℃,93%,2级,多云,14,45,26,65,45,26,459,330
20℃,92%,2级,多云,14,46,25,65,46,25,458,307
20℃,91%,1级,多云,14,46,25,65,46,25,458,307
20℃,89%,2级,多云,13,45,25,66,45,25,463,294
20℃,86%,0级,多云,14,45,24,64,45,24,460,289
20℃,84%,0级,多云,14,45,24,64,45,24,460,289
