,temperature,humidity,winp,weather,shebei2_huilu1,shebei3_huilu1,shebei4_huilu1,shebei1_huilu2,shebei3_huilu1,shebei4_huilu1,shebei5_huilu1,shebei5_huilu2
0,15,100,2,0,1,1,1,1,1,1,1,1
1,15,100,3,0,1,1,1,1,1,1,1,1
2,15,100,3,0,1,1,1,1,1,1,1,1
3,15,100,4,0,1,1,1,1,1,1,1,1
4,15,100,2,0,1,1,1,1,1,1,1,1
5,15,100,3,1,1,1,1,1,1,1,1,1
6,15,100,3,0,1,1,1,1,1,1,1,1
7,14,100,2,0,1,1,1,1,1,1,1,1
8,15,100,2,0,1,1,1,1,1,1,1,1
9,14,100,2,0,1,1,1,1,1,1,1,1
10,14,100,2,0,1,1,1,1,1,1,1,1
11,14,100,2,0,1,1,1,1,1,1,1,1
12,14,100,1,0,1,1,1,1,1,1,1,1
13,14,100,0,1,1,0,1,1,0,1,1,1
14,14,100,2,1,0,0,0,0,0,0,0,0
15,14,100,2,1,0,0,0,0,0,0,0,0
16,14,100,0,1,0,0,0,0,0,0,0,0
17,15,100,0,1,0,0,0,0,0,0,0,0
18,15,100,0,1,0,0,0,0,0,0,0,0
19,16,100,1,1,0,0,0,0,0,0,0,0
20,16,95,0,1,0,0,0,0,0,0,0,0
21,17,92,2,1,0,0,0,0,0,0,0,0
22,18,84,1,1,0,0,0,0,0,0,0,0
23,17,88,0,1,0,0,0,0,0,0,0,0
24,17,88,0,1,0,0,0,0,0,0,0,0
25,17,91,2,1,0,0,0,0,0,0,0,0
26,17,94,2,1,0,0,0,0,0,0,0,0
27,17,93,2,1,0,0,0,0,0,0,0,0
28,17,90,2,1,0,0,0,0,0,0,0,0
29,18,84,1,1,0,0,0,0,0,0,0,0
30,19,78,0,1,0,0,0,0,0,0,0,0
31,18,84,0,1,0,0,0,0,0,0,0,0
32,18,87,2,1,0,0,0,0,0,0,0,0
33,18,88,2,1,0,0,0,0,0,0,0,0
34,17,87,2,1,0,0,0,0,0,0,0,0
35,17,89,2,1,0,0,0,0,0,0,0,0
36,17,91,2,1,0,0,0,0,0,0,0,0
37,16,92,3,1,0,0,0,0,0,0,0,0
38,16,93,2,1,1,1,1,1,1,1,1,1
39,16,97,3,1,1,1,1,1,1,1,1,1
40,15,100,2,0,1,1,1,1,1,1,1,1
41,15,100,2,0,1,1,1,1,1,1,1,1
42,15,100,1,0,1,1,1,0,1,1,1,1
43,15,100,1,0,1,1,1,0,1,1,1,1
44,15,100,0,0,1,1,1,1,1,1,1,1
45,15,100,0,1,1,1,1,1,1,1,1,1
46,15,100,0,0,1,1,1,1,1,1,1,1
47,15,100,2,1,1,1,1,1,1,1,1,1
48,15,100,2,1,1,1,1,1,1,1,1,1
49,15,100,0,1,1,1,1,1,1,1,1,1
50,15,100,0,0,1,1,1,1,1,1,1,1
51,15,100,1,0,1,1,1,1,1,1,1,1
52,15,100,1,1,1,1,1,1,1,1,1,1
53,15,100,1,1,1,1,1,1,1,1,1,1
54,15,100,0,1,1,1,1,1,1,1,1,1
55,15,100,0,1,1,1,1,1,1,1,1,1
56,15,100,0,1,1,1,1,1,1,1,1,1
57,15,100,0,1,1,1,1,1,1,1,1,1
58,15,100,2,1,1,1,1,1,1,1,1,1
59,15,100,2,0,1,1,1,1,1,1,1,1
60,15,100,2,2,1,1,1,1,1,1,1,1
61,15,100,1,1,0,0,0,0,0,0,0,0
62,15,100,1,0,0,0,0,0,0,0,0,0
63,15,100,2,0,0,0,0,0,0,0,0,0
64,15,100,2,0,0,0,0,0,0,0,0,0
65,15,100,2,0,0,0,0,0,0,0,0,0
66,15,100,1,2,0,0,0,0,0,0,0,0
67,16,100,0,0,0,0,0,0,0,0,0,0
68,16,100,0,1,0,0,0,0,0,0,0,0
69,16,100,0,1,0,0,0,0,0,0,0,0
70,16,100,0,0,0,0,0,0,0,0,0,0
71,17,100,0,0,0,0,0,0,0,0,0,0
72,17,100,0,1,0,0,0,0,0,0,0,0
73,17,100,0,1,0,0,0,0,0,0,0,0
74,17,100,0,1,0,0,0,0,0,0,0,0
75,17,100,0,0,0,0,0,0,0,0,0,0
76,17,100,0,1,0,0,0,0,0,0,0,0
77,17,100,0,0,0,0,0,0,0,0,0,0
78,17,100,0,0,0,0,0,0,0,0,0,0
79,17,100,0,0,0,0,0,0,0,0,0,0
80,17,100,0,1,0,0,0,0,0,0,0,0
81,17,100,2,0,0,0,0,0,0,0,0,0
82,17,100,0,0,0,0,0,0,0,0,0,0
83,17,100,0,2,0,0,0,0,0,0,0,0
84,17,100,1,2,0,0,0,0,0,0,0,0
85,17,100,2,0,1,1,1,1,1,1,1,1
86,17,100,2,2,1,1,1,1,1,1,1,1
87,17,100,2,0,1,1,1,1,1,1,1,1
88,17,100,0,0,1,1,1,1,1,1,1,1
89,17,100,1,0,1,1,1,1,1,1,1,1
90,17,100,2,2,1,1,1,1,1,1,1,1
91,18,100,2,2,1,1,1,1,1,1,1,1
92,18,100,2,2,1,1,1,1,1,1,1,1
93,18,100,2,2,1,1,1,1,1,1,1,1
94,18,100,0,2,1,1,1,1,1,1,1,1
95,18,100,0,3,1,1,1,1,1,1,1,1
96,18,100,0,3,1,1,1,1,1,1,1,1
97,18,100,1,0,1,1,1,1,1,1,1,1
98,19,100,2,0,1,1,1,1,1,1,1,1
99,19,100,2,3,1,1,1,1,1,1,1,1
100,19,100,1,3,1,1,1,1,1,1,1,1
101,19,100,2,2,1,1,1,1,1,1,1,1
102,19,100,2,2,1,1,1,1,1,1,1,1
103,19,100,2,3,1,1,1,1,1,1,1,1
104,19,100,2,2,1,1,1,1,1,1,1,1
105,19,100,2,1,1,1,1,1,1,1,1,1
106,19,100,2,1,1,1,1,1,1,1,1,1
107,19,100,1,2,1,1,1,1,1,1,1,1
108,19,100,1,2,0,0,0,0,0,0,0,0
109,19,100,2,2,0,0,0,0,0,0,0,0
110,20,100,2,1,0,0,0,0,0,0,0,0
111,20,100,2,1,0,0,0,0,0,0,0,0
112,20,100,2,1,0,0,0,0,0,0,0,0
113,21,100,0,1,0,0,0,0,0,0,0,0
114,21,100,0,1,0,0,0,0,0,0,0,0
115,22,100,1,1,0,0,0,0,0,0,0,0
116,23,100,2,1,0,0,0,0,0,0,0,0
117,23,99,2,1,0,0,0,0,0,0,0,0
118,23,95,0,1,0,0,0,0,0,0,0,0
119,24,95,0,1,0,0,0,0,0,0,0,0
120,24,93,0,1,0,0,0,0,0,0,0,0
121,24,95,2,1,0,0,0,0,0,0,0,0
122,24,98,0,1,0,0,0,0,0,0,0,0
123,23,99,2,0,0,0,0,0,0,0,0,0
124,24,98,0,0,0,0,0,0,0,0,0,0
125,24,97,0,1,0,0,0,0,0,0,0,0
126,23,98,2,0,0,0,0,0,0,0,0,0
127,20,100,4,0,0,0,0,0,0,0,0,0
128,19,100,3,0,0,0,0,0,0,0,0,0
129,19,100,3,0,0,0,0,0,0,0,0,0
130,18,100,3,0,1,1,1,0,1,1,0,0
131,18,100,3,0,1,1,1,0,1,1,1,1
132,18,100,4,0,1,1,1,0,1,1,1,1
133,16,100,4,0,1,1,1,0,1,1,1,1
134,16,100,1,0,1,1,1,0,1,1,1,1
135,16,100,2,0,1,1,1,0,1,1,1,1
136,16,100,3,0,1,1,1,0,1,1,1,1
137,16,100,2,0,1,1,1,0,1,1,1,1
138,16,100,1,0,1,1,1,0,1,1,1,1
139,16,100,2,1,1,1,1,1,1,1,1,1
140,16,100,2,1,1,1,1,1,1,1,1,1
141,16,100,2,1,1,1,1,1,1,1,1,1
142,16,100,2,1,1,1,1,1,1,1,1,1
143,16,100,3,1,1,1,1,1,1,1,1,1
144,16,100,2,1,1,1,1,1,1,1,1,1
145,16,100,1,1,1,1,1,1,1,1,1,1
146,16,100,2,1,1,1,1,1,1,1,1,1
147,16,100,1,1,1,0,1,1,0,1,1,1
148,16,100,0,0,1,0,1,1,0,1,1,1
149,16,100,1,0,1,1,1,1,1,1,1,1
150,16,100,0,0,1,1,1,1,1,1,1,1
151,16,100,1,0,1,1,1,1,1,1,1,1
152,16,100,2,1,1,1,1,1,1,1,1,1
153,16,100,0,1,1,1,1,1,1,1,1,1
154,16,100,0,0,1,1,1,1,1,1,1,1
155,16,100,1,0,0,0,0,0,0,0,0,0
156,16,100,2,1,0,0,0,0,0,0,0,0
157,16,100,2,0,0,0,0,0,0,0,0,0
158,16,100,2,1,0,0,0,0,0,0,0,0
159,16,100,1,0,0,0,0,0,0,0,0,0
160,17,100,0,1,0,0,0,0,0,0,0,0
161,17,100,0,1,0,0,0,0,0,0,0,0
162,17,100,0,1,0,0,0,0,0,0,0,0
163,17,100,1,0,0,0,0,0,0,0,0,0
164,17,100,2,0,0,0,0,0,0,0,0,0
165,17,100,2,0,0,0,0,0,0,0,0,0
166,17,100,2,1,0,0,0,0,0,0,0,0
167,17,100,2,0,0,0,0,0,0,0,0,0
168,18,100,2,0,0,0,0,0,0,0,0,0
169,18,99,2,0,0,0,0,0,0,0,0,0
170,18,98,2,0,0,0,0,0,0,0,0,0
171,18,100,1,0,0,0,0,0,0,0,0,0
172,18,99,1,0,0,0,0,0,0,0,0,0
173,18,100,2,1,0,0,0,0,0,0,0,0
174,17,100,1,1,0,0,0,0,0,0,0,0
175,17,100,0,0,0,0,0,0,0,0,0,0
176,17,100,2,0,0,0,0,0,0,0,0,0
177,17,100,2,0,1,1,1,1,1,1,0,0
178,16,100,3,1,1,1,1,1,1,1,1,1
179,16,100,2,1,1,1,1,1,1,1,1,1
180,16,100,2,1,1,1,1,1,1,1,1,1
181,16,100,1,0,1,1,1,1,1,1,1,1
182,16,100,2,1,1,1,1,1,1,1,1,1
183,16,100,2,1,1,1,1,1,1,1,1,1
184,16,100,2,1,1,1,1,1,1,1,1,1
185,16,100,1,0,1,1,1,1,1,1,1,1
186,16,100,0,0,1,1,1,1,1,1,1,1
187,16,100,0,0,1,1,1,1,1,1,1,1
188,16,100,0,0,1,1,1,1,1,1,1,1
189,16,100,0,0,1,1,1,1,1,1,1,1
190,16,100,0,1,1,1,1,1,1,1,1,1
191,16,100,0,1,1,1,1,1,1,1,1,1
192,16,100,0,1,1,1,1,1,1,1,1,1
193,16,100,0,1,1,1,1,1,1,1,1,1
194,16,100,0,1,1,1,1,1,1,1,1,1
195,16,100,1,1,1,1,1,1,1,1,1,1
196,16,100,0,3,1,1,1,1,1,1,1,1
197,16,100,0,3,1,1,1,1,1,1,1,1
198,16,100,1,1,1,1,1,1,1,1,1,1
199,16,99,0,1,1,1,1,0,1,1,1,1
200,16,99,0,1,0,0,0,0,0,0,0,0
201,16,97,0,1,0,0,0,0,0,0,0,0
202,17,96,1,1,0,0,0,0,0,0,0,0
203,18,94,1,1,0,0,0,0,0,0,0,0
204,18,89,1,1,0,0,0,0,0,0,0,0
205,18,87,0,1,0,0,0,0,0,0,0,0
206,19,80,0,1,0,0,0,0,0,0,0,0
207,20,82,1,1,0,0,0,0,0,0,0,0
208,21,71,0,1,0,0,0,0,0,0,0,0
209,22,70,1,1,0,0,0,0,0,0,0,0
210,22,75,1,1,0,0,0,0,0,0,0,0
211,22,65,1,1,0,0,0,0,0,0,0,0
212,24,64,1,1,0,0,0,0,0,0,0,0
213,24,60,1,1,0,0,0,0,0,0,0,0
214,25,60,0,1,0,0,0,0,0,0,0,0
215,25,59,1,1,0,0,0,0,0,0,0,0
216,26,56,0,1,0,0,0,0,0,0,0,0
217,26,56,1,1,0,0,0,0,0,0,0,0
218,26,60,1,1,0,0,0,0,0,0,0,0
219,26,59,1,1,0,0,0,0,0,0,0,0
220,25,60,1,1,0,0,0,0,0,0,0,0
221,25,64,1,1,0,0,0,0,0,0,0,0
222,25,63,0,1,0,0,0,0,0,0,0,0
223,23,70,0,1,0,0,0,0,0,0,0,0
224,22,73,1,1,1,1,1,1,1,1,1,1
225,22,75,0,1,1,1,1,1,1,1,1,1
226,22,76,1,3,1,1,1,1,1,1,1,1
227,22,76,0,3,1,1,1,1,1,1,1,1
228,22,85,0,3,1,1,1,1,1,1,1,1
229,21,87,0,3,1,1,1,1,1,1,1,1
230,21,90,0,3,1,1,1,1,1,1,1,1
231,20,93,0,3,1,1,1,1,1,1,1,1
232,20,94,1,3,1,1,1,1,1,1,1,1
233,20,97,1,3,1,1,1,1,1,1,1,1
234,20,95,0,3,1,1,1,1,1,1,1,1
235,21,93,1,3,1,1,1,1,1,1,1,1
236,20,96,0,3,1,1,1,1,1,1,1,1
237,20,100,1,3,1,1,1,1,1,1,1,1
238,19,100,0,3,1,1,1,1,1,1,1,1
239,20,98,0,3,1,1,1,1,1,1,1,1
240,20,97,0,3,1,1,1,1,1,1,1,1
241,20,99,1,3,1,1,1,1,1,1,1,1
242,20,100,0,3,1,1,1,1,1,1,1,1
243,20,100,0,3,1,1,1,1,1,1,1,1
244,19,100,0,3,1,1,1,1,1,1,1,1
245,19,100,0,3,1,1,1,1,1,1,1,1
246,19,100,0,3,0,0,0,0,0,0,0,0
247,19,100,1,3,0,0,0,0,0,0,0,0
248,19,100,0,3,0,0,0,0,0,0,0,0
249,20,100,0,3,0,0,0,0,0,0,0,0
250,21,97,1,3,0,0,0,0,0,0,0,0
251,23,89,0,3,0,0,0,0,0,0,0,0
252,25,76,0,3,0,0,0,0,0,0,0,0
253,25,72,2,3,0,0,0,0,0,0,0,0
254,26,70,2,3,0,0,0,0,0,0,0,0
255,26,71,3,1,0,0,0,0,0,0,0,0
256,26,70,2,1,0,0,0,0,0,0,0,0
257,26,74,2,3,0,0,0,0,0,0,0,0
258,27,72,2,3,0,0,0,0,0,0,0,0
259,27,77,2,3,0,0,0,0,0,0,0,0
260,27,77,2,3,0,0,0,0,0,0,0,0
261,28,71,2,3,0,0,0,0,0,0,0,0
262,27,77,1,3,0,0,0,0,0,0,0,0
263,26,79,2,3,0,0,0,0,0,0,0,0
264,26,83,2,3,0,0,0,0,0,0,0,0
265,27,75,2,3,0,0,0,0,0,0,0,0
266,27,77,1,3,0,0,0,0,0,0,0,0
267,27,79,0,3,0,0,0,0,0,0,0,0
268,27,78,1,3,0,0,0,0,0,0,0,0
269,27,83,2,3,0,0,0,0,0,0,0,0
270,25,89,2,3,0,0,0,0,0,0,0,0
271,25,92,2,3,1,1,1,1,1,1,1,1
272,24,94,2,3,1,1,1,1,1,1,1,1
273,24,95,2,3,1,1,1,1,1,1,1,1
274,24,96,2,3,1,1,1,1,1,1,1,1
275,23,98,2,3,1,1,1,1,1,1,1,1
276,23,99,3,3,1,1,1,1,1,1,1,1
277,23,100,3,3,1,1,1,1,1,1,1,1
278,23,100,2,3,1,1,1,1,1,1,1,1
279,23,100,0,3,1,1,1,1,1,1,1,1
280,22,100,2,3,1,1,1,1,1,1,1,1
281,22,100,1,3,1,1,1,1,1,1,1,1
282,22,100,0,3,1,1,1,1,1,1,1,1
283,22,100,0,3,1,1,1,1,1,1,1,1
284,22,100,0,3,1,1,1,1,1,1,1,1
285,22,100,0,3,1,1,1,1,1,1,1,1
286,22,100,0,3,1,1,1,1,1,1,1,1
287,23,100,0,2,1,1,1,1,1,1,1,1
288,21,97,3,4,1,1,1,1,1,1,1,1
289,22,100,0,3,1,1,1,1,1,1,1,1
290,22,100,2,3,1,1,1,1,1,1,1,1
291,22,100,2,1,1,1,1,1,1,1,1,1
292,21,100,2,2,1,1,1,1,1,1,0,0
293,21,100,2,1,0,0,0,0,0,0,0,0
294,22,100,1,1,0,0,0,0,0,0,0,0
295,22,100,2,1,0,0,0,0,0,0,0,0
296,22,100,2,1,0,0,0,0,0,0,0,0
297,23,99,2,1,0,0,0,0,0,0,0,0
298,24,92,1,1,0,0,0,0,0,0,0,0
299,25,89,2,1,0,0,0,0,0,0,0,0
300,26,88,2,1,0,0,0,0,0,0,0,0
301,27,82,1,3,0,0,0,0,0,0,0,0
302,29,78,2,3,0,0,0,0,0,0,0,0
303,30,71,2,3,0,0,0,0,0,0,0,0
304,29,75,1,3,0,0,0,0,0,0,0,0
305,30,68,2,3,0,0,0,0,0,0,0,0
306,30,64,2,3,0,0,0,0,0,0,0,0
307,29,67,1,3,0,0,0,0,0,0,0,0
308,29,67,1,3,0,0,0,0,0,0,0,0
309,30,67,2,3,0,0,0,0,0,0,0,0
310,30,64,2,3,0,0,0,0,0,0,0,0
311,30,67,2,3,0,0,0,0,0,0,0,0
312,29,71,2,3,0,0,0,0,0,0,0,0
313,30,70,2,3,0,0,0,0,0,0,0,0
314,29,70,3,3,0,0,0,0,0,0,0,0
315,28,76,3,3,0,0,0,0,0,0,0,0
316,27,82,3,3,0,0,0,0,0,0,0,0
317,26,87,3,3,1,1,1,1,1,1,1,1
318,26,92,3,3,1,1,1,1,1,1,1,1
319,25,95,3,3,1,1,1,1,1,1,1,1
320,25,95,3,3,1,1,1,1,1,1,1,1
321,24,97,3,3,1,1,1,1,1,1,1,1
322,24,99,4,3,1,1,1,1,1,1,1,1
323,24,100,3,3,1,1,1,1,1,1,1,1
324,24,100,3,3,1,1,1,1,1,1,1,1
325,23,100,2,3,1,1,1,1,1,1,1,1
326,23,100,3,3,1,1,1,1,1,1,1,1
327,23,100,3,3,1,1,1,1,1,1,1,1
328,23,100,2,3,1,1,1,1,1,1,1,1
329,23,100,2,3,1,1,1,1,1,1,1,1
330,23,100,2,3,1,1,1,1,1,1,1,1
331,23,100,2,3,1,1,1,1,1,1,1,1
332,22,100,0,3,1,1,1,1,1,1,1,1
333,23,100,2,3,1,1,1,1,1,1,1,1
334,22,100,0,3,1,1,1,1,1,1,1,1
335,22,100,0,3,1,1,1,1,1,1,1,1
336,22,100,2,3,1,1,1,1,1,1,1,1
337,22,100,3,3,1,1,1,1,1,1,1,1
338,22,100,2,1,1,1,1,1,1,1,1,1
339,22,100,3,1,0,1,0,0,1,0,0,0
340,22,100,3,1,0,0,0,0,0,0,0,0
341,22,100,2,1,0,0,0,0,0,0,0,0
342,22,100,2,1,0,0,0,0,0,0,0,0
343,23,100,2,1,0,0,0,0,0,0,0,0
344,25,89,3,1,0,0,0,0,0,0,0,0
345,26,87,2,1,0,0,0,0,0,0,0,0
346,27,82,2,1,0,0,0,0,0,0,0,0
347,27,80,2,1,0,0,0,0,0,0,0,0
348,26,82,2,3,0,0,0,0,0,0,0,0
349,26,84,0,3,0,0,0,0,0,0,0,0
350,28,76,3,3,0,0,0,0,0,0,0,0
351,28,67,4,3,0,0,0,0,0,0,0,0
352,28,71,3,3,0,0,0,0,0,0,0,0
353,29,68,3,3,0,0,0,0,0,0,0,0
354,29,69,4,3,0,0,0,0,0,0,0,0
355,29,68,3,3,0,0,0,0,0,0,0,0
356,29,68,3,3,0,0,0,0,0,0,0,0
357,29,75,4,3,0,0,0,0,0,0,0,0
358,29,71,3,3,0,0,0,0,0,0,0,0
359,28,79,4,3,0,0,0,0,0,0,0,0
360,27,84,4,3,0,0,0,0,0,0,0,0
361,27,85,3,3,0,0,0,0,0,0,0,0
362,26,89,4,3,0,0,0,0,0,0,0,0
363,26,90,4,3,0,0,0,0,0,0,0,0
364,26,92,4,3,1,1,1,1,1,1,1,1
365,25,93,3,3,1,1,1,1,1,1,1,1
366,25,95,3,4,1,1,1,1,1,1,1,1
367,24,97,3,4,1,1,1,1,1,1,1,1
368,24,98,4,4,1,1,1,1,1,1,1,1
369,24,99,4,4,1,1,1,1,1,1,1,1
370,24,100,4,4,1,1,1,1,1,1,1,1
371,24,100,3,4,1,1,1,1,1,1,1,1
372,23,100,2,3,1,1,1,1,1,1,1,1
373,23,100,2,3,1,1,1,1,1,1,1,1
374,23,100,2,3,1,1,1,1,1,1,1,1
375,23,100,0,3,1,1,1,1,1,1,1,1
376,23,100,2,3,1,1,1,1,1,1,1,1
377,24,100,2,3,1,1,1,1,1,1,1,1
378,23,100,3,3,1,1,1,1,1,1,1,1
379,23,100,3,3,1,1,1,1,1,1,1,1
380,23,100,2,3,1,1,1,1,1,1,1,1
381,23,100,2,3,1,1,1,1,1,1,1,1
382,23,100,3,3,1,1,1,1,1,1,1,1
383,23,100,2,3,1,1,1,1,1,1,1,1
384,23,100,2,3,1,1,1,1,1,1,1,1
385,22,100,1,3,1,1,1,1,1,1,1,1
386,22,100,2,3,0,0,0,0,0,0,0,0
387,22,100,2,3,0,0,0,0,0,0,0,0
388,23,100,2,3,0,0,0,0,0,0,0,0
389,23,100,2,3,0,0,0,0,0,0,0,0
390,24,100,2,3,0,0,0,0,0,0,0,0
391,24,98,2,3,0,0,0,0,0,0,0,0
392,26,86,2,3,0,0,0,0,0,0,0,0
393,27,82,2,3,0,0,0,0,0,0,0,0
394,29,76,2,3,0,0,0,0,0,0,0,0
395,27,81,2,3,0,0,0,0,0,0,0,0
396,28,80,2,3,0,0,0,0,0,0,0,0
397,28,78,2,3,0,0,0,0,0,0,0,0
398,29,75,2,3,0,0,0,0,0,0,0,0
399,29,74,3,3,0,0,0,0,0,0,0,0
400,29,74,3,3,0,0,0,0,0,0,0,0
401,29,73,3,3,0,0,0,0,0,0,0,0
402,31,68,2,3,0,0,0,0,0,0,0,0
403,31,66,3,3,0,0,0,0,0,0,0,0
404,31,69,2,3,0,0,0,0,0,0,0,0
405,30,72,2,3,0,0,0,0,0,0,0,0
406,31,71,2,3,0,0,0,0,0,0,0,0
407,31,72,2,3,0,0,0,0,0,0,0,0
408,29,79,3,3,0,0,0,0,0,0,0,0
409,29,81,3,3,0,0,0,0,0,0,0,0
410,28,83,3,3,0,0,0,0,0,0,0,0
411,27,87,3,3,1,1,1,1,1,1,1,1
412,27,91,3,3,1,1,1,1,1,1,1,1
413,26,91,3,4,1,1,1,1,1,1,1,1
414,26,93,3,4,1,1,1,1,1,1,1,1
415,25,95,3,4,1,1,1,1,1,1,1,1
416,25,96,3,4,1,1,1,1,1,1,1,1
417,25,97,3,4,1,1,1,1,1,1,1,1
418,24,98,3,4,1,1,1,1,1,1,1,1
419,24,99,3,3,1,1,1,1,1,1,1,1
420,23,100,3,3,1,1,1,1,1,1,1,1
421,24,100,3,3,1,1,1,1,1,1,1,1
422,23,100,0,3,1,1,1,1,1,1,1,1
423,24,100,2,3,1,1,1,1,1,1,1,1
424,24,100,2,3,1,1,1,1,1,1,1,1
425,24,100,2,3,1,1,1,1,1,1,1,1
426,24,100,3,3,1,1,1,1,1,1,1,1
427,24,100,2,3,1,1,1,1,1,1,1,1
428,24,100,2,3,1,1,1,1,1,1,1,1
429,24,100,2,3,1,1,1,1,1,1,1,1
430,24,100,2,3,1,1,1,1,1,1,1,1
431,24,100,2,3,1,1,1,1,1,1,1,1
432,23,100,2,3,1,1,1,1,1,1,1,1
433,24,100,2,3,0,1,0,0,1,0,0,0
434,23,100,1,3,0,0,0,0,0,0,0,0
435,24,100,2,3,0,0,0,0,0,0,0,0
436,25,100,1,3,0,0,0,0,0,0,0,0
437,27,92,2,3,0,0,0,0,0,0,0,0
438,28,86,2,3,0,0,0,0,0,0,0,0
439,29,80,2,3,0,0,0,0,0,0,0,0
440,30,77,1,3,0,0,0,0,0,0,0,0
441,31,67,2,4,0,0,0,0,0,0,0,0
442,31,66,1,4,0,0,0,0,0,0,0,0
443,32,66,3,3,0,0,0,0,0,0,0,0
444,31,62,3,3,0,0,0,0,0,0,0,0
445,31,66,3,3,0,0,0,0,0,0,0,0
446,32,65,3,3,0,0,0,0,0,0,0,0
447,32,60,3,3,0,0,0,0,0,0,0,0
448,32,63,2,3,0,0,0,0,0,0,0,0
449,31,67,2,3,0,0,0,0,0,0,0,0
450,31,68,1,3,0,0,0,0,0,0,0,0
451,31,62,4,3,0,0,0,0,0,0,0,0
452,31,62,4,3,0,0,0,0,0,0,0,0
453,30,64,3,3,0,0,0,0,0,0,0,0
454,30,68,3,3,0,0,0,0,0,0,0,0
455,29,71,3,3,0,0,0,0,0,0,0,0
456,29,75,3,3,0,0,0,0,0,0,0,0
457,28,78,4,3,1,1,1,1,1,1,1,1
458,27,82,3,3,1,1,1,1,1,1,1,1
459,27,84,3,4,1,1,1,1,1,1,1,1
460,26,86,4,4,1,1,1,1,1,1,1,1
461,26,89,4,4,1,1,1,1,1,1,1,1
462,26,91,4,4,1,1,1,1,1,1,1,1
463,25,93,3,4,1,1,1,1,1,1,1,1
464,25,96,3,4,1,1,1,1,1,1,1,1
465,25,98,3,3,1,1,1,1,1,1,1,1
466,24,99,2,3,1,1,1,1,1,1,1,1
467,24,100,3,3,1,1,1,1,1,1,1,1
468,24,100,3,3,1,1,1,1,1,1,1,1
469,24,100,2,3,1,1,1,1,1,1,1,1
470,23,100,3,3,1,1,1,1,1,1,1,1
471,23,100,3,3,1,1,1,1,1,1,1,1
472,24,100,3,3,1,1,1,1,1,1,1,1
473,24,100,2,3,1,1,1,1,1,1,1,1
474,23,100,2,3,1,1,1,1,1,1,1,1
475,23,100,3,3,1,1,1,1,1,1,1,1
476,23,100,2,3,1,1,1,1,1,1,1,1
477,23,100,2,3,1,1,1,1,1,1,1,1
478,23,100,2,3,0,0,0,0,0,0,0,0
479,24,100,2,3,0,0,0,0,0,0,0,0
480,24,100,2,3,0,0,0,0,0,0,0,0
481,24,100,2,3,0,0,0,0,0,0,0,0
482,24,100,2,3,0,0,0,0,0,0,0,0
483,24,100,2,3,0,0,0,0,0,0,0,0
484,25,100,2,3,0,0,0,0,0,0,0,0
485,25,100,3,3,0,0,0,0,0,0,0,0
486,25,100,2,3,0,0,0,0,0,0,0,0
487,25,100,3,3,0,0,0,0,0,0,0,0
488,24,98,3,1,0,0,0,0,0,0,0,0
489,23,96,2,1,0,0,0,0,0,0,0,0
490,24,89,3,1,0,0,0,0,0,0,0,0
491,23,92,3,1,0,0,0,0,0,0,0,0
492,23,92,3,1,0,0,0,0,0,0,0,0
493,24,88,3,1,0,0,0,0,0,0,0,0
494,22,88,4,1,0,0,0,0,0,0,0,0
495,23,85,3,1,0,0,0,0,0,0,0,0
496,24,80,2,1,0,0,0,0,0,0,0,0
497,25,77,3,1,0,0,0,0,0,0,0,0
498,23,82,3,1,0,0,0,0,0,0,0,0
499,22,86,3,1,0,0,0,0,0,0,0,0
500,21,87,3,1,0,0,0,0,0,0,0,0
501,21,87,3,1,0,0,0,0,0,0,0,0
502,20,89,4,1,0,0,0,0,0,0,0,0
503,20,90,3,1,0,0,0,0,0,0,0,0
504,20,90,3,1,1,1,1,1,1,1,1,1
505,20,90,3,1,1,1,1,1,1,1,1,1
506,20,89,4,1,1,1,1,1,1,1,1,1
507,20,89,4,1,1,1,1,1,1,1,1,1
508,19,89,3,1,1,1,1,1,1,1,1,1
509,19,88,3,1,1,1,1,1,1,1,1,1
510,19,87,2,1,1,1,1,1,1,1,1,1
511,19,87,3,1,1,1,1,1,1,1,1,1
512,19,85,3,0,1,1,1,1,1,1,1,1
513,19,86,3,0,1,1,1,1,1,1,1,1
514,19,86,4,0,1,1,1,1,1,1,1,1
515,19,87,2,0,1,1,1,1,1,1,1,1
516,19,87,2,0,1,1,1,1,1,1,1,1
517,19,86,1,0,1,1,1,1,1,1,1,1
518,18,99,2,0,1,1,1,1,1,1,1,1
519,18,100,2,0,1,1,1,1,1,1,1,1
520,18,100,2,0,1,1,1,1,1,1,1,1
521,18,100,2,0,1,1,1,1,1,1,1,1
522,18,100,2,0,1,1,1,1,1,1,1,1
523,18,100,2,1,1,1,1,1,1,1,1,1
524,17,100,2,1,1,1,1,1,1,1,1,1
525,17,100,2,1,1,1,1,1,1,1,1,1
526,17,100,2,1,0,0,0,0,0,0,0,0
527,17,100,2,1,0,0,0,0,0,0,0,0
528,18,100,2,1,0,0,0,0,0,0,0,0
529,18,98,0,1,0,0,0,0,0,0,0,0
530,18,96,0,1,0,0,0,0,0,0,0,0
531,19,93,1,1,0,0,0,0,0,0,0,0
532,19,95,2,1,0,0,0,0,0,0,0,0
533,20,92,3,1,0,0,0,0,0,0,0,0
534,19,90,2,1,0,0,0,0,0,0,0,0
535,20,90,3,1,0,0,0,0,0,0,0,0
536,21,85,3,1,0,0,0,1,0,0,0,0
537,22,81,2,1,0,0,0,1,0,0,0,0
538,24,71,2,1,0,0,0,1,0,0,0,0
539,25,66,2,1,0,0,0,1,0,0,0,0
540,25,67,3,1,0,0,0,0,0,0,0,0
541,26,64,3,1,0,0,0,0,0,0,0,0
542,26,61,0,1,0,0,0,0,0,0,0,0
543,26,64,2,1,0,0,0,0,0,0,0,0
544,25,65,2,1,0,0,0,0,0,0,0,0
545,24,69,3,1,0,0,0,0,0,0,0,0
546,23,73,2,1,0,0,0,0,0,0,0,0
547,22,76,3,1,0,0,0,0,0,0,0,0
548,22,78,3,1,0,0,0,1,0,0,0,0
549,22,80,3,1,0,0,0,1,0,0,0,0
550,22,82,2,1,0,0,0,1,0,0,0,0
551,21,83,3,1,1,1,1,1,1,1,1,1
552,21,85,3,1,1,1,1,1,1,1,1,1
553,21,86,3,1,1,1,1,1,1,1,1,1
554,21,88,4,1,1,1,1,1,1,1,1,1
555,21,89,4,1,1,1,1,1,1,1,1,1
556,21,90,3,1,1,1,1,1,1,1,1,1
557,21,91,2,1,1,1,1,1,1,1,1,1
558,21,92,2,1,1,1,1,1,1,1,1,1
559,21,93,2,1,1,1,1,1,1,1,1,1
560,21,94,2,1,1,1,1,1,1,1,1,1
561,21,96,2,1,1,1,1,1,1,1,1,1
562,21,97,2,1,1,1,1,1,1,1,1,1
563,21,98,2,1,1,1,1,1,1,1,1,1
564,21,98,2,1,1,1,1,1,1,1,1,1
565,21,99,2,1,1,1,1,1,1,1,1,1
566,21,100,2,1,1,1,1,1,1,1,1,1
567,21,100,2,1,1,1,1,1,1,1,1,1
568,21,100,2,1,1,1,1,1,1,1,1,1
569,21,100,1,1,1,1,1,1,1,1,1,1
570,21,100,1,1,1,1,1,1,1,1,1,1
571,21,100,2,1,1,1,1,1,1,1,1,1
572,21,100,2,0,0,1,0,0,1,0,0,0
573,21,100,2,0,0,0,0,0,0,0,0,0
574,21,100,2,0,0,0,0,0,0,0,0,0
575,21,100,3,0,0,0,0,0,0,0,0,0
576,21,100,2,0,0,0,0,0,0,0,0,0
577,21,100,2,0,0,0,0,0,0,0,0,0
578,22,100,2,0,0,0,0,0,0,0,0,0
579,23,96,0,0,0,0,0,0,0,0,0,0
580,22,96,2,0,0,0,0,0,0,0,0,0
581,23,96,1,0,0,0,0,0,0,0,0,0
582,23,93,2,1,0,0,0,0,0,0,0,0
583,24,93,2,1,0,0,0,0,0,0,0,0
584,24,93,2,1,0,0,0,0,0,0,0,0
585,25,87,2,1,0,0,0,0,0,0,0,0
586,26,83,2,1,0,0,0,0,0,0,0,0
587,27,82,1,1,0,0,0,0,0,0,0,0
588,28,79,2,1,0,0,0,0,0,0,0,0
589,28,80,2,1,0,0,0,0,0,0,0,0
590,29,79,2,1,0,0,0,0,0,0,0,0
591,29,78,2,1,0,0,0,0,0,0,0,0
592,29,83,1,1,0,0,0,0,0,0,0,0
593,28,85,2,1,0,0,0,0,0,0,0,0
594,27,86,2,1,0,0,0,0,0,0,0,0
595,27,88,2,1,0,0,0,1,0,0,0,0
596,26,91,2,1,0,0,0,1,0,0,0,0
597,26,92,3,1,0,0,0,0,0,0,0,0
598,25,95,3,1,1,1,1,1,1,1,1,1
599,25,97,3,1,1,1,1,1,1,1,1,1
600,25,99,3,3,1,1,1,1,1,1,1,1
601,25,99,3,3,1,1,1,1,1,1,1,1
602,25,99,3,3,1,1,1,1,1,1,1,1
603,24,100,3,3,1,1,1,1,1,1,1,1
604,24,100,3,3,1,1,1,1,1,1,1,1
605,24,100,2,3,1,1,1,1,1,1,1,1
606,23,100,2,1,1,1,1,1,1,1,1,1
607,23,100,2,1,1,1,1,1,1,1,1,1
608,23,100,2,1,1,1,1,1,1,1,1,1
609,23,100,2,1,1,1,1,1,1,1,1,1
610,23,100,2,1,1,1,1,1,1,1,1,1
611,23,100,3,1,1,1,1,1,1,1,1,1
612,23,100,2,1,1,1,1,1,1,1,1,1
613,23,100,2,1,1,1,1,1,1,1,1,1
614,23,100,2,1,1,1,1,1,1,1,1,1
615,23,100,2,1,1,1,1,1,1,1,1,1
616,23,100,3,1,1,1,1,1,1,1,1,1
617,23,100,2,1,1,1,1,1,1,1,1,1
618,22,100,2,1,1,1,1,1,1,1,1,1
619,22,100,2,0,1,1,1,1,1,1,1,1
620,22,100,3,0,0,0,0,0,0,0,0,0
621,22,100,1,0,0,0,0,0,0,0,0,0
622,23,100,2,0,0,0,0,0,0,0,0,0
623,23,100,2,0,0,0,0,0,0,0,0,0
624,23,100,2,0,0,0,0,0,0,0,0,0
625,23,99,2,0,0,0,0,0,0,0,0,0
626,24,97,2,0,0,0,0,0,0,0,0,0
627,24,95,1,0,0,0,0,0,0,0,0,0
628,25,93,2,0,0,0,0,0,0,0,0,0
629,25,93,2,0,0,0,0,0,0,0,0,0
630,26,91,2,0,0,0,0,0,0,0,0,0
631,26,89,1,0,0,0,0,0,0,0,0,0
632,27,89,2,0,0,0,0,0,0,0,0,0
633,26,91,2,0,0,0,0,0,0,0,0,0
634,25,95,2,0,0,0,0,0,0,0,0,0
635,24,100,2,0,0,0,0,0,0,0,0,0
636,23,100,4,0,0,0,0,0,0,0,0,0
637,22,100,4,0,0,0,0,0,0,0,0,0
638,22,100,3,0,0,0,0,0,0,0,0,0
639,21,100,4,0,0,0,0,0,0,0,0,0
640,21,100,4,0,0,0,0,0,0,0,0,0
641,21,100,3,0,0,0,0,0,0,0,0,0
642,21,100,3,0,0,0,0,0,0,0,0,0
643,21,100,5,0,0,0,0,0,0,0,0,0
644,20,100,4,0,0,0,0,0,0,0,0,0
645,20,100,4,0,1,1,1,1,1,1,1,1
646,20,100,4,0,1,1,1,1,1,1,1,1
647,20,97,4,0,1,1,1,1,1,1,1,1
648,20,95,3,0,1,1,1,1,1,1,1,1
649,20,94,3,0,1,1,1,1,1,1,1,1
650,20,93,4,0,1,1,1,1,1,1,1,1
651,20,92,4,0,1,1,1,1,1,1,1,1
652,20,92,3,0,1,1,1,1,1,1,1,1
653,20,93,3,3,1,1,1,1,1,1,1,1
654,20,93,2,3,1,1,1,1,1,1,1,1
655,19,93,3,3,1,1,1,1,1,1,1,1
656,19,91,3,3,1,1,1,1,1,1,1,1
657,19,91,3,3,1,1,1,1,1,1,1,1
658,19,91,2,3,1,1,1,1,1,1,1,1
659,19,92,2,3,1,1,1,1,1,1,1,1
660,19,89,3,3,1,1,1,1,1,1,1,1
661,19,87,2,3,1,1,1,1,1,1,1,1
662,19,89,2,3,1,1,1,1,1,1,1,1
663,19,89,3,3,1,1,1,1,1,1,1,1
664,19,87,2,3,1,1,1,1,1,1,1,1
665,19,88,3,3,1,1,1,1,1,1,1,1
666,19,88,2,1,1,1,1,1,1,1,1,1
667,18,88,3,1,0,0,0,0,0,0,0,0
668,18,89,2,1,0,0,0,0,0,0,0,0
669,18,89,2,1,0,0,0,0,0,0,0,0
670,18,88,2,1,0,0,0,0,0,0,0,0
671,19,88,2,1,0,0,0,0,0,0,0,0
672,19,87,1,1,0,0,0,0,0,0,0,0
673,19,88,1,1,0,0,0,0,0,0,0,0
674,19,90,0,1,0,0,0,0,0,0,0,0
675,20,88,0,1,0,0,0,0,0,0,0,0
676,20,84,0,1,0,0,0,0,0,0,0,0
677,21,85,2,1,0,0,0,0,0,0,0,0
678,21,81,2,1,0,0,0,0,0,0,0,0
679,21,82,2,1,0,0,0,0,0,0,0,0
680,21,82,2,1,0,0,0,0,0,0,0,0
681,20,83,1,1,0,0,0,0,0,0,0,0
682,20,82,1,1,0,0,0,0,0,0,0,0
683,21,86,2,1,0,0,0,0,0,0,0,0
684,21,85,0,1,0,0,0,0,0,0,0,0
685,20,88,2,1,0,0,0,0,0,0,0,0
686,20,90,2,1,0,0,0,0,0,0,0,0
687,20,89,0,1,0,0,0,0,0,0,0,0
688,19,93,2,1,0,0,0,0,0,0,0,0
689,19,97,0,1,0,0,0,0,0,0,0,0
690,18,100,2,0,0,0,0,0,0,0,0,0
691,18,100,3,1,0,0,0,0,0,0,0,0
692,18,100,3,1,1,1,1,1,1,1,1,1
693,18,100,2,1,1,1,1,1,1,1,1,1
694,18,100,2,3,1,1,1,1,1,1,1,1
695,18,100,3,3,1,1,1,1,1,1,1,1
696,18,100,2,3,1,1,1,1,1,1,1,1
697,18,100,2,0,1,1,1,1,1,1,1,1
698,18,100,2,3,1,1,1,1,1,1,1,1
699,18,100,1,3,1,1,1,1,1,1,1,1
700,18,100,1,1,1,1,1,1,1,1,1,1
701,18,100,2,1,1,1,1,1,1,1,1,1
702,17,100,0,0,1,1,1,1,1,1,1,1
703,17,100,0,2,1,1,1,1,1,1,1,1
704,17,100,0,0,1,1,1,1,1,1,1,1
705,17,100,2,0,1,1,1,1,1,1,1,1
706,18,100,0,0,1,1,1,1,1,1,1,1
707,18,100,0,2,1,1,1,1,1,1,1,1
708,18,100,0,2,1,1,1,1,1,1,1,1
709,18,100,2,2,1,1,1,1,1,1,1,1
710,17,100,2,1,1,1,1,1,1,1,1,1
711,17,100,1,1,1,1,1,1,1,1,1,1
712,17,100,1,0,1,1,1,1,1,1,1,1
713,17,100,2,0,1,1,1,1,1,1,1,1
714,17,100,2,0,0,0,0,0,0,0,0,0
715,17,100,2,1,0,0,0,0,0,0,0,0
716,17,100,0,1,0,0,0,0,0,0,0,0
717,17,100,0,0,0,0,0,0,0,0,0,0
718,17,100,2,0,0,0,0,0,0,0,0,0
719,18,100,0,0,0,0,0,0,0,0,0,0
720,18,100,0,0,0,0,0,0,0,0,0,0
721,18,100,0,1,0,0,0,0,0,0,0,0
722,18,100,1,1,0,0,0,0,0,0,0,0
723,18,100,0,1,0,0,0,0,0,0,0,0
724,19,100,0,1,0,0,0,0,0,0,0,0
725,21,87,1,1,0,0,0,0,0,0,0,0
726,22,80,0,1,0,0,0,0,0,0,0,0
727,21,81,0,1,0,0,0,0,0,0,0,0
728,22,81,1,1,0,0,0,0,0,0,0,0
729,22,81,1,1,0,0,0,0,0,0,0,0
730,23,75,1,1,0,0,0,0,0,0,0,0
731,24,76,0,1,0,0,0,0,0,0,0,0
732,23,75,0,1,0,0,0,0,0,0,0,0
733,23,76,1,1,0,0,0,0,0,0,0,0
734,23,78,0,3,0,0,0,0,0,0,0,0
735,22,79,0,3,0,0,0,0,0,0,0,0
736,22,80,0,3,0,0,0,0,0,0,0,0
737,22,81,0,3,0,0,0,0,0,0,0,0
738,22,82,0,3,1,1,1,1,1,1,1,1
739,22,86,0,3,1,1,1,1,1,1,1,1
740,21,88,1,4,1,1,1,1,1,1,1,1
741,21,91,0,4,1,0,1,1,0,1,1,1
742,21,90,0,4,1,1,1,1,1,1,1,1
743,21,89,0,4,1,1,1,1,1,1,1,1
744,21,93,0,4,1,1,1,1,1,1,1,1
745,20,94,1,4,1,1,1,1,1,1,1,1
746,20,98,0,3,1,1,1,1,1,1,1,1
747,20,98,2,3,1,1,1,1,1,1,1,1
748,20,96,0,3,1,1,1,1,1,1,1,1
749,20,99,1,3,1,1,1,1,1,1,1,1
750,20,100,0,3,1,1,1,1,1,1,1,1
751,20,100,0,3,1,1,1,1,1,1,1,1
752,20,100,0,3,1,1,1,1,1,1,1,1
753,19,100,1,3,1,1,1,1,1,1,1,1
754,19,100,0,3,1,1,1,1,1,1,1,1
755,19,100,0,3,1,1,1,1,1,1,1,1
756,19,100,0,3,1,1,1,1,1,1,1,1
757,19,100,0,3,1,1,1,1,1,1,1,1
758,19,100,0,3,1,1,1,1,1,1,1,1
759,19,100,1,4,0,0,1,0,0,1,0,0
760,19,100,2,4,0,0,0,0,0,0,0,0
761,19,100,0,4,0,0,0,0,0,0,0,0
762,19,100,1,4,0,0,0,0,0,0,0,0
763,19,100,1,4,0,0,0,0,0,0,0,0
764,20,100,1,4,0,0,0,0,0,0,0,0
765,21,89,2,4,0,0,0,0,0,0,0,0
766,22,85,1,4,0,0,0,0,0,0,0,0
767,22,85,1,4,0,0,0,0,0,0,0,0
768,23,81,2,4,0,0,0,0,0,0,0,0
769,23,83,2,3,0,0,0,0,0,0,0,0
770,24,77,2,3,0,0,0,0,0,0,0,0
771,25,76,2,3,0,0,0,0,0,0,0,0
772,26,74,3,3,0,0,0,0,0,0,0,0
773,24,81,2,3,0,0,0,0,0,0,0,0
774,24,85,2,3,0,0,0,0,0,0,0,0
775,23,92,2,3,0,0,0,0,0,0,0,0
776,23,94,1,1,0,0,0,0,0,0,0,0
777,23,96,2,1,0,0,0,0,0,0,0,0
778,22,100,1,2,0,0,0,0,0,0,0,0
779,22,100,1,2,0,0,0,0,0,0,0,0
780,22,100,2,2,0,0,0,0,0,0,0,0
781,22,100,2,2,0,0,0,0,0,0,0,0
782,22,100,2,2,0,0,0,0,0,0,0,0
783,22,100,2,0,0,0,0,0,0,0,0,0
784,22,100,3,2,1,1,1,1,1,1,1,1
785,21,100,3,0,1,1,1,1,1,1,1,1
786,21,100,3,2,1,1,1,1,1,1,1,1
787,22,100,3,2,1,1,1,1,1,1,1,1
788,22,100,3,2,1,1,1,1,1,1,1,1
789,22,100,2,2,1,1,1,1,1,1,1,1
790,22,100,2,2,1,1,1,1,1,1,1,1
791,22,100,2,2,1,1,1,1,1,1,1,1
792,22,100,3,2,1,1,1,1,1,1,1,1
793,22,100,2,2,1,1,1,1,1,1,1,1
794,22,100,2,2,1,1,1,1,1,1,1,1
795,22,100,3,2,1,1,1,1,1,1,1,1
796,22,100,2,2,1,1,1,1,1,1,1,1
797,22,100,2,2,1,1,1,1,1,1,1,1
798,23,100,2,2,1,1,1,1,1,1,1,1
799,23,100,3,2,1,1,1,1,1,1,1,1
800,23,100,4,2,1,1,1,1,1,1,1,1
801,23,100,4,2,1,1,1,1,1,1,1,1
802,23,100,4,2,1,1,1,1,1,1,1,1
803,23,100,3,2,1,1,1,1,1,1,1,1
804,23,100,2,2,1,1,1,1,1,1,1,1
805,23,100,2,2,0,0,0,0,0,0,0,0
806,23,100,2,2,0,0,0,0,0,0,0,0
807,23,100,3,2,0,0,0,0,0,0,0,0
808,23,100,3,2,0,0,0,0,0,0,0,0
809,23,100,2,2,0,0,0,0,0,0,0,0
810,24,100,2,3,0,0,0,0,0,0,0,0
811,24,100,4,1,0,0,0,0,0,0,0,0
812,25,100,4,1,0,0,0,0,0,0,0,0
813,25,100,2,1,0,0,0,0,0,0,0,0
814,26,99,4,1,0,0,0,0,0,0,0,0
815,26,97,4,1,0,0,0,0,0,0,0,0
816,26,97,4,1,0,0,0,0,0,0,0,0
817,28,91,4,1,0,0,0,0,0,0,0,0
818,28,93,3,1,0,0,0,0,0,0,0,0
819,28,89,3,1,0,0,0,0,0,0,0,0
820,28,92,1,1,0,0,0,0,0,0,0,0
821,29,87,4,1,0,0,0,0,0,0,0,0
822,29,86,4,1,0,0,0,0,0,0,0,0
823,30,81,4,1,0,0,0,0,0,0,0,0
824,30,84,2,1,0,0,0,0,0,0,0,0
825,29,84,3,1,0,0,0,0,0,0,0,0
826,29,84,3,1,0,0,0,0,0,0,0,0
827,29,86,5,1,0,0,0,0,0,0,0,0
828,29,85,4,1,0,0,0,0,0,0,0,0
829,28,87,4,3,0,0,0,0,0,0,0,0
830,28,91,3,3,0,0,0,0,0,0,0,0
831,27,94,3,3,1,1,1,1,1,1,1,1
832,27,85,1,3,1,1,1,1,1,1,1,1
833,26,98,3,3,1,1,1,1,1,1,1,1
834,26,99,2,3,1,1,1,1,1,1,1,1
835,26,100,3,4,1,1,1,1,1,1,1,1
836,26,100,3,4,1,1,1,1,1,1,1,1
837,26,100,2,4,1,1,1,1,1,1,1,1
838,25,100,2,4,1,1,1,1,1,1,1,1
839,25,100,2,4,1,1,1,1,1,1,1,1
840,25,100,3,4,1,1,1,1,1,1,1,1
841,25,100,3,4,1,1,1,1,1,1,1,1
842,25,100,2,4,1,1,1,1,1,1,1,1
843,25,100,2,4,1,1,1,1,1,1,1,1
844,25,100,2,4,1,1,1,1,1,1,1,1
845,25,100,2,4,1,1,1,1,1,1,1,1
846,25,100,2,4,1,1,1,1,1,1,1,1
847,25,100,2,4,1,1,1,1,1,1,1,1
848,24,100,2,3,1,1,1,1,1,1,1,1
849,24,100,2,3,1,1,1,1,1,1,1,1
850,24,100,2,3,1,1,1,1,1,1,1,1
851,24,100,1,3,1,1,1,1,1,1,1,1
852,24,100,2,3,0,0,1,0,0,1,0,0
853,24,100,2,3,0,0,0,0,0,0,0,0
854,24,100,2,3,0,0,0,0,0,0,0,0
855,25,100,2,3,0,0,0,0,0,0,0,0
856,25,99,2,3,0,0,0,0,0,0,0,0
857,26,96,1,3,0,0,0,0,0,0,0,0
858,27,91,1,3,0,0,0,0,0,0,0,0
859,29,91,2,3,0,0,0,0,0,0,0,0
860,30,78,2,3,0,0,0,0,0,0,0,0
861,31,79,2,3,0,0,0,0,0,0,0,0
862,31,75,2,3,0,0,0,0,0,0,0,0
863,32,73,2,3,0,0,0,0,0,0,0,0
864,31,77,2,3,0,0,0,0,0,0,0,0
865,32,71,2,3,0,0,0,0,0,0,0,0
866,32,76,2,3,0,0,0,0,0,0,0,0
867,32,73,3,3,0,0,0,0,0,0,0,0
868,33,70,2,3,0,0,0,0,0,0,0,0
869,32,69,3,3,0,0,0,0,0,0,0,0
870,32,73,2,3,0,0,0,0,0,0,0,0
871,32,72,2,3,0,0,0,0,0,0,0,0
872,32,68,3,3,0,0,0,0,0,0,0,0
873,32,69,3,3,0,0,0,0,0,0,0,0
874,32,70,2,3,0,0,0,0,0,0,0,0
875,31,76,3,3,0,0,0,0,0,0,0,0
876,30,79,3,3,0,0,0,0,0,0,0,0
877,30,83,2,3,0,0,0,0,0,0,0,0
878,28,88,3,3,1,1,1,1,1,1,1,1
879,28,92,3,3,1,1,1,1,1,1,1,1
880,27,95,4,4,1,1,1,1,1,1,1,1
881,27,96,3,4,1,1,1,1,1,1,1,1
882,26,96,3,4,1,1,1,1,1,1,1,1
883,26,97,3,4,1,1,1,1,1,1,1,1
884,26,98,2,4,1,1,1,1,1,1,1,1
885,26,97,3,4,1,1,1,1,1,1,1,1
886,26,98,3,3,1,1,1,1,1,1,1,1
887,26,98,2,3,1,1,1,1,1,1,1,1
888,26,99,3,3,1,1,1,1,1,1,1,1
889,26,100,3,3,1,1,1,1,1,1,1,1
890,25,100,3,3,1,1,1,1,1,1,1,1
891,25,100,3,3,1,1,1,1,1,1,1,1
892,25,100,3,3,1,1,1,1,1,1,1,1
893,25,100,3,3,1,1,1,1,1,1,1,1
894,25,100,3,3,1,1,1,1,1,1,1,1
895,25,100,2,3,1,1,1,1,1,1,1,1
896,25,100,2,3,1,1,1,1,1,1,1,1
897,25,100,2,3,1,1,1,1,1,1,1,1
898,26,100,3,3,1,1,1,1,1,1,1,1
899,26,100,3,1,1,1,1,1,1,1,1,1
900,26,100,3,1,0,0,0,0,0,0,0,0
901,26,100,2,1,0,0,0,0,0,0,0,0
902,26,100,3,1,0,0,0,0,0,0,0,0
903,26,100,2,1,0,0,0,0,0,0,0,0
904,31,81,2,3,0,0,0,0,0,0,0,0
905,32,78,2,3,0,0,0,0,0,0,0,0
906,31,78,2,3,0,0,0,0,0,0,0,0
907,32,77,2,3,0,0,0,0,0,0,0,0
908,32,74,3,3,0,0,0,0,0,0,0,0
909,33,71,2,3,0,0,0,0,0,0,0,0
910,33,69,3,3,0,0,0,0,0,0,0,0
911,32,72,2,3,0,0,0,0,0,0,0,0
912,32,73,3,3,0,0,0,0,0,0,0,0
913,31,75,4,4,0,0,0,0,0,0,0,0
914,31,76,3,4,0,0,0,0,0,0,0,0
915,30,79,3,4,0,0,0,0,0,0,0,0
916,29,83,3,4,0,0,0,0,0,0,0,0
917,29,88,3,4,1,1,1,1,1,1,1,1
918,28,91,3,4,1,1,1,1,1,1,1,1
919,28,91,3,4,1,1,1,1,1,1,1,1
920,28,92,3,4,1,1,1,1,1,1,1,1
921,27,95,2,4,1,1,1,1,1,1,1,1
922,27,95,3,4,1,1,1,1,1,1,1,1
923,27,95,3,4,1,1,1,1,1,1,1,1
924,27,95,3,4,1,1,1,1,1,1,1,1
925,27,94,2,3,1,1,1,1,1,1,1,1
926,27,96,2,3,1,1,1,1,1,1,1,1
927,27,97,2,3,1,1,1,1,1,1,1,1
928,26,97,3,3,1,1,1,1,1,1,1,1
929,26,98,3,3,1,1,1,1,1,1,1,1
930,26,99,3,3,1,1,1,1,1,1,1,1
931,26,100,3,3,1,1,1,1,1,1,1,1
932,25,100,3,3,1,1,1,1,1,1,1,1
933,25,100,2,3,1,1,1,1,1,1,1,1
934,25,100,2,3,1,1,1,1,1,1,1,1
935,25,100,2,3,1,1,1,1,1,1,1,1
936,25,100,3,3,1,1,1,1,1,1,1,1
937,25,100,2,3,1,1,1,1,1,1,1,1
938,24,100,2,1,1,1,1,1,1,1,1,1
939,24,100,3,1,0,0,0,0,0,0,0,0
940,25,100,2,1,0,0,0,0,0,0,0,0
941,25,100,2,1,0,0,0,0,0,0,0,0
942,26,100,2,1,0,0,0,0,0,0,0,0
943,27,96,2,1,0,0,0,0,0,0,0,0
944,28,92,2,1,0,0,0,0,0,0,0,0
945,28,89,2,1,0,0,0,0,0,0,0,0
946,28,93,2,1,0,0,0,0,0,0,0,0
947,30,87,2,1,0,0,0,0,0,0,0,0
948,30,85,1,3,0,0,0,0,0,0,0,0
949,31,82,1,3,0,0,0,0,0,0,0,0
950,32,77,1,3,0,0,0,0,0,0,0,0
951,32,71,2,3,0,0,0,0,0,0,0,0
952,33,70,2,3,0,0,0,0,0,0,0,0
953,33,67,1,3,0,0,0,0,0,0,0,0
954,33,69,2,3,0,0,0,0,0,0,0,0
955,32,70,2,3,0,0,0,0,0,0,0,0
956,33,67,2,3,0,0,0,0,0,0,0,0
957,32,70,2,3,0,0,0,0,0,0,0,0
958,32,71,3,3,0,0,0,0,0,0,0,0
959,32,72,2,3,0,0,0,0,0,0,0,0
960,31,75,3,3,0,0,0,0,0,0,0,0
961,31,77,3,3,0,0,0,0,0,0,0,0
962,31,76,3,3,0,0,0,0,0,0,0,0
963,30,80,3,3,0,0,0,0,0,0,0,0
964,29,84,2,3,1,1,1,1,1,1,1,1
965,29,88,3,3,1,1,1,1,1,1,1,1
966,29,89,3,0,1,1,1,1,1,1,1,1
967,28,91,3,0,1,1,1,1,1,1,1,1
968,28,92,3,0,1,1,1,1,1,1,1,1
969,27,93,3,0,1,1,1,1,1,1,1,1
970,27,94,3,0,1,1,1,1,1,1,1,1
971,27,95,3,0,1,1,1,1,1,1,1,1
972,27,95,3,3,1,1,1,1,1,1,1,1
973,26,95,1,3,1,1,1,1,1,1,1,1
974,26,96,2,3,1,1,1,1,1,1,1,1
975,26,98,2,3,1,1,1,1,1,1,1,1
976,26,99,2,3,1,1,1,1,1,1,1,1
977,26,98,2,3,1,1,1,1,1,1,1,1
978,26,99,2,3,1,1,1,1,1,1,1,1
979,26,100,2,3,1,1,1,1,1,1,1,1
980,26,100,2,3,1,1,1,1,1,1,1,1
981,25,100,3,3,1,1,1,1,1,1,1,1
982,25,100,3,3,1,1,1,1,1,1,1,1
983,25,100,2,3,1,1,1,1,1,1,1,1
984,25,100,3,3,1,1,1,1,1,1,1,1
985,25,100,2,3,1,1,1,1,1,1,1,1
986,25,100,2,3,0,0,0,0,0,0,0,0
987,25,100,2,3,0,0,0,0,0,0,0,0
988,25,100,2,3,0,0,0,0,0,0,0,0
989,25,100,3,3,0,0,0,0,0,0,0,0
990,26,100,2,3,0,0,0,0,0,0,0,0
991,26,100,2,3,0,0,0,0,0,0,0,0
992,27,96,2,3,0,0,0,0,0,0,0,0
993,28,92,2,3,0,0,0,0,0,0,0,0
994,30,87,2,3,0,0,0,0,0,0,0,0
995,30,82,2,1,0,0,0,0,0,0,0,0
996,31,79,2,1,0,0,0,0,0,0,0,0
997,32,72,1,1,0,0,0,0,0,0,0,0
998,32,66,3,1,0,0,0,0,0,0,0,0
999,33,66,2,1,0,0,0,0,0,0,0,0
1000,33,67,2,1,0,0,0,0,0,0,0,0
1001,32,62,3,1,0,0,0,0,0,0,0,0
1002,33,60,3,1,0,0,0,0,0,0,0,0
1003,34,62,2,1,0,0,0,0,0,0,0,0
1004,33,64,2,1,0,0,0,0,0,0,0,0
1005,33,64,3,1,0,0,0,0,0,0,0,0
1006,32,67,4,1,0,0,0,0,0,0,0,0
1007,32,68,4,3,0,0,0,0,0,0,0,0
1008,31,71,4,3,0,0,0,0,0,0,0,0
1009,30,75,4,3,0,0,0,0,0,0,0,0
1010,29,80,4,3,0,0,0,0,0,0,0,0
1011,28,86,3,3,1,1,1,1,1,1,1,1
1012,27,87,4,3,1,1,1,1,1,1,1,1
1013,27,91,4,1,1,1,1,1,1,1,1,1
1014,27,94,4,1,1,1,1,1,1,1,1,1
1015,26,96,4,1,1,1,1,1,1,1,1,1
1016,26,98,3,1,1,1,1,1,1,1,1,1
1017,26,99,3,1,1,1,1,1,1,1,1,1
1018,26,99,2,1,1,1,1,1,1,1,1,1
1019,25,100,3,3,1,1,1,1,1,1,1,1
1020,25,100,3,3,1,1,1,1,1,1,1,1
1021,25,100,3,3,1,1,1,1,1,1,1,1
1022,25,100,2,3,1,1,1,1,1,1,1,1
1023,25,100,3,3,1,1,1,1,1,1,1,1
1024,25,100,3,3,1,1,1,1,1,1,1,1
1025,25,100,3,3,1,1,1,1,1,1,1,1
1026,25,100,2,3,1,1,1,1,1,1,1,1
1027,25,100,3,3,1,1,1,1,1,1,1,1
1028,25,100,3,3,1,1,1,1,1,1,1,1
1029,25,100,2,3,1,1,1,1,1,1,1,1
1030,25,100,2,3,1,1,1,1,1,1,1,1
1031,25,100,2,3,1,1,1,1,1,1,1,1
1032,25,100,2,3,0,0,0,0,0,0,0,0
1033,25,100,2,3,0,0,0,0,0,0,0,0
1034,25,100,2,3,0,0,0,0,0,0,0,0
1035,26,100,2,3,0,0,0,0,0,0,0,0
1036,26,98,3,3,0,0,0,0,0,0,0,0
1037,27,95,2,3,0,0,0,0,0,0,0,0
1038,28,93,2,3,0,0,0,0,0,0,0,0
1039,28,89,3,3,0,0,0,0,0,0,0,0
1040,29,83,3,3,0,0,0,0,0,0,0,0
1041,29,76,4,3,0,0,0,0,0,0,0,0
1042,29,82,2,3,0,0,0,0,0,0,0,0
1043,28,84,0,3,0,0,0,0,0,0,0,0
1044,29,83,2,3,0,0,0,0,0,0,0,0
1045,29,82,2,3,0,0,0,0,0,0,0,0
1046,29,82,2,3,0,0,0,0,0,0,0,0
1047,30,72,3,3,0,0,0,0,0,0,0,0
1048,31,76,2,3,0,0,0,0,0,0,0,0
1049,30,77,3,3,0,0,0,0,0,0,0,0
1050,30,77,2,3,0,0,0,0,0,0,0,0
1051,29,80,3,3,0,0,0,0,0,0,0,0
1052,29,83,2,3,0,0,0,0,0,0,0,0
1053,29,83,2,3,0,0,0,0,0,0,0,0
1054,30,79,3,3,0,0,0,0,0,0,0,0
1055,29,81,4,3,0,0,0,0,0,0,0,0
1056,29,82,3,3,0,0,0,0,0,0,0,0
1057,28,87,4,3,0,0,0,0,0,0,0,0
1058,27,88,2,3,1,1,1,1,1,1,1,1
1059,29,88,3,3,1,1,1,1,1,1,1,1
1060,26,94,4,3,1,1,1,1,1,1,1,1
1061,26,96,4,3,1,1,1,1,1,1,1,1
1062,26,97,3,3,1,1,1,1,1,1,1,1
1063,25,99,2,3,1,1,1,1,1,1,1,1
1064,25,100,2,3,1,1,1,1,1,1,1,1
1065,25,100,2,3,1,1,1,1,1,1,1,1
1066,25,100,3,3,1,1,1,1,1,1,1,1
1067,24,100,2,3,1,1,1,1,1,1,1,1
1068,24,100,2,3,1,1,1,1,1,1,1,1
1069,24,100,1,3,1,1,1,1,1,1,1,1
1070,24,100,2,3,1,1,1,1,1,1,1,1
1071,24,100,1,3,1,1,1,1,1,1,1,1
1072,24,100,0,3,1,1,1,1,1,1,1,1
1073,24,100,1,3,1,1,1,1,1,1,1,1
1074,24,100,2,3,1,1,1,1,1,1,1,1
1075,24,100,2,3,1,1,1,1,1,1,1,1
1076,24,100,3,3,1,1,1,1,1,1,1,1
1077,24,100,3,3,1,1,1,1,1,1,1,1
1078,24,100,2,3,1,1,1,1,1,1,1,1
1079,23,100,2,3,0,0,0,0,0,0,0,0
1080,24,100,0,3,0,0,0,0,0,0,0,0
1081,24,100,3,3,0,0,0,0,0,0,0,0
1082,24,100,2,3,0,0,0,0,0,0,0,0
1083,26,95,1,3,0,0,0,0,0,0,0,0
1084,26,92,2,3,0,0,0,0,0,0,0,0
1085,28,84,3,3,0,0,0,0,0,0,0,0
1086,30,80,2,3,0,0,0,0,0,0,0,0
1087,31,75,2,3,0,0,0,0,0,0,0,0
1088,32,72,2,3,0,0,0,0,0,0,0,0
1089,32,69,2,3,0,0,0,0,0,0,0,0
1090,32,62,3,3,0,0,0,0,0,0,0,0
1091,32,58,3,3,0,0,0,0,0,0,0,0
1092,32,60,3,3,0,0,0,0,0,0,0,0
1093,33,59,3,3,0,0,0,0,0,0,0,0
1094,33,57,3,3,0,0,0,0,0,0,0,0
1095,33,65,2,3,0,0,0,0,0,0,0,0
1096,32,65,3,3,0,0,0,0,0,0,0,0
1097,34,68,4,3,0,0,0,0,0,0,0,0
1098,32,70,3,3,0,0,0,0,0,0,0,0
1099,32,68,4,3,0,0,0,0,0,0,0,0
1100,31,76,4,3,0,0,0,0,0,0,0,0
1101,29,81,4,3,0,0,0,0,0,0,0,0
1102,29,84,4,3,0,1,0,0,1,0,0,0
1103,28,89,4,3,1,1,1,1,1,1,1,1
1104,27,91,3,3,1,1,1,1,1,1,1,1
1105,27,92,4,4,1,1,1,1,1,1,1,1
1106,27,93,4,4,1,1,1,1,1,1,1,1
1107,27,95,4,4,1,1,1,1,1,1,1,1
1108,26,97,3,4,1,1,1,1,1,1,1,1
1109,26,98,4,4,1,1,1,1,1,1,1,1
1110,26,99,3,4,1,1,1,1,1,1,1,1
1111,25,100,3,3,1,1,1,1,1,1,1,1
1112,25,100,3,3,1,1,1,1,1,1,1,1
1113,25,100,2,3,1,1,1,1,1,1,1,1
1114,25,100,2,3,1,1,1,1,1,1,1,1
1115,25,100,2,3,1,1,1,1,1,1,1,1
1116,25,100,2,3,1,1,1,1,1,1,1,1
1117,25,100,2,3,1,1,1,1,1,1,1,1
1118,25,100,2,3,1,1,1,1,1,1,1,1
1119,25,100,2,3,1,1,1,1,1,1,1,1
1120,25,100,2,3,1,1,1,1,1,1,1,1
1121,25,100,2,3,1,1,1,1,1,1,1,1
1122,25,100,2,3,1,1,1,1,1,1,1,1
1123,25,100,0,3,1,1,1,1,1,1,1,1
1124,25,100,1,3,0,0,0,0,0,0,0,0
1125,25,100,2,3,0,0,0,0,0,0,0,0
1126,25,100,1,3,0,0,0,0,0,0,0,0
1127,25,100,0,3,0,0,0,0,0,0,0,0
1128,25,100,0,3,0,0,0,0,0,0,0,0
1129,26,98,1,3,0,0,0,0,0,0,0,0
1130,28,89,0,3,0,0,0,0,0,0,0,0
1131,29,79,0,3,0,0,0,0,0,0,0,0
1132,30,76,2,3,0,0,0,0,0,0,0,0
1133,31,76,2,3,0,0,0,0,0,0,0,0
1134,31,71,2,3,0,0,0,0,0,0,0,0
1135,32,64,2,3,0,0,0,0,0,0,0,0
1136,32,66,2,3,0,0,0,0,0,0,0,0
1137,32,62,2,3,0,0,0,0,0,0,0,0
1138,32,63,2,3,0,0,0,0,0,0,0,0
1139,32,60,3,3,0,0,0,0,0,0,0,0
1140,32,61,2,3,0,0,0,0,0,0,0,0
1141,32,63,2,3,0,0,0,0,0,0,0,0
1142,31,66,2,3,0,0,0,0,0,0,0,0
1143,32,63,3,3,0,0,0,0,0,0,0,0
1144,31,66,2,3,0,0,0,0,0,0,0,0
1145,31,66,2,3,0,0,0,0,0,0,0,0
1146,31,67,3,3,0,0,0,0,0,0,0,0
1147,30,65,3,3,0,0,0,0,0,0,0,0
1148,30,67,2,3,0,0,0,0,0,0,0,0
1149,29,65,4,3,1,1,1,1,1,1,1,1
1150,28,66,3,3,1,1,1,1,1,1,1,1
1151,28,69,3,3,1,1,1,1,1,1,1,1
1152,28,69,3,3,1,1,1,1,1,1,1,1
1153,28,70,3,3,1,1,1,1,1,1,1,1
1154,27,72,2,3,1,1,1,1,1,1,1,1
1155,27,74,2,3,1,1,1,1,1,1,1,1
1156,27,78,2,3,1,1,1,1,1,1,1,1
1157,26,79,2,3,1,1,1,1,1,1,1,1
1158,26,82,2,3,1,1,1,1,1,1,1,1
1159,25,84,2,3,1,1,1,1,1,1,1,1
1160,25,85,1,3,1,1,1,1,1,1,1,1
1161,25,85,1,3,1,1,1,1,1,1,1,1
1162,25,83,2,3,1,1,1,1,1,1,1,1
1163,25,81,3,3,1,1,1,1,1,1,1,1
1164,25,83,2,3,1,1,1,1,1,1,1,1
1165,25,82,1,3,1,1,1,1,1,1,1,1
1166,24,84,0,3,1,1,1,1,1,1,1,1
1167,25,80,2,3,1,1,1,1,1,1,1,1
1168,22,93,2,3,1,1,1,1,1,1,1,1
1169,22,94,2,3,1,1,1,1,1,1,1,1
1170,22,94,2,4,1,1,1,1,1,1,1,1
1171,22,95,3,4,0,0,0,0,0,0,0,0
1172,23,92,3,4,0,0,0,0,0,0,0,0
1173,23,87,0,4,0,0,0,0,0,0,0,0
1174,24,85,0,4,0,0,0,0,0,0,0,0
1175,25,78,0,4,0,0,0,0,0,0,0,0
1176,28,68,1,4,0,0,0,0,0,0,0,0
1177,29,66,2,4,0,0,0,0,0,0,0,0
1178,29,65,2,4,0,0,0,0,0,0,0,0
1179,30,64,1,4,0,0,0,0,0,0,0,0
1180,30,60,1,1,0,0,0,0,0,0,0,0
1181,31,61,1,1,0,0,0,0,0,0,0,0
1182,31,64,2,3,0,0,0,0,0,0,0,0
1183,31,62,2,3,0,0,0,0,0,0,0,0
1184,31,63,2,3,0,0,0,0,0,0,0,0
1185,30,66,2,3,0,0,0,0,0,0,0,0
1186,31,65,1,3,0,0,0,0,0,0,0,0
1187,30,67,2,3,0,0,0,0,0,0,0,0
1188,31,65,2,3,0,0,0,0,0,0,0,0
1189,31,66,2,3,0,0,0,0,0,0,0,0
1190,31,66,2,3,0,0,0,0,0,0,0,0
1191,30,67,4,3,0,0,0,0,0,0,0,0
1192,30,70,3,3,0,0,0,0,0,0,0,0
1193,30,71,3,3,0,0,0,0,0,0,0,0
1194,29,73,3,3,0,0,0,0,0,0,0,0
1195,29,74,3,3,0,0,0,0,0,0,0,0
1196,29,76,3,3,1,1,1,1,1,1,1,1
1197,28,79,3,3,1,1,1,1,1,1,1,1
1198,28,77,3,1,1,1,1,1,1,1,1,1
1199,27,78,2,1,1,1,1,1,1,1,1,1
1200,27,78,2,1,1,1,1,1,1,1,1,1
1201,27,79,2,1,1,1,1,1,1,1,1,1
1202,27,84,2,1,1,1,1,1,1,1,1,1
1203,27,85,2,1,1,1,1,1,1,1,1,1
1204,26,88,2,1,1,1,1,1,1,1,1,1
1205,26,92,2,1,1,1,1,1,1,1,1,1
1206,26,93,2,1,1,1,1,1,1,1,1,1
1207,26,93,3,1,1,1,1,1,1,1,1,1
1208,25,100,3,0,1,1,1,1,1,1,1,1
1209,25,99,2,0,1,1,1,1,1,1,1,1
1210,25,100,2,1,1,1,1,1,1,1,1,1
1211,25,100,2,1,1,1,1,1,1,1,1,1
1212,25,100,2,1,1,1,1,1,1,1,1,1
1213,25,100,3,1,1,1,1,1,1,1,1,1
1214,25,100,2,1,1,1,1,1,1,1,1,1
1215,25,100,2,1,1,1,1,1,1,1,1,1
1216,25,100,2,1,1,1,1,1,1,1,1,1
1217,25,100,3,3,1,1,1,1,1,1,1,1
1218,25,100,2,3,0,0,0,1,0,0,0,0
1219,25,100,2,3,0,0,0,0,0,0,0,0
1220,25,100,1,3,0,0,0,0,0,0,0,0
1221,25,99,2,3,0,0,0,0,0,0,0,0
1222,26,95,2,3,0,0,0,0,0,0,0,0
1223,28,86,2,3,0,0,0,0,0,0,0,0
1224,28,82,3,3,0,0,0,0,0,0,0,0
1225,28,84,2,3,0,0,0,0,0,0,0,0
1226,29,79,3,3,0,0,0,0,0,0,0,0
1227,29,76,3,1,0,0,0,0,0,0,0,0
1228,29,75,3,1,0,0,0,0,0,0,0,0
1229,29,72,4,1,0,0,0,0,0,0,0,0
1230,31,66,4,1,0,0,0,0,0,0,0,0
1231,29,72,3,1,0,0,0,0,0,0,0,0
1232,27,83,4,0,0,0,0,0,0,0,0,0
1233,28,78,5,0,0,0,0,0,0,0,0,0
1234,26,87,3,0,0,0,0,0,0,0,0,0
1235,26,91,3,0,0,0,0,0,0,0,0,0
1236,27,83,3,1,0,0,0,0,0,0,0,0
1237,28,81,3,1,0,0,0,0,0,0,0,0
1238,28,76,3,1,0,0,0,0,0,0,0,0
1239,29,65,3,3,0,0,0,0,0,0,0,0
1240,29,65,3,3,0,0,0,0,0,0,0,0
1241,27,79,3,1,0,0,0,0,0,0,0,0
1242,27,80,4,1,0,0,0,0,0,0,0,0
1243,26,82,4,1,1,1,1,1,1,1,1,1
1244,26,84,3,1,1,1,1,1,1,1,1,1
1245,26,87,3,1,1,1,1,1,1,1,1,1
1246,25,87,3,1,1,1,1,1,1,1,1,1
1247,25,89,4,1,1,1,1,1,1,1,1,1
1248,25,91,4,1,1,1,1,1,1,1,1,1
1249,25,93,3,1,1,1,1,1,1,1,1,1
1250,25,94,3,1,1,1,1,1,1,1,1,1
1251,25,92,3,3,1,1,1,1,1,1,1,1
1252,25,92,2,3,1,1,1,1,1,1,1,1
1253,24,93,2,3,1,1,1,1,1,1,1,1
1254,24,93,2,3,1,1,1,1,1,1,1,1
1255,24,92,2,3,1,1,1,1,1,1,1,1
1256,24,93,2,3,1,1,1,1,1,1,1,1
1257,24,94,2,3,1,1,1,1,1,1,1,1
1258,24,95,2,3,1,1,1,1,1,1,1,1
1259,24,96,1,3,1,1,1,1,1,1,1,1
1260,24,100,2,0,1,1,1,1,1,1,1,1
1261,24,100,2,0,1,1,1,1,1,1,1,1
1262,24,100,2,0,1,1,1,1,1,1,1,1
1263,23,100,2,0,1,1,1,1,1,1,1,1
1264,23,100,2,0,1,1,1,1,1,1,1,1
1265,23,100,1,3,0,0,0,0,0,0,0,0
1266,24,100,2,3,0,0,0,0,0,0,0,0
1267,24,100,1,3,0,0,0,0,0,0,0,0
1268,25,100,2,3,0,0,0,0,0,0,0,0
1269,25,99,2,3,0,0,0,0,0,0,0,0
1270,26,95,2,3,0,0,0,0,0,0,0,0
1271,26,95,2,3,0,0,0,0,0,0,0,0
1272,27,91,2,3,0,0,0,0,0,0,0,0
1273,28,86,3,3,0,0,0,0,0,0,0,0
1274,28,82,3,3,0,0,0,0,0,0,0,0
1275,29,78,3,3,0,0,0,0,0,0,0,0
1276,28,81,4,3,0,0,0,0,0,0,0,0
1277,28,83,3,3,0,0,0,0,0,0,0,0
1278,29,82,3,3,0,0,0,0,0,0,0,0
1279,29,82,3,3,0,0,0,0,0,0,0,0
1280,28,84,3,3,0,0,0,0,0,0,0,0
1281,28,81,4,3,0,0,0,0,0,0,0,0
1282,30,80,3,3,0,0,0,0,0,0,0,0
1283,29,77,4,3,0,0,0,0,0,0,0,0
1284,29,77,5,3,0,0,0,0,0,0,0,0
1285,28,82,4,3,0,0,0,0,0,0,0,0
1286,28,83,4,3,0,0,0,0,0,0,0,0
1287,27,85,4,3,0,0,0,0,0,0,0,0
1288,26,95,2,0,0,0,0,0,0,0,0,0
1289,26,93,3,0,0,0,0,0,0,0,0,0
1290,26,93,2,0,1,1,1,1,1,1,1,1
1291,26,93,3,3,1,1,1,1,1,1,1,1
1292,26,92,3,3,1,1,1,1,1,1,1,1
1293,25,91,3,3,1,1,1,1,1,1,1,1
1294,25,90,3,3,1,1,1,1,1,1,1,1
1295,25,87,3,3,1,1,1,1,1,1,1,1
1296,25,85,3,3,1,1,1,1,1,1,1,1
1297,25,84,3,3,1,1,1,1,1,1,1,1
1298,25,85,2,3,1,1,1,1,1,1,1,1
1299,25,94,2,3,1,1,1,1,1,1,1,1
1300,25,96,2,3,1,1,1,1,1,1,1,1
1301,25,97,2,3,1,1,1,1,1,1,1,1
1302,25,98,2,3,1,1,1,1,1,1,1,1
1303,25,100,2,3,1,1,1,1,1,1,1,1
1304,25,100,1,3,1,1,1,1,1,1,1,1
1305,25,100,2,3,1,1,1,1,1,1,1,1
1306,24,100,2,3,1,1,1,1,1,1,1,1
1307,25,100,2,3,1,1,1,1,1,1,1,1
1308,24,100,2,3,1,1,1,1,1,1,1,1
1309,24,100,2,3,1,1,1,1,1,1,1,1
1310,24,100,2,3,1,1,1,1,1,1,1,1
1311,24,100,1,1,1,1,1,1,1,1,1,1
1312,24,100,2,1,0,0,0,0,0,0,0,0
1313,24,100,1,1,0,0,0,0,0,0,0,0
1314,24,100,2,1,0,0,0,0,0,0,0,0
1315,25,100,2,1,0,0,0,0,0,0,0,0
1316,26,95,2,1,0,0,0,0,0,0,0,0
1317,28,84,2,1,0,0,0,0,0,0,0,0
1318,29,77,2,1,0,0,0,0,0,0,0,0
1319,29,74,3,1,0,0,0,0,0,0,0,0
1320,29,78,2,1,0,0,0,0,0,0,0,0
1321,29,74,2,1,0,0,0,0,0,0,0,0
1322,30,74,3,3,0,0,0,0,0,0,0,0
1323,30,66,3,1,0,0,0,0,0,0,0,0
1324,30,68,2,1,0,0,0,0,0,0,0,0
1325,30,69,2,1,0,0,0,0,0,0,0,0
1326,30,68,2,3,0,0,0,0,0,0,0,0
1327,30,70,2,1,0,0,0,0,0,0,0,0
1328,30,73,2,1,0,0,0,0,0,0,0,0
1329,30,77,2,1,0,0,0,0,0,0,0,0
1330,30,76,2,1,0,0,0,0,0,0,0,0
1331,30,77,2,3,0,0,0,0,0,0,0,0
1332,31,77,3,3,0,0,0,0,0,0,0,0
1333,28,85,3,3,0,0,0,0,0,0,0,0
1334,28,88,3,3,0,0,0,0,0,0,0,0
1335,27,91,4,3,1,1,1,1,1,1,1,1
1336,27,92,3,3,1,1,1,1,1,1,1,1
1337,26,94,3,3,1,1,1,1,1,1,1,1
1338,26,95,2,3,1,1,1,1,1,1,1,1
1339,26,96,3,3,1,1,1,1,1,1,1,1
1340,26,97,3,3,1,1,1,1,1,1,1,1
1341,26,96,3,3,1,1,1,1,1,1,1,1
1342,26,96,3,3,1,1,1,1,1,1,1,1
1343,26,97,2,0,1,1,1,1,1,1,1,1
1344,25,99,3,0,1,1,1,1,1,1,1,1
1345,25,100,2,0,1,1,1,1,1,1,1,1
1346,25,100,2,0,1,1,1,1,1,1,1,1
1347,25,100,1,0,1,1,1,1,1,1,1,1
1348,25,100,2,1,1,1,1,1,1,1,1,1
1349,24,96,1,1,1,1,1,1,1,1,1,1
1350,23,100,1,0,1,1,1,1,1,1,1,1
1351,22,100,2,0,1,1,1,1,1,1,1,1
1352,22,100,2,1,1,1,1,1,1,1,1,1
1353,22,100,2,1,1,1,1,1,1,1,1,1
1354,22,100,2,0,1,1,1,1,1,1,1,1
1355,22,100,2,0,1,1,1,1,1,1,1,1
1356,22,100,2,0,1,1,1,1,1,1,1,1
1357,22,100,2,1,0,0,0,0,0,0,0,0
1358,21,100,2,1,0,0,0,0,0,0,0,0
1359,21,100,3,1,0,0,0,0,0,0,0,0
1360,21,100,2,1,0,0,0,0,0,0,0,0
1361,22,95,1,1,0,0,0,0,0,0,0,0
1362,22,92,2,1,0,0,0,0,0,0,0,0
1363,22,92,2,1,0,0,0,0,0,0,0,0
1364,22,91,2,0,0,0,0,0,0,0,0,0
1365,23,86,2,0,0,0,0,0,0,0,0,0
1366,25,75,2,0,0,0,0,0,0,0,0,0
1367,25,78,1,0,0,0,0,0,0,0,0,0
1368,25,78,2,0,0,0,0,0,0,0,0,0
1369,26,72,2,0,0,0,0,0,0,0,0,0
1370,25,77,2,1,0,0,0,0,0,0,0,0
1371,25,78,2,1,0,0,0,0,0,0,0,0
1372,25,78,3,1,0,0,0,0,0,0,0,0
1373,23,83,3,1,0,0,0,0,0,0,0,0
1374,22,83,3,1,0,0,0,0,0,0,0,0
1375,22,87,3,1,0,0,0,0,0,0,0,0
1376,22,86,3,3,0,0,0,0,0,0,0,0
1377,22,87,3,3,0,0,0,0,0,0,0,0
1378,21,91,2,3,0,0,0,0,0,0,0,0
1379,20,96,2,0,0,0,0,0,0,0,0,0
1380,20,94,2,3,1,1,1,1,1,1,1,1
1381,20,95,3,3,1,1,1,1,1,1,1,1
1382,20,94,2,3,1,1,1,1,1,1,1,1
1383,20,93,2,3,1,1,1,1,1,1,1,1
1384,20,92,2,3,1,1,1,1,1,1,1,1
1385,20,91,1,3,1,1,1,1,1,1,1,1
1386,20,89,2,3,1,1,1,1,1,1,1,1
1387,20,86,0,3,1,1,1,1,1,1,1,1
1388,20,84,0,3,1,1,1,1,1,1,1,1
